Date,Sample ID,Site,Stratum,Water/Sed  Temp,Salinity,pH temp,pH,Field Alkalinity,Lab Alkalinity,Alk,DIC ,Notes,,pH (DIC/Alk),pCO2 (DIC/Alk),Omega_Ar (DIC/Alk),,pH (pH/Alk),pCO2 (pH/Alk),Omega_Ar (pH/Alk),,pH (pH/DIC),pCO2 (pH/DIC),Omega_Ar (pH/DIC),,pH,pCO2,Omega Ar
7/29/21,,Barnstable Harbor,Bottom water,23.3,31.70,19.6,7.660,,2035.40,2035.40,1901.07,,,7.774,755.9,1.74,,7.606,1162.0,1.24,,7.606,1127.5,1.20,,7.606,755.9,1.74
8/11/21,,Barnstable Harbor,Bottom water,23.3,31.55,22.6,7.737,,2010.14,2010.14,1966.14,,,7.505,1478.3,0.98,,7.727,844.2,1.56,,7.727,876.1,1.62,,7.727,876.1,1.62
11/4/21,,Barnstable Harbor,Bottom water,11.7,29.90,20.7,7.539,,2050.36,2050.36,1973.96,,,7.797,705.0,1.12,,7.666,976.0,0.85,,7.666,957.9,0.83,,7.797,705.0,1.12
12/2/21,,Barnstable Harbor,Bottom water,7.3,30.40,20.8,7.835,,2114.99,2114.99,2039.08,,,7.853,613.1,1.10,,8.049,373.0,1.64,,8.049,385.0,1.70,,8.049,385.0,1.70
3/1/22,,Barnstable Harbor,Bottom water,1.6,30.10,3.2,8.182,,2132.95,2132.95,2014.34,NBS scale,,8.085,330.9,1.41,,8.206,311.5,1.47,,8.206,312.7,1.48,,8.206,312.7,1.48
4/20/22,,Barnstable Harbor,Bottom water,8.7,31.26,22.2,7.762,,2077.26,2077.26,1978.36,,,7.898,539.7,1.27,,7.972,447.3,1.48,,7.972,452.8,1.50,,7.972,452.8,1.50
6/16/22,,Barnstable Harbor,Bottom water,18.3,32.34,19.3,7.933,,2108.41,2108.41,1999.33,,,7.765,795.4,1.47,,7.949,492.3,2.13,,7.949,510.5,2.20,,7.949,510.5,2.20
7/13/22,106,Barnstable Harbor,Bottom water,21.9,32.74,24.5,7.708,,2116.25,2116.25,2110.39,,,7.386,2064.5,0.77,,7.747,839.0,1.65,,7.747,888.7,1.75,,7.747,888.7,1.75
8/16/22,841,Barnstable Harbor,Bottom water,21.1,32.86,26.9,7.580,2125.10,,2125.10,2077.14,,,7.532,1446.1,1.03,,7.663,1040.9,1.36,,7.663,1062.8,1.39,,7.663,1040.9,1.36
10/27/22,238,Barnstable Harbor,Bottom water,16.1,31.01,16.3,7.733,2163.51,,2163.51,2030.06,,,7.876,615.7,1.70,,7.736,879.5,1.27,,7.736,858.8,1.24,,7.736,879.5,1.27
11/5/22,263,Barnstable Harbor,Bottom water,16.5,31.45,18.7,7.942,2132.92,,2132.92,1976.96,,,7.926,531.4,1.89,,7.977,464.8,2.09,,7.977,469.7,2.12,,7.977,464.8,2.09
12/6/22,323,Barnstable Harbor,Bottom water,8.4,31.74,10.3,8.141,2208.49,,2208.49,2004.78,,,8.157,292.2,2.27,,8.173,279.7,2.34,,8.173,280.7,2.35,,8.173,279.7,2.34
1/19/23,338,Barnstable Harbor,Bottom water,4.3,28.87,7.7,7.966,2075.33,,2075.33,1957.99,,,8.058,355.2,1.41,,8.022,389.2,1.31,,8.022,386.9,1.30,,8.022,389.2,1.31
2/23/23,385,Barnstable Harbor,Bottom water,4.5,30.48,4.8,8.053,2078.24,,2078.24,1985.67,,,7.955,456.7,1.19,,8.058,351.7,1.47,,8.058,357.7,1.49,,8.058,351.7,1.47
3/21/23,408,Barnstable Harbor,Bottom water,4.5,30.84,13.0,7.732,2062.11,,2062.11,,955.84,,,,,,7.863,569.9,0.98,,,,,,7.863,569.9,0.98
4/21/23,460,Barnstable Harbor,Bottom water,10.4,31.14,10.6,7.918,2188.79,,2188.79,2054.66,,,7.964,486.4,1.64,,7.921,542.7,1.51,,7.921,538.6,1.49,,7.921,542.7,1.51
5/9/23,474,Barnstable Harbor,Bottom water,14.8,31.22,15.9,8.071,2156.26,,2156.26,,,,,,,,8.089,348.0,2.45,,,,,,8.089,348.0,2.45
8/10/21,,Cockle Cove,Bottom water,22.8,31.61,22.5,7.644,,2028.70,2028.70,2006.22,,,7.438,1755.3,0.84,,7.640,1063.0,1.29,,7.640,1096.8,1.34,,7.640,1096.8,1.34
11/5/21,,Cockle Cove,Bottom water,11.5,31.30,20.8,7.946,,2113.04,2113.04,1945.52,,,8.039,386.5,1.93,,8.095,333.4,2.15,,8.095,337.4,2.18,,8.095,337.4,2.18
12/3/21,,Cockle Cove,Bottom water,5.7,29.60,19.9,7.720,,2007.12,2007.12,1999.51,,,7.636,982.6,0.60,,7.938,466.7,1.14,,7.939,486.0,1.19,,7.938,486.0,1.19
3/4/22,,Cockle Cove,Bottom water,0.1,31.30,-1.9,8.126,,2224.38,2224.38,2063.27,NBS scale,,8.202,250.1,1.79,,8.096,416.4,1.19,,8.096,402.7,1.15,,8.096,402.7,1.15
4/20/22,,Cockle Cove,Bottom water,9.6,31.51,21.8,7.723,,2108.03,2108.03,2035.22,,,7.795,713.1,1.09,,7.910,533.7,1.38,,7.910,543.3,1.41,,7.910,543.3,1.41
6/14/22,,Cockle Cove,Bottom water,20.7,32.19,20.8,7.909,,,,2414.02,NBS scale,,,,,,,,,,7.910,937.4,2.03,,7.910,937.4,2.03
7/15/22,132,Cockle Cove,Bottom water,24.8,32.59,22.8,8.061,,2052.3,2052.3,1874.89,,,7.846,626.1,2.17,,8.030,377.9,3.06,,8.030,396.5,3.20,,8.030,396.5,3.20
8/13/22,806,Cockle Cove,Bottom water,21.9,32.78,20.6,7.959,2125.80,,2125.80,1954.49,,,7.864,620.0,2.10,,7.939,507.4,2.42,,7.939,516.2,2.46,,7.939,516.2,2.46
10/28/22,243,Cockle Cove,Bottom water,12.4,31.53,6.4,7.983,2533.77,,,1980.45,,,8.586,96.4,6.20,,7.886,694.0,1.77,,7.887,571.1,1.46,,7.886,571.1,1.46
11/8/22,282,Cockle Cove,Bottom water,12.7,29.89,8.3,7.714,2033.40,,2033.40,2051.96,,,7.441,1681.5,0.54,,7.650,1013.1,0.85,,7.650,1042.1,0.87,,7.650,1042.1,0.87
12/7/22,328,Cockle Cove,Bottom water,9.6,31.38,11.8,8.037,2185.40,,2185.40,2035.89,,,8.015,423.3,1.77,,8.073,363.4,1.99,,8.073,367.6,2.01,,8.073,363.4,1.99
1/18/23,333,Cockle Cove,Bottom water,7.9,32.08,10.8,8.064,2198.91,,2198.91,1933.53,,,8.288,202.2,2.85,,8.112,326.1,2.04,,8.112,312.7,1.96,,8.112,326.1,2.04
2/22/23,380,Cockle Cove,Bottom water,4.2,30.90,4.6,8.031,2080.71,,2080.71,2045.77,,,7.751,754.8,0.77,,8.038,369.2,1.41,,8.038,385.1,1.47,,8.038,369.2,1.41
3/22/23,413,Cockle Cove,Bottom water,5.1,30.84,13.5,7.888,2234.61,,2234.61,2041.28,,,8.198,263.3,2.16,,8.024,414.1,1.52,,8.024,400.8,1.47,,8.024,414.1,1.52
4/20/23,450,Cockle Cove,Bottom water,9.2,30.54,13.2,7.685,2285.52,,2285.52,2072.04,,,8.169,296.0,2.43,,7.744,880.0,1.02,,7.744,817.7,0.95,,7.744,880.0,1.02
5/11/23,488,Cockle Cove,Bottom water,17,31.99,18.7,8.099,2224.69,,2224.69,,,,,,,,8.126,321.8,2.98,,,,,,8.126,321.8,2.98
9/7/21,,East Dennis,Bottom water,21.0,30.50,21.5,7.866,,1998.31,1998.31,1854.80,,,7.853,609.3,1.80,,7.874,577.2,1.87,,7.874,579.6,1.88,,7.874,579.6,1.88
10/10/21,,East Dennis,Bottom water,16.5,30.80,21.8,7.815,,2081.64,2081.64,1935.12,,,7.916,534.2,1.79,,7.896,563.4,1.72,,7.896,561.2,1.71,,7.896,561.2,1.71
11/2/21,,East Dennis,Bottom water,13.5,30.70,20.4,7.592,,2077.79,2077.79,1956.23,,,7.897,556.4,1.53,,7.692,932.8,1.00,,7.692,902.9,0.96,,7.897,556.4,1.53
3/3/22,,East Dennis,Bottom water,3.8,31.60,2.2,8.130,,2174.89,2174.89,2019.17,NBS scale,,8.126,305.1,1.75,,8.106,414.7,1.38,,8.106,406.1,1.35,,8.106,406.1,1.35
4/18/22,,East Dennis,Bottom water,10.8,32.28,22.5,8.087,,2378.52,2378.52,2094.92,,,8.242,250.1,3.16,,8.278,225.8,3.38,,8.278,228.0,3.41,,8.278,228.0,3.41
5/17/22,,East Dennis,Bottom water,14.3,32.12,22.1,7.733,,2295.25,2295.25,2031.35,,,8.162,301.1,2.99,,7.852,687.4,1.63,,7.851,643.4,1.52,,7.852,643.4,1.52
6/17/22,,East Dennis,Bottom water,18.7,32.31,20.2,7.987,,2109.71,2109.71,1977.58,,,7.822,686.8,1.68,,8.011,417.0,2.43,,8.011,434.2,2.53,,7.822,686.8,1.68
6/29/22,,East Dennis,Bottom water,18.5,32.01,18.3,7.627,,2341.01,2341.01,2304.90,,,7.534,1578.7,1.01,,7.624,1263.8,1.22,,7.624,1280.4,1.24,,7.624,1280.4,1.24
7/18/22,142,East Dennis,Bottom water,24.9,31.91,28.9,7.864,,1995.5,1995.5,1939.29,,,7.520,1413.7,1.08,,7.925,493.8,2.44,,7.925,534.9,2.64,,7.925,534.9,2.64
8/14/22,823,East Dennis,Bottom water,20.0,30.08,20.7,7.986,2179.30,,2179.30,2060.66,,,7.786,793.9,1.64,,7.997,455.7,2.48,,7.997,475.7,2.59,,7.997,455.7,2.48
10/26/22,233,East Dennis,Bottom water,16.7,32.49,16.7,7.996,2168.29,,2168.29,2017.24,,,7.894,584.3,1.85,,7.996,445.7,2.26,,7.996,455.5,2.31,,7.996,445.7,2.26
11/7/22,277,East Dennis,Bottom water,17.5,32.95,17.5,7.999,2204.42,,2204.42,1997.01,,,8.001,446.0,2.41,,7.999,448.4,2.40,,7.999,448.2,2.40,,7.999,448.4,2.40
12/3/22,304,East Dennis,Bottom water,9.4,31.93,13.2,8.011,2264.58,,2264.58,2025.86,,,8.203,265.0,2.64,,8.073,375.1,2.06,,8.073,364.3,2.00,,8.073,375.1,2.06
1/22/23,361,East Dennis,Bottom water,4.7,31.19,8.4,8.007,2141.44,,2141.44,2030.73,,,7.994,425.3,1.36,,8.068,351.9,1.58,,8.068,356.4,1.60,,8.068,351.9,1.58
2/16/23,366,East Dennis,Bottom water,8.7,31.35,15.1,8.058,2033.44,,2033.44,1983.00,,,7.737,790.2,0.89,,8.163,264.6,2.12,,8.164,285.2,2.29,,8.163,264.6,2.12
3/22/23,418,East Dennis,Bottom water,6.4,31.69,11.3,8.111,2169.06,,2169.06,1960.82,,,8.207,249.0,2.27,,8.193,258.2,2.21,,8.193,257.4,2.20,,8.193,258.2,2.21
4/20/23,455,East Dennis,Bottom water,11.2,30.58,7.8,8.042,2261.00,,2261.00,1997.62,,,8.239,243.0,2.95,,7.986,477.9,1.82,,7.986,451.7,1.72,,7.986,477.9,1.82
5/12/23,493,East Dennis,Bottom water,15.5,31.12,26.1,8.159,2032.15,,2032.15,,,,,,,,8.330,165.2,3.62,,,,,,8.330,165.2,3.62
7/26/21,,Eel Pond,Bottom water,23.8,31.50,20.4,7.580,,1939.36,1939.36,1831.83,,,7.705,862.8,1.47,,7.533,1330.6,1.03,,7.533,1292.5,1.00,,7.705,862.8,1.47
8/13/21,,Eel Pond,Bottom water,26.3,31.29,22.3,7.748,,1812.13,1812.13,1793.59,,,7.381,1817.7,0.76,,7.689,838.2,1.46,,7.689,883.0,1.54,,7.689,883.0,1.54
9/11/21,,Eel Pond,Bottom water,22.3,30.50,21.9,,,1856.17,1856.17,1807.48,,,7.551,1220.9,0.94,,,,,,,,,,7.551,1220.9,0.94
10/6/21,,Eel Pond,Bottom water,18.9,29.40,21.7,7.560,,1840.93,1840.93,1714.08,,,7.873,535.1,1.55,,7.599,1073.7,0.88,,7.598,1024.9,0.84,,7.873,535.1,1.55
11/8/21,,Eel Pond,Bottom water,11.7,30.50,21.1,7.557,,1980.07,1980.07,1910.92,,,7.770,725.2,1.03,,7.691,883.4,0.87,,7.691,873.3,0.86,,7.691,873.3,0.86
12/1/21,,Eel Pond,Bottom water,6.6,30.10,20.9,7.897,,2009.99,2009.99,1852.04,,,8.126,289.5,1.76,,8.127,288.6,1.76,,8.127,288.6,1.76,,8.127,288.6,1.76
3/2/22,,Eel Pond,Bottom water,3.9,29.90,3.3,8.147,,2065.08,2065.08,1900.66,NBS scale,,8.184,252.2,1.81,,8.138,370.0,1.35,,8.138,360.1,1.31,,8.138,360.1,1.31
4/18/22,,Eel Pond,Bottom water,10.2,31.39,21.7,7.769,,2087.13,2087.13,1984.28,,,7.884,566.3,1.33,,7.946,483.7,1.50,,7.946,488.8,1.52,,7.946,488.8,1.52
5/19/22,,Eel Pond,Bottom water,16.4,30.20,22.2,,,2074.77,2074.77,1987.85,,,7.755,809.0,1.27,,,,,,,,,,7.755,809.0,1.27
6/17/22,,Eel Pond,Bottom water,21.3,31.40,21.5,7.763,,2015.37,2015.37,1977.99,,,7.511,1453.6,0.92,,7.766,765.4,1.56,,7.766,798.0,1.63,,7.766,798.0,1.63
6/30/22,,Eel Pond,Bottom water,23.0,32.06,13.8,7.996,,2048.83,2048.83,1928.42,,,7.735,839.9,1.61,,7.852,618.7,2.04,,7.852,633.7,2.08,,7.852,633.7,2.08
7/15/22,126,Eel Pond,Bottom water,25.5,31.42,28.2,7.848,,1895.46,1895.46,1825.44,,,7.568,1195.4,1.15,,7.889,517.9,2.19,,7.889,552.4,2.34,,7.889,552.4,2.34
8/15/22,831,Eel Pond,Bottom water,23.9,32.80,27.9,7.814,2038.30,,2038.30,1918.44,,,7.713,881.0,1.61,,7.875,575.7,2.21,,7.875,595.5,2.29,,7.875,575.7,2.21
10/24/22,215,Eel Pond,Bottom water,16.1,31.75,16.4,7.925,2032.84,,2032.84,1884.68,,,7.921,511.1,1.77,,7.930,499.5,1.80,,7.930,500.4,1.80,,7.930,499.5,1.80
11/6/22,268,Eel Pond,Bottom water,17.3,32.29,18.4,7.932,1974.02,,1974.02,1861.24,,,7.804,670.6,1.43,,7.949,459.2,1.91,,7.949,472.7,1.97,,7.949,459.2,1.91
12/5/22,318,Eel Pond,Bottom water,8.1,31.28,7.6,8.022,2097.77,,2097.77,1991.08,,,7.930,501.5,1.34,,8.014,404.5,1.59,,8.014,410.4,1.61,,8.014,404.5,1.59
1/20/23,343,Eel Pond,Bottom water,4.5,29.80,7.1,8.010,1946.97,,1946.97,1893.92,,,7.832,583.8,0.85,,8.053,334.9,1.34,,8.053,346.4,1.39,,8.053,334.9,1.34
2/24/23,390,Eel Pond,Bottom water,5,30.20,11.9,7.960,1970.17,,1970.17,1983.78,,,7.555,1160.5,0.48,,8.073,322.2,1.46,,8.073,346.7,1.57,,8.073,322.2,1.46
3/23/23,423,Eel Pond,Bottom water,7.6,29.51,18.8,7.888,2061.87,,2061.87,1945.26,,,7.994,422.3,1.42,,8.067,349.4,1.65,,8.067,354.0,1.67,,8.067,349.4,1.65
4/19/23,441,Eel Pond,Bottom water,12.7,31.50,15.1,7.926,2204.25,,2204.25,1990.89,,,8.110,334.9,2.42,,7.964,492.6,1.82,,7.964,477.6,1.77,,7.964,492.6,1.82
5/8/23,465,Eel Pond,Bottom water,15.2,30.59,22.7,7.848,2176.99,,2176.99,,,,,,,,7.965,492.0,1.96,,,,,,7.965,492.0,1.96
4/21/22,,Provincetown,Bottom water,15.2,32.91,22.4,8.155,,2208.29,2208.29,1887.32,,,8.252,222.5,3.51,,8.272,210.2,3.63,,8.272,211.5,3.65,,8.252,222.5,3.51
5/18/22,,Provincetown,Bottom water,12.6,31.96,22.0,,,2163.10,2163.10,2025.52,,,7.931,525.5,1.68,,,,,,,,,,7.931,525.5,1.68
6/15/22,,Provincetown,Bottom water,18.6,32.57,19.1,8.038,,,,2428.93,NBS scale,,,,,,,,,,8.045,667.2,2.55,,8.045,667.2,2.55
7/1/22,,Provincetown,Bottom water,21.7,32.67,11.1,8.174,,2141.00,2141.00,1932.26,,,7.950,496.3,2.47,,8.003,429.8,2.72,,8.002,435.7,2.76,,8.003,435.7,2.76
7/14/22,116,Provincetown,Bottom water,21.7,32.95,23.1,7.914,,2153.9,2153.9,2020.98,,,7.767,809.4,1.74,,7.936,518.0,2.43,,7.936,537.0,2.52,,7.936,537.0,2.52
8/14/22,812,Provincetown,Bottom water,16.6,32.99,20.9,7.750,2262.10,,2262.10,2173.42,,,7.712,967.9,1.34,,7.815,744.9,1.66,,7.815,757.9,1.69,,7.815,744.9,1.66
10/25/22,224,Provincetown,Bottom water,16.4,32.77,16.9,8.250,2104.23,,2104.23,1866.01,,,8.100,325.2,2.65,,8.258,207.4,3.50,,8.258,217.4,3.67,,8.258,207.4,3.50
11/4/22,254,Provincetown,Bottom water,16.9,32.35,17.6,8.103,2217.34,,2217.34,1944.43,,,8.146,303.0,3.08,,8.114,330.7,2.91,,8.114,327.9,2.88,,8.114,330.7,2.91
12/4/22,309,Provincetown,Bottom water,8.2,31.91,4.2,8.397,2216.85,,2216.85,1999.39,,,8.186,270.2,2.40,,8.327,183.1,3.11,,8.327,190.0,3.22,,8.327,183.1,3.11
1/21/23,352,Provincetown,Bottom water,4.4,32.32,5.8,7.868,2839.09,,,2628.56,,,8.156,370.5,2.54,,7.891,729.6,1.47,,7.891,698.8,1.41,,8.156,370.5,2.54
2/21/23,371,Provincetown,Bottom water,4.5,30.99,7.5,8.115,2194.62,,2194.62,1950.43,,,8.321,184.5,2.62,,8.166,279.9,1.95,,8.166,270.3,1.88,,8.166,279.9,1.95
3/20/23,399,Provincetown,Bottom water,6.4,31.79,14.1,8.036,2242.16,,2242.16,2023.66,,,8.217,250.3,2.40,,8.164,288.8,2.16,,8.164,285.4,2.14,,8.164,288.8,2.16
4/17/23,432,Provincetown,Bottom water,12.5,31.40,13.9,8.040,2184.79,,2184.79,1942.52,,,8.177,276.4,2.70,,8.063,376.6,2.18,,8.063,366.5,2.12,,8.063,376.6,2.18
5/10/23,479,Provincetown,Bottom water,14.4,31.68,19.2,8.104,2314.44,,2314.44,,,,,,,,8.182,288.5,3.12,,,,,,8.182,288.5,3.12
7/29/21,,Barnstable Harbor,2cm,,31.70,19.6,7.540,,1911.34,,1849.20,,,,,,,,,,,,,,,,,
8/11/21,,Barnstable Harbor,2cm,,31.55,20.8,7.161,,2029.46,,2166.64,,,,,,,,,,,,,,,,,
11/4/21,,Barnstable Harbor,2cm,,29.90,21.1,7.181,,2303.63,,2422.50,,,,,,,,,,,,,,,,,
12/2/21,,Barnstable Harbor,2cm,,30.40,13.3,8.000,,2066.94,,2022.69,NBS Scale,,,,,,,,,,,,,,,,
3/1/22,,Barnstable Harbor,2cm,,30.10,3.2,8.052,,2126.19,,2015.91,NBS scale,,,,,,,,,,,,,,,,
7/13/22,101,Barnstable Harbor,2cm,,32.74,24.6,7.119,,,,4441.39,,,,,,,,,,,,,,,,,
8/16/22,836,Barnstable Harbor,2cm,21.1,32.86,24.8,7.336,2078.80,,,2133.51,,,,,,,7.383,2037.7,0.73,,,,,,,,
10/27/22,234,Barnstable Harbor,2cm,16.1,31.01,16.3,7.383,2232.70,,,2256.16,,,,,,,7.386,2143.7,0.62,,,,,,,,
11/5/22,259,Barnstable Harbor,2cm,16.5,31.45,19.6,7.876,1875.93,,,2003.50,,,,,,,7.924,468.1,1.65,,,,,,,,
12/6/22,319,Barnstable Harbor,2cm,8.4,31.74,10.6,7.939,2221.57,,,2061.10,,,,,,,7.975,473.8,1.59,,,,,,,,
1/19/23,334,Barnstable Harbor,2cm,4.3,28.87,9.3,7.655,2786.56,,,2502.80,,,,,,,7.728,1084.7,0.94,,,,,,,,
2/23/23,381,Barnstable Harbor,2cm,4.5,30.48,5.1,8.019,1932.48,,,2044.85,,,,,,,8.029,351.8,1.29,,,,,,,,
3/21/23,404,Barnstable Harbor,2cm,4.5,30.48,13.4,8.127,2173.06,,,2097.73,,,,,,,8.277,206.6,2.37,,,,,,,,
4/21/23,456,Barnstable Harbor,2cm,10.4,31.14,10.1,7.610,2026.96,,,2085.39,,,,,,,7.606,1100.5,0.71,,,,,,,,
5/9/23,470,Barnstable Harbor,2cm,14.8,31.22,17.4,7.592,2050.39,,2050.39,,,,,,,,7.629,1079.8,0.92,,,,,,,,
8/10/21,,Cockle Cove,2cm,,31.61,20.4,7.217,,2596.42,,2724.87,,,,,,,,,,,,,,,,,
11/5/21,,Cockle Cove,2cm,,31.30,21.2,7.400,,2068.60,,2048.81,,,,,,,,,,,,,,,,,
12/3/21,,Cockle Cove,2cm,,29.60,7.8,7.830,,2091.27,,2113.38,NBS Scale,,,,,,,,,,,,,,,,
6/14/22,,Cockle Cove,2cm,,32.19,,,,,,2690.56,,,,,,,,,,,,,,,,,
7/15/22,127,Cockle Cove,2cm,,32.59,23.3,7.300,,1930.11,,2039.64,,,,,,,,,,,,,,,,,
8/13/22,801,Cockle Cove,2cm,21.9,32.78,21.1,7.469,2206.70,,,2399.16,,,,,,,7.458,1804.9,0.94,,,,,,,,
10/28/22,239,Cockle Cove,2cm,12.4,31.53,12.6,7.531,2467.23,,,2209.53,,,,,,,7.534,1617.6,0.82,,,,,,,,
11/8/22,278,Cockle Cove,2cm,12.7,29.89,8.3,7.516,2375.92,,,2569.43,,,,,,,7.458,1887.8,0.65,,,,,,,,
12/7/22,324,Cockle Cove,2cm,9.6,31.38,12.1,7.893,3802.26,,,2062.87,,,,,,,7.934,916.4,2.63,,,,,,,,
1/18/23,329,Cockle Cove,2cm,7.9,32.08,11.0,8.046,2154.24,,,1992.88,,,,,,,8.097,332.1,1.94,,,,,,,,
2/22/23,376,Cockle Cove,2cm,4.2,30.90,4.1,7.826,1849.92,,,2102.99,,,,,,,7.824,559.5,0.80,,,,,,,,
3/22/23,409,Cockle Cove,2cm,5.1,30.84,13.0,7.732,1925.38,,,2142.87,,,,,,,7.853,547.2,0.92,,,,,,,,
4/20/23,446,Cockle Cove,2cm,9.2,30.54,12.8,7.425,2136.88,,,2187.85,,,,,,,7.472,1594.4,0.53,,,,,,,,
5/11/23,484,Cockle Cove,2cm,17,31.99,18.3,7.933,1923.49,,1923.49,,,,,,,,7.953,443.0,1.85,,,,,,,,
9/7/21,,East Dennis,2cm,,30.50,21.7,7.505,,2092.50,,2082.45,,,,,,,,,,,,,,,,,
10/10/21,,East Dennis,2cm,,30.80,21.8,7.388,,2025.29,,2068.67,,,,,,,,,,,,,,,,,
11/2/21,,East Dennis,2cm,,30.70,20.3,7.418,,1964.14,,1916.20,,,,,,,,,,,,,,,,,
7/18/22,137,East Dennis,2cm,,31.91,27.9,7.289,,2166.78,,2263.70,,,,,,,,,,,,,,,,,
8/14/22,818,East Dennis,2cm,20,30.08,20.6,7.523,2073.00,,,2233.39,,,,,,,7.531,1428.9,0.91,,,,,,,,
10/26/22,229,East Dennis,2cm,16.7,32.49,16.7,7.344,2238.74,,,2030.02,,,,,,,7.344,2367.5,0.60,,,,,,,,
11/7/22,273,East Dennis,2cm,17.5,32.95,18.2,7.220,2889.95,,,3210.52,,,,,,,7.228,4047.2,0.62,,,,,,,,
12/3/22,300,East Dennis,2cm,9.4,31.93,13.8,7.474,1938.28,,,2134.66,,,,,,,7.533,1240.7,0.57,,,,,,,,
1/22/23,357,East Dennis,2cm,4.7,31.19,8.6,7.583,2068.17,,,2129.96,,,,,,,7.638,990.3,0.61,,,,,,,,
2/16/23,362,East Dennis,2cm,8.7,31.35,15.8,7.963,1926.45,,,1944.08,,,,,,,8.078,314.3,1.70,,,,,,,,
3/22/23,414,East Dennis,2cm,6.4,31.69,12.0,7.770,1851.47,,,2002.92,,,,,,,7.856,524.1,0.95,,,,,,,,
4/20/23,451,East Dennis,2cm,11.2,30.58,8.8,8.013,2024.89,,,,,,,,,,7.974,440.6,1.58,,,,,,,,
5/12/23,489,East Dennis,2cm,15.5,31.12,25.9,7.202,2411.61,,2411.61,,,,,,,,7.325,2669.7,0.57,,,,,,,,
7/26/21,,Eel Pond,2cm,,31.50,20.3,7.500,,1960.45,,1882.67,,,,,,,,,,,,,,,,,
8/13/21,,Eel Pond,2cm,,31.29,20.6,7.509,,1951.65,,1855.29,,,,,,,,,,,,,,,,,
10/6/21,,Eel Pond,2cm,,29.40,21.1,7.674,,1939.32,,1924.94,,,,,,,,,,,,,,,,,
11/8/21,,Eel Pond,2cm,,30.50,21.0,7.730,,1941.81,,1947.14,,,,,,,,,,,,,,,,,
12/1/21,,Eel Pond,2cm,,30.10,12.1,8.040,,2034.66,,1972.42,NBS scale,,,,,,,,,,,,,,,,
3/2/22,,Eel Pond,2cm,,29.90,3.3,8.093,,2005.67,,1941.89,NBS scale,,,,,,,,,,,,,,,,
6/17/22,,Eel Pond,2cm,,31.40,,,,2540.17,,2530.04,,,,,,,,,,,,,,,,,
7/15/22,121,Eel Pond,2cm,,31.42,25.8,7.178,,2715.8,,2771.18,,,,,,,,,,,,,,,,,
8/15/22,826,Eel Pond,2cm,23.9,32.80,26.7,7.173,2438.80,,,2546.48,,,,,,,7.205,3708.4,0.65,,,,,,,,
10/24/22,211,Eel Pond,2cm,16.1,31.75,16.7,7.494,3069.27,,,2718.66,,,,,,,7.502,2221.8,1.12,,,,,,,,
11/6/22,264,Eel Pond,2cm,17.3,32.29,18.2,7.570,1832.56,,,2053.45,,,,,,,7.583,1086.3,0.84,,,,,,,,
12/5/22,314,Eel Pond,2cm,8.1,31.28,8.3,7.621,2096.01,,,2333.12,,,,,,,7.624,1070.0,0.70,,,,,,,,
1/20/23,339,Eel Pond,2cm,4.5,29.80,8.2,7.822,2196.64,,,2234.85,,,,,,,7.880,585.4,1.06,,,,,,,,
2/24/23,386,Eel Pond,2cm,5,30.20,11.2,7.506,1949.29,,,2343.84,,,,,,,7.590,1054.3,0.52,,,,,,,,
3/23/23,419,Eel Pond,2cm,7.6,29.51,17.8,7.544,1950.83,,,2249.70,,,,,,,7.688,855.8,0.70,,,,,,,,
4/19/23,437,Eel Pond,2cm,12.7,30.00,12.8,7.552,2097.03,,,2249.96,,,,,,,7.553,1321.6,0.71,,,,,,,,
5/8/23,461,Eel Pond,2cm,15.2,30.59,21.5,7.328,2711.38,,2711.38,,,,,,,,7.406,2471.5,0.75,,,,,,,,
6/15/22,,Provincetown,2cm,,32.57,,,,,,2781.87,,,,,,,,,,,,,,,,,
7/14/22,111,Provincetown,2cm,,32.95,23.0,7.309,,2315.73,,2376.86,,,,,,,,,,,,,,,,,
8/14/22,807,Provincetown,2cm,16.6,32.99,23.2,7.125,2806.60,,,3027.63,,,,,,,7.199,4187.9,0.55,,,,,,,,
10/25/22,220,Provincetown,2cm,16.4,32.77,16.7,7.357,3171.19,,,2919.10,,,,,,,7.361,3220.1,0.87,,,,,,,,
11/4/22,250,Provincetown,2cm,16.9,32.35,18.1,7.849,2096.73,,,2095.49,,,,,,,7.868,605.0,1.71,,,,,,,,
12/4/22,305,Provincetown,2cm,8.2,31.91,3.9,8.182,1924.65,,,2313.80,,,,,,,8.109,287.0,1.79,,,,,,,,
1/21/23,348,Provincetown,2cm,4.4,32.32,5.9,7.779,2441.98,,,2693.19,,,,,,,7.802,779.3,1.05,,,,,,,,
2/21/23,367,Provincetown,2cm,4.5,30.99,6.9,7.610,2249.80,,,2337.62,,,,,,,7.644,1061.4,0.67,,,,,,,,
3/20/23,395,Provincetown,2cm,6.4,31.79,12.4,8.163,2151.37,,,2042.14,,,,,,,8.264,211.0,2.51,,,,,,,,
4/17/23,428,Provincetown,2cm,12.5,31.40,12.5,7.660,2277.15,,,2289.61,,,,,,,7.660,1097.5,0.99,,,,,,,,
5/10/23,475,Provincetown,2cm,14.4,31.68,17.7,7.839,1907.10,,1907.10,,,,,,,,7.890,516.8,1.45,,,,,,,,
7/29/21,,Barnstable Harbor,5cm,,31.70,19.2,7.470,,2131.17,,2122.43,,,,,,,,,,,,,,,,,
8/11/21,,Barnstable Harbor,5cm,,31.55,20.6,7.268,,2119.33,,2303.93,,,,,,,,,,,,,,,,,
11/4/21,,Barnstable Harbor,5cm,,29.90,21.1,7.139,,1980.19,,2142.64,,,,,,,,,,,,,,,,,
12/2/21,,Barnstable Harbor,5cm,,30.40,13.1,7.510,,2280.59,,2423.09,NBS Scale,,,,,,,,,,,,,,,,
3/1/22,,Barnstable Harbor,5cm,,30.10,3.2,8.118,,2173.08,,2036.64,NBS scale,,,,,,,,,,,,,,,,
7/13/22,102,Barnstable Harbor,5cm,,32.74,24.4,7.086,,,,5110.67,,,,,,,,,,,,,,,,,
8/16/22,837,Barnstable Harbor,5cm,20.5,32.86,24.7,6.973,2314.00,,,2479.26,,,,,,,7.017,5418.4,0.35,,,,,,,,
10/27/22,235,Barnstable Harbor,5cm,15.7,31.01,16.3,7.128,2412.61,,,2503.98,,,,,,,7.135,4197.4,0.38,,,,,,,,
11/5/22,260,Barnstable Harbor,5cm,16.1,31.45,19.2,7.391,1979.84,,,2211.36,,,,,,,7.431,1697.4,0.61,,,,,,,,
12/6/22,320,Barnstable Harbor,5cm,8.4,31.74,10.3,7.470,2326.21,,,2251.33,,,,,,,7.495,1624.3,0.60,,,,,,,,
1/19/23,335,Barnstable Harbor,5cm,4.5,28.87,10.1,7.701,4681.15,,,4219.27,,,,,,,7.785,1596.0,1.82,,,,,,,,
2/23/23,382,Barnstable Harbor,5cm,4.7,30.48,5.2,7.609,2207.35,,,2382.93,,,,,,,7.617,1117.4,0.61,,,,,,,,
3/21/23,405,Barnstable Harbor,5cm,4.8,30.48,14.8,7.337,2866.23,,,3009.10,,,,,,,7.462,2105.0,0.57,,,,,,,,
4/21/23,457,Barnstable Harbor,5cm,10.1,31.14,10.4,7.429,4235.98,,,3968.37,,,,,,,7.433,3491.6,1.01,,,,,,,,
5/9/23,471,Barnstable Harbor,5cm,13.9,31.22,17.2,7.222,2163.50,,2163.50,,,,,,,,7.261,2755.0,0.41,,,,,,,,
8/10/21,,Cockle Cove,5cm,,31.61,20.4,7.286,,2383.22,,2487.25,,,,,,,,,,,,,,,,,
11/5/21,,Cockle Cove,5cm,,31.30,21.2,7.470,,1984.14,,1986.32,,,,,,,,,,,,,,,,,
12/3/21,,Cockle Cove,5cm,,29.60,7.9,7.700,,2063.16,,2139.54,NBS Scale,,,,,,,,,,,,,,,,
6/14/22,,Cockle Cove,5cm,,32.19,,,,,,2635.14,,,,,,,,,,,,,,,,,
7/15/22,128,Cockle Cove,5cm,,32.59,22.9,7.255,,2084.4,,2231.33,,,,,,,,,,,,,,,,,
8/13/22,802,Cockle Cove,5cm,22.0,32.78,20.4,7.500,2190.10,,,2149.69,,,,,,,7.478,1707.5,0.98,,,,,,,,
10/28/22,240,Cockle Cove,5cm,12.4,31.53,12.3,7.492,2339.30,,,2826.25,,,,,,,7.491,1701.1,0.70,,,,,,,,
11/8/22,279,Cockle Cove,5cm,12.7,29.89,8.4,7.498,2428.76,,,2619.20,,,,,,,7.442,2006.2,0.64,,,,,,,,
12/7/22,325,Cockle Cove,5cm,9.4,31.38,,,3856.41,,,2124.47,,,,,,,,,,,,,,,,,
1/18/23,330,Cockle Cove,5cm,7.1,32.08,11.1,7.809,1793.21,,,2043.47,,,,,,,7.871,490.9,0.99,,,,,,,,
2/22/23,377,Cockle Cove,5cm,4.6,30.90,4.0,7.734,1849.92,,,2063.15,,,,,,,7.725,717.8,0.66,,,,,,,,
3/22/23,410,Cockle Cove,5cm,5.4,30.84,13.8,7.670,2123.23,,,2101.38,,,,,,,7.796,696.7,0.91,,,,,,,,
4/20/23,447,Cockle Cove,5cm,9.8,30.54,13.6,7.355,2106.82,,,2205.56,,,,,,,7.402,1863.6,0.46,,,,,,,,
5/11/23,485,Cockle Cove,5cm,16.3,31.99,18.3,7.445,2117.79,,2117.79,,,,,,,,7.472,1644.3,0.73,,,,,,,,
9/7/21,,East Dennis,5cm,20.9,30.50,21.5,7.071,,2096.50,,2248.84,,,,,,,,,,,,,,,,,
10/10/21,,East Dennis,5cm,,30.80,21.9,7.145,,1940.64,,2129.97,,,,,,,,,,,,,,,,,
11/2/21,,East Dennis,5cm,,30.70,20.3,7.374,,2029.84,,2096.67,,,,,,,,,,,,,,,,,
7/18/22,138,East Dennis,5cm,,31.91,27.6,7.053,,2513.81,,2700.76,,,,,,,,,,,,,,,,,
8/14/22,819,East Dennis,5cm,19.9,30.08,20.7,7.023,2433.80,,,2627.44,,,,,,,7.032,5552.4,0.35,,,,,,,,
10/26/22,230,East Dennis,5cm,16.7,32.49,16.7,7.285,3056.00,,,2063.56,,,,,,,7.285,3728.2,0.72,,,,,,,,
11/7/22,274,East Dennis,5cm,16.9,32.95,18.2,7.184,3662.71,,,3920.19,,,,,,,7.199,5485.5,0.72,,,,,,,,
12/3/22,301,East Dennis,5cm,9.2,31.93,13.5,7.236,2211.00,,,2280.75,,,,,,,7.287,2543.3,0.37,,,,,,,,
1/22/23,358,East Dennis,5cm,4.7,31.19,8.9,7.384,2145.42,,,2354.15,,,,,,,7.437,1664.0,0.41,,,,,,,,
2/16/23,363,East Dennis,5cm,7.7,31.35,15.7,7.263,2674.31,,,2979.70,,,,,,,7.360,2563.8,0.49,,,,,,,,
3/22/23,415,East Dennis,5cm,6.9,31.69,11.9,7.466,2148.79,,,2191.54,,,,,,,7.533,1348.8,0.56,,,,,,,,
4/20/23,452,East Dennis,5cm,10.8,30.58,8.3,7.293,2139.70,,,2302.68,,,,,,,7.263,2656.9,0.36,,,,,,,,
5/12/23,490,East Dennis,5cm,14.6,31.12,25.8,7.186,3278.59,,3278.59,,,,,,,,7.316,3687.4,0.73,,,,,,,,
7/26/21,,Eel Pond,5cm,,31.50,20.4,7.480,,2272.98,,2279.88,,,,,,,,,,,,,,,,,
8/13/21,,Eel Pond,5cm,,31.29,20.5,7.115,,2095.93,,2240.80,,,,,,,,,,,,,,,,,
10/6/21,,Eel Pond,5cm,,29.40,21.1,7.207,,2405.41,,2468.71,,,,,,,,,,,,,,,,,
12/1/21,,Eel Pond,5cm,,30.10,12.4,7.770,,2041.73,,2080.98,NBS scale,,,,,,,,,,,,,,,,
3/2/22,,Eel Pond,5cm,,29.90,3.4,7.778,,2162.40,,2169.32,NBS scale,,,,,,,,,,,,,,,,
6/17/22,,Eel Pond,5cm,,31.40,,,,2668.12,,2728.46,,,,,,,,,,,,,,,,,
7/15/22,122,Eel Pond,5cm,,31.42,25.3,7.272,,1927.67,,2095.43,,,,,,,,,,,,,,,,,
8/15/22,827,Eel Pond,5cm,24.0,32.80,26.8,7.152,2441.20,,,2564.51,,,,,,,7.183,3912.1,0.63,,,,,,,,
10/24/22,212,Eel Pond,5cm,16.1,31.75,17.0,7.479,4988.07,,,4124.85,,,,,,,7.491,3714.3,1.77,,,,,,,,
11/6/22,265,Eel Pond,5cm,17.0,32.29,18.7,7.427,2107.30,,,2288.75,,,,,,,7.449,1734.4,0.71,,,,,,,,
12/5/22,315,Eel Pond,5cm,8.3,31.28,8.4,7.575,2338.26,,,2446.18,,,,,,,7.576,1344.5,0.71,,,,,,,,
1/20/23,340,Eel Pond,5cm,4.5,29.80,7.9,7.654,2505.24,,,2402.79,,,,,,,7.703,1032.4,0.83,,,,,,,,
2/24/23,387,Eel Pond,5cm,5.0,30.20,11.6,7.485,2447.05,,,2593.41,,,,,,,7.574,1379.4,0.63,,,,,,,,
3/23/23,420,Eel Pond,5cm,7.2,29.51,18.9,7.499,2189.32,,,2395.81,,,,,,,7.661,1024.2,0.74,,,,,,,,
4/19/23,438,Eel Pond,5cm,12.5,30.00,14.3,7.381,2914.51,,,2948.10,,,,,,,7.403,2639.8,0.71,,,,,,,,
5/8/23,462,Eel Pond,5cm,14.8,30.59,21.3,7.231,2513.13,,2513.13,,,,,,,,7.307,2896.0,0.55,,,,,,,,
6/15/22,,Provincetown,5cm,,32.57,,,,,,2667.51,,,,,,,,,,,,,,,,,
7/14/22,112,Provincetown,5cm,,32.95,22.9,7.357,,2289.38,,2343.63,,,,,,,,,,,,,,,,,
8/14/22,808,Provincetown,5cm,16.9,32.99,23.4,7.273,3061.80,,,3272.94,,,,,,,7.353,3174.3,0.85,,,,,,,,
10/25/22,221,Provincetown,5cm,16.2,32.77,16.7,7.197,5132.08,,,4031.44,,,,,,,7.203,7586.7,0.99,,,,,,,,
11/4/22,251,Provincetown,5cm,16.1,32.35,18.2,7.011,3005.94,,,3363.03,,,,,,,7.033,6626.2,0.39,,,,,,,,
12/4/22,306,Provincetown,5cm,8.3,31.91,3.8,7.461,1979.19,,,2379.44,,,,,,,7.403,1717.5,0.41,,,,,,,,
1/21/23,349,Provincetown,5cm,4.7,32.32,6.4,7.507,2627.67,,,2793.84,,,,,,,7.529,1630.0,0.63,,,,,,,,
2/21/23,368,Provincetown,5cm,4.6,30.99,6.7,7.586,3115.76,,,3180.94,,,,,,,7.616,1578.2,0.87,,,,,,,,
3/20/23,396,Provincetown,5cm,6.0,31.79,15.3,7.737,2382.10,,,2298.59,,,,,,,7.881,634.5,1.28,,,,,,,,
4/17/23,429,Provincetown,5cm,11.9,31.40,12.9,7.198,2603.24,,,2903.30,,,,,,,7.209,3694.1,0.41,,,,,,,,
5/10/23,476,Provincetown,5cm,13.7,31.68,17.5,7.203,2206.20,,2206.20,,,,,,,,7.247,2891.5,0.41,,,,,,,,
7/29/21,,Barnstable Harbor,10cm,21.6,31.70,19.7,7.470,,5599.93,,6047.59,,,,,,,,,,,,,,,,,
8/11/21,,Barnstable Harbor,10cm,,31.55,20.4,7.085,,2042.37,,2247.48,,,,,,,,,,,,,,,,,
11/4/21,,Barnstable Harbor,10cm,,29.90,,,,3631.11,,4330.28,,,,,,,,,,,,,,,,,
12/2/21,,Barnstable Harbor,10cm,,30.40,13.2,7.230,,2831.12,,3306.12,NBS Scale,,,,,,,,,,,,,,,,
3/1/22,,Barnstable Harbor,10cm,,30.10,3.2,8.000,,2195.65,,2145.94,NBS scale,,,,,,,,,,,,,,,,
7/13/22,103,Barnstable Harbor,10cm,,32.74,24.5,6.810,,,,5702.04,,,,,,,,,,,,,,,,,
8/16/22,838,Barnstable Harbor,10cm,19.8,32.86,24.9,6.947,2341.70,,,2586.00,,,,,,,6.999,5699.2,0.33,,,,,,,,
10/27/22,236,Barnstable Harbor,10cm,15.3,31.01,16.3,7.064,2943.11,,,3222.86,,,,,,,7.075,5882.8,0.39,,,,,,,,
11/5/22,261,Barnstable Harbor,10cm,15.6,31.45,19.0,6.932,4006.06,,,4489.14,,,,,,,6.967,10324.4,0.43,,,,,,,,
12/6/22,321,Barnstable Harbor,10cm,8.5,31.74,10.3,7.207,2535.49,,,2588.40,,,,,,,7.228,3334.9,0.36,,,,,,,,
1/19/23,336,Barnstable Harbor,10cm,4.8,28.87,10.4,7.702,7333.59,,,6120.53,,,,,,,7.788,2496.0,2.90,,,,,,,,
2/23/23,383,Barnstable Harbor,10cm,4.8,30.48,5.5,7.681,2207.35,,,2248.98,,,,,,,7.691,935.4,0.73,,,,,,,,
3/21/23,406,Barnstable Harbor,10cm,5.2,30.48,16.1,7.218,2660.85,,,3221.08,,,,,,,7.348,2571.3,0.42,,,,,,,,
4/21/23,458,Barnstable Harbor,10cm,9.7,31.14,10.6,7.468,6190.12,,,5336.30,,,,,,,7.479,4564.3,1.62,,,,,,,,
5/9/23,472,Barnstable Harbor,10cm,12.9,31.22,17.1,7.222,3124.90,,3124.90,,,,,,,,7.270,3870.0,0.59,,,,,,,,
8/10/21,,Cockle Cove,10cm,,31.61,20.4,7.325,,2383.19,,2489.61,,,,,,,,,,,,,,,,,
11/5/21,,Cockle Cove,10cm,,31.30,21.2,7.291,,2222.65,,2265.97,,,,,,,,,,,,,,,,,
12/3/21,,Cockle Cove,10cm,,29.60,8.0,7.820,,2065.90,,2124.41,NBS Scale,,,,,,,,,,,,,,,,
6/14/22,,Cockle Cove,10cm,,32.19,,,,,,2760.60,,,,,,,,,,,,,,,,,
7/15/22,129,Cockle Cove,10cm,,32.59,22.7,7.610,,1932.15,,1915.69,,,,,,,,,,,,,,,,,
8/13/22,803,Cockle Cove,10cm,22.2,32.78,20.2,7.576,2003.60,,,1992.31,,,,,,,7.549,1310.6,1.05,,,,,,,,
10/28/22,241,Cockle Cove,10cm,12.4,31.53,13.3,7.364,2372.58,,,3772.27,,,,,,,7.375,2276.1,0.55,,,,,,,,
11/8/22,280,Cockle Cove,10cm,12.7,29.89,8.4,7.422,2058.88,,,2144.86,,,,,,,7.368,2026.5,0.46,,,,,,,,
12/7/22,326,Cockle Cove,10cm,9.3,31.38,12.3,7.505,4262.51,,,2432.24,,,,,,,7.546,2662.2,1.27,,,,,,,,
1/18/23,331,Cockle Cove,10cm,6.4,32.08,11.0,7.774,1947.94,,,2076.44,,,,,,,7.846,565.8,0.99,,,,,,,,
2/22/23,378,Cockle Cove,10cm,5.1,30.90,4.2,7.467,1949.34,,,2087.21,,,,,,,7.456,1451.4,0.39,,,,,,,,
3/22/23,411,Cockle Cove,10cm,5.6,30.84,14.4,7.623,2094.97,,,2129.89,,,,,,,7.752,768.8,0.82,,,,,,,,
4/20/23,448,Cockle Cove,10cm,10.4,30.54,14.0,7.272,2046.72,,,2095.13,,,,,,,7.315,2239.0,0.38,,,,,,,,
5/11/23,486,Cockle Cove,10cm,15.5,31.99,18.6,7.257,2228.82,,2228.82,,,,,,,,7.293,2647.0,0.50,,,,,,,,
9/7/21,,East Dennis,10cm,20.9,30.50,21.4,7.159,,2515.02,,2670.09,,,,,,,,,,,,,,,,,
10/10/21,,East Dennis,10cm,,30.80,21.8,7.537,,2164.05,,2358.53,,,,,,,,,,,,,,,,,
11/2/21,,East Dennis,10cm,,30.70,20.3,7.151,,2086.69,,2289.75,,,,,,,,,,,,,,,,,
7/18/22,139,East Dennis,10cm,,31.91,27.7,7.085,,2378.61,,2570.70,,,,,,,,,,,,,,,,,
8/14/22,820,East Dennis,10cm,19.7,30.08,20.6,7.028,3841.70,,,4140.26,,,,,,,7.037,8659.5,0.56,,,,,,,,
10/26/22,231,East Dennis,10cm,16.7,32.49,16.7,7.365,3744.77,,,2107.10,,,,,,,7.365,3777.2,1.05,,,,,,,,
11/7/22,275,East Dennis,10cm,16.3,32.95,17.8,7.174,4302.25,,,4447.45,,,,,,,7.191,6543.3,0.81,,,,,,,,
12/3/22,302,East Dennis,10cm,8.9,31.93,13.4,7.297,2183.73,,,2226.26,,,,,,,7.351,2152.9,0.42,,,,,,,,
1/22/23,359,East Dennis,10cm,4.8,31.19,9.2,7.397,2737.73,,,2939.23,,,,,,,7.454,2044.2,0.54,,,,,,,,
2/16/23,364,East Dennis,10cm,6.6,31.35,15.7,7.385,2493.79,,,2728.44,,,,,,,7.502,1686.2,0.60,,,,,,,,
3/22/23,416,East Dennis,10cm,7.3,31.69,11.8,7.393,3419.15,,,3525.69,,,,,,,7.450,2637.1,0.76,,,,,,,,
4/20/23,453,East Dennis,10cm,10.5,30.58,8.0,7.302,2570.23,,,2660.17,,,,,,,7.273,3112.3,0.43,,,,,,,,
5/12/23,491,East Dennis,10cm,13.8,31.12,26.1,7.189,3305.68,,3305.68,,,,,,,,7.334,3546.7,0.74,,,,,,,,
7/26/21,,Eel Pond,10cm,,31.50,20.0,7.450,,2318.43,,2277.91,,,,,,,,,,,,,,,,,
8/13/21,,Eel Pond,10cm,,31.29,20.2,7.099,,2046.73,,2182.64,,,,,,,,,,,,,,,,,
10/6/21,,Eel Pond,10cm,,29.40,21.5,7.247,,3134.15,,3226.92,,,,,,,,,,,,,,,,,
12/1/21,,Eel Pond,10cm,,30.10,12.1,7.680,,2079.28,,2138.14,NBS scale,,,,,,,,,,,,,,,,
3/2/22,,Eel Pond,10cm,,29.90,3.5,7.554,,2179.94,,2252.15,NBS scale,,,,,,,,,,,,,,,,
6/17/22,,Eel Pond,10cm,,31.40,,,,4031.34,,3627.00,,,,,,,,,,,,,,,,,
7/15/22,123,Eel Pond,10cm,,31.42,25.4,7.178,,,,2676.67,,,,,,,,,,,,,,,,,
8/15/22,828,Eel Pond,10cm,24.2,32.80,27.1,7.286,2543.70,,,2606.95,,,,,,,7.322,2922.3,0.89,,,,,,,,
10/24/22,213,Eel Pond,10cm,16.0,31.75,17.5,7.422,13489.59,,,7703.82,,,,,,,7.441,11371.8,4.30,,,,,,,,
11/6/22,266,Eel Pond,10cm,16.8,32.29,18.7,7.444,2409.51,,,2491.70,,,,,,,7.470,1885.8,0.85,,,,,,,,
12/5/22,316,Eel Pond,10cm,8.6,31.28,8.6,7.613,2392.10,,,2487.86,,,,,,,7.613,1258.7,0.80,,,,,,,,
1/20/23,341,Eel Pond,10cm,4.6,29.80,7.7,7.615,2170.92,,,2229.66,,,,,,,7.660,992.7,0.65,,,,,,,,
2/24/23,388,Eel Pond,10cm,5.0,30.20,13.0,7.465,2123.50,,,2485.79,,,,,,,7.572,1200.6,0.54,,,,,,,,
3/23/23,421,Eel Pond,10cm,6.9,29.51,20.0,7.456,2268.82,,,2551.44,,,,,,,7.635,1126.9,0.71,,,,,,,,
4/19/23,439,Eel Pond,10cm,12.4,30.00,15.2,7.458,2519.86,,,2372.92,,,,,,,7.495,1826.4,0.74,,,,,,,,
5/8/23,463,Eel Pond,10cm,14.5,30.59,22.6,7.249,2569.77,,2569.77,,,,,,,,7.346,2691.4,0.60,,,,,,,,
6/15/22,,Provincetown,10cm,,32.57,,,,,,2762.24,,,,,,,,,,,,,,,,,
7/14/22,113,Provincetown,10cm,,32.95,23.0,7.194,,2310.59,,2441.70,,,,,,,,,,,,,,,,,
8/14/22,809,Provincetown,10cm,17.1,32.99,23.5,7.197,4222.80,,,3995.07,,,,,,,7.271,5336.1,0.99,,,,,,,,
10/25/22,222,Provincetown,10cm,15.9,32.77,16.6,7.222,4727.51,,,4226.07,,,,,,,7.230,6551.1,0.95,,,,,,,,
11/4/22,252,Provincetown,10cm,15.3,32.35,18.0,6.879,5967.34,,,6475.61,,,,,,,6.907,17613.2,0.56,,,,,,,,
12/4/22,307,Provincetown,10cm,8.5,31.91,3.9,7.466,2879.18,,,3273.25,,,,,,,7.407,2480.0,0.61,,,,,,,,
1/21/23,350,Provincetown,10cm,5.1,32.32,6.2,7.571,2335.88,,,2454.41,,,,,,,7.587,1265.8,0.64,,,,,,,,
2/21/23,369,Provincetown,10cm,4.6,30.99,6.6,7.425,2759.19,,,2927.35,,,,,,,7.450,2075.7,0.54,,,,,,,,
3/20/23,397,Provincetown,10cm,5.6,31.79,17.0,7.606,3817.77,,,3725.33,,,,,,,7.776,1323.0,1.62,,,,,,,,
4/17/23,430,Provincetown,10cm,11.4,31.40,13.2,7.078,2521.72,,,2737.33,,,,,,,7.098,4623.5,0.30,,,,,,,,
5/10/23,477,Provincetown,10cm,12.9,31.68,18.0,7.325,2654.85,,2654.85,,,,,,,,7.388,2481.1,0.65,,,,,,,,
8/11/21,,Barnstable Harbor,15cm,21.6,31.55,20.4,7.074,,2257.60,,2460.00,,,,,,,,,,,,,,,,,
11/4/21,,Barnstable Harbor,15cm,13.5,29.90,,,,2550.47,,3008.65,,,,,,,,,,,,,,,,,
12/2/21,,Barnstable Harbor,15cm,,30.40,13.2,7.200,,3373.15,,3832.25,NBS Scale,,,,,,,,,,,,,,,,
3/1/22,,Barnstable Harbor,15cm,2.1,30.10,3.2,8.130,,2160.39,,2066.47,NBS scale,,,,,,,,,,,,,,,,
7/13/22,104,Barnstable Harbor,15cm,19.1,32.74,24.2,6.767,,,,6127.76,,,,,,,,,,,,,,,,,
8/16/22,839,Barnstable Harbor,15cm,19.2,32.86,25.1,6.936,2084.90,,,2418.60,,,,,,,6.997,5084.1,0.29,,,,,,,,
10/27/22,237,Barnstable Harbor,15cm,14.9,31.01,16.3,6.987,3552.03,,,3866.16,,,,,,,7.002,8405.9,0.40,,,,,,,,
11/5/22,262,Barnstable Harbor,15cm,15.2,31.45,18.8,6.934,3304.68,,,3775.40,,,,,,,6.971,8399.1,0.35,,,,,,,,
12/6/22,322,Barnstable Harbor,15cm,8.5,31.74,10.4,7.144,2967.13,,,2944.16,,,,,,,7.166,4526.6,0.37,,,,,,,,
1/19/23,337,Barnstable Harbor,15cm,5,28.87,9.7,7.847,13168.94,,,8986.21,,,,,,,7.924,3222.8,7.06,,,,,,,,
2/23/23,384,Barnstable Harbor,15cm,5,30.48,5.3,7.613,2232.34,,,2302.44,,,,,,,7.617,1131.9,0.63,,,,,,,,
3/21/23,407,Barnstable Harbor,15cm,5.5,30.48,17.2,7.314,1993.34,,,2253.31,,,,,,,7.460,1476.7,0.41,,,,,,,,
4/21/23,459,Barnstable Harbor,15cm,9.4,31.14,10.7,7.676,10636.48,,,7765.71,,,,,,,7.695,4656.3,4.41,,,,,,,,
5/9/23,473,Barnstable Harbor,15cm,12,31.22,16.5,7.209,5047.71,,5047.71,,,,,,,,7.261,6358.2,0.89,,,,,,,,
8/10/21,,Cockle Cove,15cm,23.2,31.61,20.4,7.157,,3421.64,,3796.06,,,,,,,,,,,,,,,,,
11/5/21,,Cockle Cove,15cm,12.6,31.30,20.8,7.397,,1986.65,,1970.78,,,,,,,,,,,,,,,,,
12/3/21,,Cockle Cove,15cm,,29.60,8.9,7.910,,2022.30,,2056.79,NBS Scale,,,,,,,,,,,,,,,,
6/14/22,,Cockle Cove,15cm,21.0,32.19,,,,,,2589.20,,,,,,,,,,,,,,,,,
7/15/22,130,Cockle Cove,15cm,24.4,32.59,22.8,7.209,,2027.45,,2197.01,,,,,,,,,,,,,,,,,
8/13/22,804,Cockle Cove,15cm,22.3,32.78,20.1,7.536,2053.10,,,2091.52,,,,,,,7.506,1494.1,0.99,,,,,,,,
10/28/22,242,Cockle Cove,15cm,12.4,31.53,13.1,7.497,2239.49,,,3490.89,,,,,,,7.506,1567.3,0.70,,,,,,,,
11/8/22,281,Cockle Cove,15cm,12.7,29.89,8.5,7.700,2032.46,,,1989.95,,,,,,,7.639,1039.7,0.83,,,,,,,,
12/7/22,327,Cockle Cove,15cm,9.1,31.38,12.4,7.460,4479.10,,,2613.62,,,,,,,7.504,3094.3,1.21,,,,,,,,
1/18/23,332,Cockle Cove,15cm,5.6,32.08,11.1,7.506,1973.72,,,2178.88,,,,,,,7.581,1088.5,0.55,,,,,,,,
2/22/23,379,Cockle Cove,15cm,5.5,30.90,4.2,7.796,2123.32,,,2089.70,,,,,,,7.776,733.2,0.87,,,,,,,,
3/22/23,412,Cockle Cove,15cm,5.9,30.84,14.4,7.770,2151.50,,,2062.15,,,,,,,7.902,544.9,1.18,,,,,,,,
4/20/23,449,Cockle Cove,15cm,11,30.54,14.6,7.588,2166.93,,,2133.32,,,,,,,7.639,1093.5,0.83,,,,,,,,
5/11/23,487,Cockle Cove,15cm,14.8,31.99,18.3,7.337,2367.60,,2367.60,,,,,,,,7.381,2274.0,0.63,,,,,,,,
10/10/21,,East Dennis,15cm,,30.80,22.4,6.952,,2338.38,,2530.07,,,,,,,,,,,,,,,,,
11/2/21,,East Dennis,15cm,13.7,30.70,20.2,7.087,,2447.38,,2772.44,,,,,,,,,,,,,,,,,
7/18/22,140,East Dennis,15cm,21.6,31.91,28.0,7.016,,,,2775.47,,,,,,,,,,,,,,,,,
8/14/22,821,East Dennis,15cm,19.6,30.08,20.8,7.089,6138.30,,,5835.22,,,,,,,7.102,11882.4,1.03,,,,,,,,
10/26/22,232,East Dennis,15cm,16.7,32.49,16.7,7.434,3462.95,,,2039.27,,,,,,,7.434,2957.8,1.13,,,,,,,,
11/7/22,276,East Dennis,15cm,15.7,32.95,17.7,7.078,4728.60,,,5038.46,,,,,,,7.100,8886.4,0.71,,,,,,,,
12/3/22,303,East Dennis,15cm,8.7,31.93,13.4,7.268,2292.82,,,2331.48,,,,,,,7.324,2405.5,0.41,,,,,,,,
1/22/23,360,East Dennis,15cm,4.8,31.19,9.7,7.518,2711.98,,,2827.46,,,,,,,7.585,1480.1,0.72,,,,,,,,
2/16/23,365,East Dennis,15cm,5.6,31.35,15.5,7.538,2158.54,,,2277.34,,,,,,,7.678,945.6,0.73,,,,,,,,
3/22/23,417,East Dennis,15cm,7.8,31.69,11.8,7.461,3365.09,,,3449.08,,,,,,,7.514,2236.8,0.88,,,,,,,,
4/20/23,454,East Dennis,15cm,10.1,30.58,7.6,7.389,2799.85,,,2917.00,,,,,,,7.358,2762.7,0.56,,,,,,,,
5/12/23,492,East Dennis,15cm,12.9,31.12,26.5,7.141,3359.87,,3359.87,,,,,,,,7.297,3911.1,0.67,,,,,,,,
7/26/21,,Eel Pond,15cm,23.7,31.50,20.0,7.420,,2270.87,,2279.84,,,,,,,,,,,,,,,,,
8/13/21,,Eel Pond,15cm,24.8,31.29,20.5,7.109,,2271.33,,2535.64,,,,,,,,,,,,,,,,,
10/6/21,,Eel Pond,15cm,,29.40,,,,4336.92,,4634.78,,,,,,,,,,,,,,,,,
12/1/21,,Eel Pond,15cm,7.6,30.10,11.8,7.710,,2416.47,,2470.96,NBS scale,,,,,,,,,,,,,,,,
3/2/22,,Eel Pond,15cm,3.6,29.90,3.5,7.670,,2219.08,,2247.24,NBS scale,,,,,,,,,,,,,,,,
6/17/22,,Eel Pond,15cm,,31.40,,,,2546.62,,2578.26,,,,,,,,,,,,,,,,,
7/15/22,124,Eel Pond,15cm,24.2,31.42,25.3,7.195,,,,2798.78,,,,,,,,,,,,,,,,,
8/15/22,829,Eel Pond,15cm,24.3,32.80,26.6,7.338,2306.40,,,2315.61,,,,,,,7.367,2373.7,0.89,,,,,,,,
10/24/22,214,Eel Pond,15cm,16,31.75,17.0,7.633,2733.13,,,2404.31,,,,,,,7.647,1383.6,1.35,,,,,,,,
11/6/22,267,Eel Pond,15cm,16.5,32.29,18.5,7.452,2272.14,,,2417.72,,,,,,,7.479,1736.6,0.80,,,,,,,,
12/5/22,317,Eel Pond,15cm,8.8,31.28,8.5,7.612,2392.10,,,2414.88,,,,,,,7.608,1278.6,0.79,,,,,,,,
1/20/23,342,Eel Pond,15cm,4.6,29.80,8.1,7.692,2196.64,,,2415.30,,,,,,,7.744,819.0,0.79,,,,,,,,
2/24/23,389,Eel Pond,15cm,5,30.20,12.8,7.666,2198.17,,,2540.98,,,,,,,7.782,747.3,0.89,,,,,,,,
3/23/23,422,Eel Pond,15cm,6.5,29.51,19.9,7.453,2242.32,,,2539.01,,,,,,,7.635,1108.9,0.69,,,,,,,,
4/19/23,440,Eel Pond,15cm,12.2,30.00,16.1,7.398,2463.49,,,2506.79,,,,,,,7.448,1998.6,0.65,,,,,,,,
5/8/23,464,Eel Pond,15cm,14.1,30.59,23.5,7.379,2768.02,,2768.02,,,,,,,,,,,,,,,,,,
6/15/22,,Provincetown,15cm,19.6,32.57,,,,,,2852.54,,,,,,,,,,,,,,,,,
7/14/22,114,Provincetown,15cm,21.9,32.95,23.2,7.087,,2311.54,,2464.33,,,,,,,7.501,1995.6,0.90,,,,,,,,
8/14/22,810,Provincetown,15cm,17.4,32.99,23.5,7.235,4518.00,,,3796.86,,,,,,,7.307,5243.4,1.16,,,,,,,,
10/25/22,223,Provincetown,15cm,15.7,32.77,16.6,7.313,4410.31,,,3990.63,,,,,,,7.324,4877.6,1.09,,,,,,,,
11/4/22,253,Provincetown,15cm,14.5,32.35,17.5,7.046,8045.52,,,7641.78,,,,,,,7.078,15815.1,1.08,,,,,,,,
12/4/22,308,Provincetown,15cm,8.6,31.91,3.8,7.479,3860.98,,,4006.29,,,,,,,7.417,3257.8,0.85,,,,,,,,
1/21/23,351,Provincetown,15cm,5.4,32.32,6.2,7.474,2123.67,,,2252.50,,,,,,,7.485,1473.9,0.47,,,,,,,,
2/21/23,370,Provincetown,15cm,4.7,30.99,6.7,7.460,2657.31,,,2784.46,,,,,,,7.486,1836.4,0.56,,,,,,,,
3/20/23,398,Provincetown,15cm,5.2,31.79,17.2,7.515,4407.41,,,4132.43,,,,,,,7.685,1897.5,1.51,,,,,,,,
4/17/23,431,Provincetown,15cm,10.8,31.40,13.6,7.073,3119.55,,,3455.88,,,,,,,7.104,5621.8,0.37,,,,,,,,
5/10/23,478,Provincetown,15cm,12.2,31.68,18.9,7.356,2804.39,,2804.39,,,,,,,,7.441,2296.2,0.75,,,,,,,,
8/11/21,,Barnstable Harbor,20cm,,31.55,20.5,7.100,,2311.49,,2555.76,,,,,,,,,,,,,,,,,
11/4/21,,Barnstable Harbor,20cm,,29.90,21.2,7.284,,1974.35,,2149.90,,,,,,,,,,,,,,,,,
12/2/21,,Barnstable Harbor,20cm,,30.40,,,,3656.72,,3993.65,,,,,,,,,,,,,,,,,
3/1/22,,Barnstable Harbor,20cm,,30.10,3.2,7.751,,2168.76,,2192.28,NBS scale,,,,,,,,,,,,,,,,
7/13/22,105,Barnstable Harbor,20cm,,32.74,24.0,6.807,,,,7368.69,,,,,,,,,,,,,,,,,
8/16/22,840,Barnstable Harbor,20cm,,32.86,24.2,6.902,2660.30,,,3069.05,,,,,,,,,,,,,,,,,
8/10/21,,Cockle Cove,20cm,,31.61,20.1,7.155,,2642.55,,2813.54,,,,,,,,,,,,,,,,,
11/5/21,,Cockle Cove,20cm,,31.30,20.7,7.422,,1959.84,,2013.78,,,,,,,,,,,,,,,,,
12/3/21,,Cockle Cove,20cm,,29.60,,,,2075.93,,2151.68,,,,,,,,,,,,,,,,,
6/14/22,,Cockle Cove,20cm,,32.19,,,,,,2435.14,,,,,,,,,,,,,,,,,
7/15/22,131,Cockle Cove,20cm,,32.59,22.7,7.097,,2178.77,,2381.09,,,,,,,,,,,,,,,,,
8/13/22,805,Cockle Cove,20cm,,32.78,20.0,7.313,1966.00,,,2033.46,,,,,,,,,,,,,,,,,
10/10/21,,East Dennis,20cm,,30.80,22.3,7.026,,2318.61,,2497.98,,,,,,,,,,,,,,,,,
11/2/21,,East Dennis,20cm,,30.70,20.4,7.115,,2911.52,,3267.24,,,,,,,,,,,,,,,,,
7/18/22,141,East Dennis,20cm,,31.91,27.7,6.990,,,,4129.38,,,,,,,,,,,,,,,,,
8/14/22,822,East Dennis,20cm,,30.08,20.8,7.133,5656.80,,,5409.94,,,,,,,,,,,,,,,,,
7/26/21,,Eel Pond,20cm,,31.50,19.9,7.460,,2432.57,,2424.24,,,,,,,,,,,,,,,,,
8/13/21,,Eel Pond,20cm,,31.29,20.6,6.600,,2973.70,,3402.90,,,,,,,,,,,,,,,,,
10/6/21,,Eel Pond,20cm,,29.40,21.1,7.233,,1979.11,,2014.77,,,,,,,,,,,,,,,,,
12/1/21,,Eel Pond,20cm,,30.10,,,,2255.69,,2316.66,,,,,,,,,,,,,,,,,
3/2/22,,Eel Pond,20cm,,29.90,3.5,7.844,,2065.09,,2049.81,NBS scale,,,,,,,,,,,,,,,,
6/17/22,,Eel Pond,20cm,,31.40,,,,2427.86,,2444.64,,,,,,,,,,,,,,,,,
7/15/22,125,Eel Pond,20cm,,31.42,25.4,7.269,,2254.64,,2407.11,,,,,,,,,,,,,,,,,
8/15/22,830,Eel Pond,20cm,,32.80,27.5,7.330,2391.70,,,2545.46,,,,,,,,,,,,,,,,,
6/15/22,,Provincetown,20cm,,32.57,,,,,,2997.01,,,,,,,,,,,,,,,,,
7/14/22,115,Provincetown,20cm,,32.95,23.6,7.104,,2316.38,,2456.67,,,,,,,,,,,,,,,,,
8/14/22,811,Provincetown,20cm,,32.99,23.6,7.165,4504.70,,,4343.43,,,,,,,,,,,,,,,,,