Date,RCP8.5,SD8.5,RCP6,SD6,RCP4.5,SD4.5,RCP2.6,SD2.6
2006.04,-0.214,0.121,-0.214,0.049,-0.212,0.142,-0.282,0.170
2006.12,-0.210,0.118,-0.210,0.051,-0.210,0.139,-0.277,0.167
2006.20,-0.206,0.115,-0.206,0.052,-0.208,0.137,-0.273,0.164
2006.29,-0.203,0.112,-0.203,0.054,-0.207,0.134,-0.268,0.161
2006.37,-0.199,0.109,-0.199,0.056,-0.205,0.132,-0.264,0.158
2006.45,-0.195,0.106,-0.195,0.058,-0.203,0.130,-0.260,0.156
2006.54,-0.191,0.103,-0.191,0.060,-0.202,0.127,-0.255,0.153
2006.62,-0.188,0.100,-0.188,0.061,-0.200,0.125,-0.251,0.150
2006.71,-0.184,0.097,-0.184,0.063,-0.198,0.123,-0.246,0.147
2006.79,-0.180,0.094,-0.180,0.065,-0.197,0.120,-0.242,0.145
2006.87,-0.177,0.091,-0.176,0.067,-0.195,0.118,-0.237,0.142
2006.96,-0.173,0.088,-0.173,0.069,-0.193,0.116,-0.233,0.140
2007.04,-0.169,0.085,-0.169,0.070,-0.192,0.113,-0.228,0.137
2007.12,-0.166,0.082,-0.165,0.072,-0.190,0.111,-0.224,0.135
2007.20,-0.162,0.079,-0.162,0.074,-0.189,0.109,-0.220,0.132
2007.29,-0.158,0.076,-0.158,0.076,-0.187,0.107,-0.215,0.130
2007.37,-0.155,0.074,-0.155,0.078,-0.185,0.104,-0.211,0.128
2007.45,-0.151,0.071,-0.151,0.079,-0.184,0.102,-0.207,0.126
2007.54,-0.147,0.068,-0.147,0.081,-0.182,0.100,-0.202,0.124
2007.62,-0.144,0.065,-0.144,0.083,-0.180,0.098,-0.198,0.122
2007.71,-0.140,0.063,-0.140,0.085,-0.179,0.096,-0.193,0.121
2007.79,-0.137,0.060,-0.136,0.086,-0.177,0.094,-0.189,0.119
2007.87,-0.133,0.058,-0.133,0.088,-0.176,0.092,-0.185,0.118
2007.96,-0.130,0.055,-0.129,0.090,-0.174,0.090,-0.180,0.116
2008.04,-0.126,0.053,-0.126,0.091,-0.172,0.088,-0.176,0.115
2008.12,-0.122,0.051,-0.122,0.093,-0.171,0.086,-0.172,0.114
2008.20,-0.119,0.049,-0.119,0.095,-0.169,0.084,-0.167,0.113
2008.29,-0.115,0.046,-0.115,0.096,-0.167,0.082,-0.163,0.112
2008.37,-0.112,0.045,-0.112,0.098,-0.166,0.081,-0.159,0.111
2008.45,-0.108,0.043,-0.108,0.099,-0.164,0.079,-0.154,0.111
2008.54,-0.105,0.041,-0.104,0.101,-0.163,0.077,-0.150,0.110
2008.62,-0.101,0.040,-0.101,0.103,-0.161,0.076,-0.145,0.110
2008.71,-0.098,0.039,-0.097,0.104,-0.159,0.074,-0.141,0.110
2008.79,-0.094,0.038,-0.094,0.106,-0.158,0.073,-0.137,0.110
2008.87,-0.091,0.037,-0.090,0.107,-0.156,0.072,-0.132,0.110
2008.96,-0.087,0.037,-0.087,0.109,-0.154,0.070,-0.128,0.110
2009.04,-0.084,0.037,-0.083,0.110,-0.153,0.069,-0.124,0.110
2009.12,-0.080,0.037,-0.080,0.112,-0.151,0.068,-0.119,0.111
2009.20,-0.077,0.038,-0.076,0.113,-0.149,0.067,-0.115,0.111
2009.29,-0.074,0.039,-0.073,0.115,-0.148,0.067,-0.111,0.112
2009.37,-0.070,0.040,-0.070,0.116,-0.146,0.066,-0.106,0.113
2009.45,-0.067,0.041,-0.066,0.117,-0.144,0.065,-0.102,0.114
2009.54,-0.063,0.042,-0.063,0.119,-0.143,0.065,-0.098,0.115
2009.62,-0.060,0.044,-0.059,0.120,-0.141,0.065,-0.093,0.116
2009.71,-0.056,0.046,-0.056,0.122,-0.139,0.064,-0.089,0.118
2009.79,-0.053,0.048,-0.052,0.123,-0.138,0.064,-0.085,0.119
2009.87,-0.050,0.050,-0.049,0.124,-0.136,0.064,-0.080,0.121
2009.96,-0.046,0.052,-0.046,0.126,-0.134,0.065,-0.076,0.123
2010.04,-0.043,0.054,-0.042,0.127,-0.132,0.065,-0.071,0.124
2010.12,-0.039,0.057,-0.039,0.128,-0.131,0.066,-0.067,0.126
2010.20,-0.036,0.059,-0.035,0.129,-0.129,0.066,-0.063,0.128
2010.29,-0.033,0.062,-0.032,0.131,-0.127,0.067,-0.058,0.130
2010.37,-0.029,0.064,-0.029,0.132,-0.126,0.068,-0.054,0.132
2010.45,-0.026,0.067,-0.025,0.133,-0.124,0.069,-0.050,0.134
2010.54,-0.023,0.070,-0.022,0.134,-0.122,0.070,-0.045,0.137
2010.62,-0.019,0.072,-0.018,0.136,-0.120,0.071,-0.041,0.139
2010.71,-0.016,0.075,-0.015,0.137,-0.119,0.072,-0.036,0.141
2010.79,-0.013,0.078,-0.012,0.138,-0.117,0.074,-0.032,0.144
2010.87,-0.009,0.081,-0.008,0.139,-0.115,0.075,-0.028,0.146
2010.96,-0.006,0.084,-0.005,0.140,-0.113,0.077,-0.023,0.149
2011.04,-0.003,0.087,-0.002,0.141,-0.112,0.079,-0.019,0.151
2011.12,0.001,0.090,0.001,0.143,-0.110,0.080,-0.014,0.154
2011.20,0.004,0.093,0.005,0.144,-0.108,0.082,-0.010,0.156
2011.29,0.007,0.096,0.008,0.145,-0.106,0.084,-0.006,0.159
2011.37,0.011,0.099,0.011,0.146,-0.104,0.086,-0.001,0.162
2011.45,0.014,0.102,0.015,0.147,-0.103,0.088,0.003,0.165
2011.54,0.017,0.105,0.018,0.148,-0.101,0.090,0.008,0.167
2011.62,0.021,0.108,0.021,0.149,-0.099,0.092,0.012,0.170
2011.71,0.024,0.111,0.024,0.150,-0.097,0.095,0.016,0.173
2011.79,0.027,0.114,0.028,0.151,-0.095,0.097,0.021,0.176
2011.87,0.030,0.117,0.031,0.152,-0.094,0.099,0.025,0.179
2011.96,0.034,0.120,0.034,0.153,-0.092,0.102,0.030,0.182
2012.04,0.037,0.123,0.037,0.154,-0.090,0.104,0.034,0.184
2012.12,0.040,0.126,0.040,0.155,-0.088,0.106,0.039,0.187
2012.20,0.043,0.129,0.044,0.156,-0.086,0.109,0.043,0.190
2012.29,0.046,0.132,0.047,0.157,-0.085,0.111,0.047,0.193
2012.37,0.050,0.136,0.050,0.158,-0.083,0.114,0.052,0.196
2012.45,0.053,0.139,0.053,0.159,-0.081,0.117,0.056,0.199
2012.54,0.056,0.142,0.056,0.160,-0.079,0.119,0.061,0.202
2012.62,0.059,0.145,0.059,0.161,-0.077,0.122,0.065,0.205
2012.71,0.062,0.148,0.062,0.162,-0.076,0.125,0.069,0.208
2012.79,0.065,0.151,0.065,0.163,-0.074,0.127,0.074,0.211
2012.87,0.069,0.154,0.068,0.164,-0.072,0.130,0.078,0.214
2012.96,0.072,0.158,0.071,0.165,-0.070,0.133,0.082,0.217
2013.04,0.075,0.161,0.074,0.166,-0.069,0.135,0.087,0.221
2013.12,0.078,0.164,0.077,0.167,-0.067,0.138,0.091,0.224
2013.20,0.081,0.167,0.080,0.167,-0.065,0.141,0.095,0.227
2013.29,0.084,0.170,0.083,0.168,-0.063,0.144,0.100,0.230
2013.37,0.087,0.174,0.086,0.169,-0.062,0.147,0.104,0.233
2013.45,0.090,0.177,0.089,0.170,-0.060,0.149,0.108,0.236
2013.54,0.093,0.180,0.092,0.171,-0.058,0.152,0.113,0.239
2013.62,0.096,0.183,0.095,0.172,-0.057,0.155,0.117,0.242
2013.71,0.099,0.186,0.098,0.173,-0.055,0.158,0.121,0.245
2013.79,0.102,0.189,0.101,0.174,-0.053,0.161,0.125,0.248
2013.87,0.105,0.193,0.104,0.175,-0.052,0.164,0.129,0.252
2013.96,0.108,0.196,0.106,0.176,-0.050,0.166,0.134,0.255
2014.04,0.110,0.199,0.109,0.176,-0.049,0.169,0.138,0.258
2014.12,0.113,0.202,0.112,0.177,-0.047,0.172,0.142,0.261
2014.20,0.116,0.205,0.114,0.178,-0.046,0.175,0.146,0.264
2014.29,0.119,0.209,0.117,0.179,-0.044,0.178,0.150,0.267
2014.37,0.121,0.212,0.120,0.180,-0.043,0.181,0.154,0.270
2014.45,0.124,0.215,0.122,0.181,-0.042,0.184,0.158,0.274
2014.54,0.127,0.218,0.125,0.182,-0.040,0.187,0.161,0.277
2014.62,0.129,0.221,0.127,0.183,-0.039,0.189,0.165,0.280
2014.71,0.132,0.225,0.130,0.184,-0.038,0.192,0.169,0.283
2014.79,0.134,0.228,0.132,0.185,-0.037,0.195,0.173,0.286
2014.87,0.137,0.231,0.134,0.186,-0.035,0.198,0.176,0.290
2014.96,0.139,0.234,0.137,0.186,-0.034,0.201,0.180,0.293
2015.04,0.141,0.237,0.139,0.187,-0.033,0.204,0.183,0.296
2015.12,0.144,0.241,0.141,0.188,-0.033,0.207,0.187,0.299
2015.20,0.146,0.244,0.143,0.189,-0.032,0.209,0.190,0.303
2015.29,0.148,0.247,0.145,0.190,-0.031,0.212,0.193,0.306
2015.37,0.150,0.250,0.147,0.191,-0.030,0.215,0.197,0.309
2015.45,0.152,0.254,0.149,0.192,-0.030,0.218,0.200,0.312
2015.54,0.154,0.257,0.150,0.193,-0.029,0.221,0.203,0.316
2015.62,0.156,0.260,0.152,0.194,-0.029,0.223,0.205,0.319
2015.71,0.157,0.263,0.154,0.195,-0.029,0.226,0.208,0.322
2015.79,0.159,0.267,0.155,0.195,-0.028,0.229,0.211,0.326
2015.87,0.160,0.270,0.157,0.196,-0.028,0.232,0.213,0.329
2015.96,0.162,0.273,0.158,0.197,-0.028,0.234,0.216,0.332
2016.04,0.163,0.277,0.159,0.197,-0.028,0.237,0.218,0.336
2016.12,0.164,0.279,0.160,0.197,-0.027,0.240,0.221,0.338
2016.20,0.165,0.281,0.161,0.196,-0.025,0.243,0.223,0.340
2016.29,0.166,0.284,0.161,0.195,-0.024,0.246,0.226,0.342
2016.37,0.167,0.286,0.162,0.194,-0.022,0.249,0.229,0.344
2016.45,0.168,0.288,0.163,0.193,-0.021,0.252,0.231,0.345
2016.54,0.169,0.290,0.163,0.192,-0.020,0.254,0.234,0.347
2016.62,0.170,0.292,0.164,0.191,-0.018,0.257,0.237,0.349
2016.71,0.171,0.295,0.164,0.190,-0.016,0.260,0.239,0.351
2016.79,0.172,0.297,0.165,0.188,-0.015,0.263,0.242,0.353
2016.87,0.173,0.299,0.165,0.187,-0.013,0.266,0.245,0.355
2016.96,0.174,0.301,0.166,0.186,-0.012,0.269,0.247,0.356
2017.04,0.175,0.303,0.166,0.185,-0.010,0.272,0.250,0.358
2017.12,0.176,0.305,0.167,0.184,-0.008,0.275,0.252,0.360
2017.20,0.177,0.307,0.167,0.183,-0.006,0.278,0.255,0.362
2017.29,0.178,0.308,0.168,0.182,-0.004,0.280,0.258,0.363
2017.37,0.179,0.310,0.168,0.180,-0.002,0.283,0.261,0.365
2017.45,0.180,0.312,0.169,0.179,0.000,0.286,0.263,0.366
2017.54,0.181,0.314,0.169,0.178,0.002,0.289,0.266,0.368
2017.62,0.182,0.316,0.170,0.177,0.004,0.292,0.269,0.370
2017.71,0.183,0.317,0.170,0.176,0.006,0.294,0.272,0.371
2017.79,0.184,0.319,0.170,0.175,0.008,0.297,0.274,0.373
2017.87,0.185,0.321,0.171,0.173,0.010,0.300,0.277,0.374
2017.96,0.186,0.323,0.171,0.172,0.012,0.303,0.280,0.375
2018.04,0.187,0.324,0.172,0.171,0.014,0.306,0.283,0.377
2018.12,0.188,0.326,0.172,0.170,0.017,0.308,0.286,0.378
2018.20,0.189,0.327,0.172,0.169,0.019,0.311,0.289,0.380
2018.29,0.190,0.329,0.173,0.168,0.022,0.314,0.292,0.381
2018.37,0.191,0.330,0.173,0.166,0.024,0.316,0.294,0.382
2018.45,0.192,0.332,0.174,0.165,0.027,0.319,0.297,0.384
2018.54,0.193,0.333,0.174,0.164,0.029,0.322,0.300,0.385
2018.62,0.194,0.334,0.175,0.163,0.032,0.325,0.303,0.386
2018.71,0.195,0.336,0.175,0.162,0.034,0.327,0.306,0.387
2018.79,0.195,0.337,0.175,0.161,0.037,0.330,0.309,0.388
2018.87,0.196,0.338,0.176,0.160,0.040,0.333,0.312,0.389
2018.96,0.197,0.339,0.176,0.159,0.042,0.335,0.315,0.391
2019.04,0.198,0.341,0.176,0.158,0.045,0.338,0.318,0.392
2019.12,0.199,0.342,0.177,0.157,0.048,0.341,0.321,0.393
2019.20,0.199,0.343,0.177,0.156,0.051,0.343,0.324,0.394
2019.29,0.200,0.344,0.178,0.155,0.053,0.346,0.328,0.395
2019.37,0.201,0.345,0.178,0.154,0.056,0.349,0.331,0.396
2019.45,0.202,0.346,0.178,0.153,0.059,0.351,0.334,0.397
2019.54,0.203,0.347,0.179,0.152,0.062,0.354,0.337,0.398
2019.62,0.204,0.348,0.179,0.151,0.065,0.357,0.340,0.398
2019.71,0.204,0.348,0.179,0.150,0.068,0.359,0.343,0.399
2019.79,0.205,0.349,0.180,0.149,0.071,0.362,0.346,0.400
2019.87,0.206,0.350,0.180,0.148,0.074,0.364,0.350,0.401
2019.96,0.206,0.351,0.180,0.147,0.077,0.367,0.353,0.402
2020.04,0.207,0.351,0.181,0.146,0.079,0.369,0.356,0.403
2020.12,0.208,0.352,0.181,0.145,0.082,0.372,0.359,0.403
2020.20,0.208,0.352,0.181,0.145,0.085,0.374,0.362,0.404
2020.29,0.209,0.353,0.182,0.144,0.088,0.377,0.365,0.405
2020.37,0.210,0.354,0.182,0.143,0.091,0.379,0.369,0.406
2020.45,0.211,0.354,0.183,0.142,0.094,0.381,0.372,0.406
2020.54,0.211,0.354,0.183,0.142,0.097,0.384,0.375,0.407
2020.62,0.212,0.355,0.183,0.141,0.100,0.386,0.378,0.407
2020.71,0.212,0.355,0.184,0.140,0.103,0.389,0.381,0.408
2020.79,0.213,0.355,0.184,0.140,0.106,0.391,0.385,0.409
2020.87,0.214,0.356,0.185,0.139,0.109,0.393,0.388,0.409
2020.96,0.214,0.356,0.185,0.139,0.111,0.395,0.391,0.410
2021.04,0.215,0.356,0.186,0.138,0.114,0.398,0.394,0.410
2021.12,0.215,0.356,0.186,0.138,0.117,0.400,0.397,0.411
2021.20,0.215,0.356,0.187,0.137,0.120,0.402,0.400,0.412
2021.29,0.216,0.356,0.187,0.137,0.123,0.404,0.403,0.412
2021.37,0.216,0.356,0.188,0.137,0.125,0.406,0.406,0.413
2021.45,0.217,0.356,0.188,0.137,0.128,0.408,0.410,0.413
2021.54,0.217,0.356,0.189,0.136,0.131,0.410,0.413,0.414
2021.62,0.218,0.356,0.189,0.136,0.134,0.412,0.416,0.414
2021.71,0.218,0.355,0.190,0.136,0.136,0.414,0.419,0.415
2021.79,0.219,0.355,0.190,0.136,0.139,0.416,0.422,0.415
2021.87,0.219,0.355,0.191,0.136,0.141,0.418,0.425,0.416
2021.96,0.219,0.354,0.191,0.136,0.144,0.420,0.427,0.417
2022.04,0.220,0.354,0.192,0.136,0.146,0.422,0.430,0.417
2022.12,0.220,0.354,0.192,0.136,0.149,0.423,0.433,0.418
2022.20,0.220,0.353,0.193,0.137,0.151,0.425,0.436,0.418
2022.29,0.221,0.353,0.193,0.137,0.154,0.427,0.439,0.419
2022.37,0.221,0.352,0.194,0.137,0.156,0.429,0.442,0.419
2022.45,0.221,0.351,0.194,0.137,0.159,0.430,0.444,0.419
2022.54,0.222,0.351,0.195,0.138,0.161,0.432,0.447,0.420
2022.62,0.222,0.350,0.195,0.138,0.163,0.433,0.450,0.420
2022.71,0.222,0.349,0.196,0.138,0.166,0.435,0.452,0.421
2022.79,0.223,0.348,0.196,0.139,0.168,0.436,0.455,0.421
2022.87,0.223,0.348,0.196,0.139,0.170,0.437,0.457,0.421
2022.96,0.223,0.347,0.197,0.140,0.172,0.439,0.460,0.421
2023.04,0.224,0.346,0.197,0.140,0.174,0.440,0.462,0.422
2023.12,0.224,0.345,0.197,0.141,0.177,0.441,0.464,0.422
2023.20,0.224,0.344,0.198,0.141,0.179,0.442,0.467,0.422
2023.29,0.225,0.343,0.198,0.142,0.181,0.443,0.469,0.422
2023.37,0.225,0.342,0.198,0.142,0.183,0.444,0.471,0.422
2023.45,0.226,0.341,0.198,0.143,0.185,0.445,0.473,0.422
2023.54,0.226,0.340,0.199,0.143,0.187,0.446,0.476,0.422
2023.62,0.227,0.339,0.199,0.144,0.189,0.447,0.478,0.422
2023.71,0.227,0.338,0.199,0.144,0.191,0.447,0.480,0.422
2023.79,0.228,0.336,0.199,0.145,0.193,0.448,0.482,0.422
2023.87,0.228,0.335,0.199,0.145,0.195,0.449,0.484,0.422
2023.96,0.229,0.334,0.199,0.146,0.197,0.450,0.486,0.421
2024.04,0.229,0.333,0.200,0.147,0.199,0.450,0.488,0.421
2024.12,0.230,0.331,0.200,0.147,0.201,0.451,0.490,0.421
2024.20,0.231,0.330,0.200,0.148,0.203,0.451,0.492,0.421
2024.29,0.232,0.329,0.200,0.148,0.205,0.452,0.494,0.420
2024.37,0.233,0.327,0.200,0.149,0.207,0.453,0.496,0.420
2024.45,0.233,0.326,0.200,0.149,0.209,0.453,0.498,0.419
2024.54,0.234,0.324,0.200,0.150,0.211,0.453,0.500,0.419
2024.62,0.235,0.323,0.200,0.150,0.213,0.454,0.502,0.418
2024.71,0.236,0.321,0.200,0.151,0.215,0.454,0.504,0.418
2024.79,0.237,0.320,0.201,0.151,0.217,0.455,0.505,0.417
2024.87,0.238,0.319,0.201,0.152,0.219,0.455,0.507,0.417
2024.96,0.240,0.317,0.201,0.152,0.221,0.455,0.509,0.416
2025.04,0.241,0.315,0.201,0.153,0.223,0.456,0.511,0.415
2025.12,0.242,0.314,0.201,0.153,0.225,0.456,0.513,0.414
2025.20,0.243,0.312,0.201,0.154,0.227,0.456,0.514,0.414
2025.29,0.245,0.311,0.201,0.154,0.229,0.456,0.516,0.413
2025.37,0.246,0.309,0.201,0.155,0.231,0.457,0.518,0.412
2025.45,0.248,0.308,0.202,0.155,0.233,0.457,0.520,0.411
2025.54,0.249,0.306,0.202,0.155,0.235,0.457,0.522,0.411
2025.62,0.251,0.305,0.202,0.156,0.238,0.457,0.524,0.410
2025.71,0.252,0.303,0.202,0.156,0.240,0.457,0.525,0.409
2025.79,0.254,0.302,0.202,0.156,0.242,0.457,0.527,0.408
2025.87,0.256,0.300,0.202,0.156,0.244,0.457,0.529,0.407
2025.96,0.257,0.299,0.203,0.157,0.246,0.457,0.531,0.406
2026.04,0.259,0.297,0.203,0.157,0.248,0.457,0.532,0.405
2026.12,0.261,0.296,0.203,0.157,0.250,0.457,0.534,0.404
2026.20,0.263,0.294,0.203,0.157,0.253,0.457,0.536,0.403
2026.29,0.265,0.293,0.204,0.157,0.255,0.457,0.538,0.403
2026.37,0.267,0.292,0.204,0.157,0.257,0.456,0.539,0.402
2026.45,0.269,0.290,0.204,0.157,0.260,0.456,0.541,0.401
2026.54,0.271,0.289,0.205,0.157,0.262,0.456,0.543,0.400
2026.62,0.273,0.287,0.205,0.157,0.265,0.456,0.544,0.399
2026.71,0.275,0.286,0.206,0.157,0.267,0.456,0.546,0.398
2026.79,0.278,0.285,0.206,0.157,0.269,0.455,0.548,0.397
2026.87,0.280,0.284,0.206,0.157,0.272,0.455,0.549,0.397
2026.96,0.282,0.282,0.207,0.157,0.274,0.455,0.551,0.396
2027.04,0.285,0.281,0.207,0.156,0.277,0.454,0.553,0.395
2027.12,0.287,0.280,0.208,0.156,0.279,0.454,0.554,0.394
2027.20,0.290,0.279,0.208,0.156,0.282,0.454,0.556,0.394
2027.29,0.292,0.278,0.209,0.156,0.284,0.453,0.557,0.393
2027.37,0.295,0.277,0.210,0.156,0.287,0.453,0.559,0.392
2027.45,0.297,0.276,0.211,0.155,0.289,0.452,0.561,0.392
2027.54,0.300,0.275,0.211,0.155,0.292,0.452,0.562,0.391
2027.62,0.303,0.274,0.212,0.155,0.295,0.452,0.564,0.391
2027.71,0.306,0.274,0.213,0.154,0.297,0.451,0.565,0.390
2027.79,0.308,0.273,0.214,0.154,0.300,0.451,0.567,0.390
2027.87,0.311,0.272,0.215,0.153,0.302,0.450,0.568,0.390
2027.96,0.314,0.272,0.216,0.153,0.305,0.450,0.570,0.389
2028.04,0.317,0.271,0.216,0.152,0.308,0.449,0.571,0.389
2028.12,0.320,0.271,0.217,0.152,0.310,0.449,0.573,0.389
2028.20,0.323,0.270,0.218,0.151,0.313,0.449,0.574,0.388
2028.29,0.326,0.270,0.220,0.151,0.315,0.448,0.576,0.388
2028.37,0.329,0.270,0.221,0.150,0.318,0.448,0.577,0.388
2028.45,0.332,0.270,0.222,0.150,0.321,0.447,0.579,0.388
2028.54,0.335,0.269,0.223,0.149,0.323,0.447,0.580,0.388
2028.62,0.338,0.269,0.224,0.149,0.326,0.446,0.582,0.388
2028.71,0.342,0.270,0.225,0.148,0.328,0.445,0.583,0.387
2028.79,0.345,0.270,0.227,0.147,0.331,0.445,0.584,0.387
2028.87,0.348,0.270,0.228,0.147,0.334,0.444,0.586,0.387
2028.96,0.351,0.270,0.229,0.146,0.336,0.444,0.587,0.387
2029.04,0.355,0.271,0.230,0.145,0.338,0.443,0.588,0.387
2029.12,0.358,0.271,0.231,0.145,0.341,0.442,0.589,0.387
2029.20,0.361,0.272,0.233,0.144,0.343,0.442,0.591,0.387
2029.29,0.365,0.272,0.234,0.143,0.346,0.441,0.592,0.387
2029.37,0.368,0.273,0.235,0.143,0.348,0.440,0.593,0.387
2029.45,0.372,0.274,0.236,0.142,0.351,0.440,0.594,0.386
2029.54,0.375,0.275,0.238,0.141,0.353,0.439,0.595,0.386
2029.62,0.379,0.275,0.239,0.141,0.356,0.438,0.596,0.386
2029.71,0.382,0.276,0.240,0.140,0.358,0.437,0.597,0.386
2029.79,0.385,0.277,0.241,0.139,0.361,0.437,0.598,0.386
2029.87,0.389,0.279,0.242,0.139,0.363,0.436,0.599,0.385
2029.96,0.392,0.280,0.243,0.138,0.365,0.435,0.600,0.385
2030.04,0.396,0.281,0.244,0.137,0.368,0.434,0.601,0.385
2030.12,0.400,0.282,0.246,0.137,0.370,0.433,0.602,0.384
2030.20,0.403,0.284,0.247,0.136,0.373,0.432,0.602,0.384
2030.29,0.407,0.285,0.248,0.136,0.375,0.432,0.603,0.383
2030.37,0.410,0.287,0.249,0.135,0.378,0.431,0.604,0.383
2030.45,0.414,0.288,0.250,0.135,0.380,0.430,0.605,0.383
2030.54,0.418,0.290,0.251,0.134,0.383,0.429,0.606,0.382
2030.62,0.422,0.291,0.252,0.134,0.385,0.428,0.606,0.382
2030.71,0.425,0.293,0.253,0.133,0.387,0.427,0.607,0.381
2030.79,0.429,0.295,0.254,0.133,0.390,0.426,0.607,0.380
2030.87,0.433,0.296,0.255,0.132,0.392,0.425,0.608,0.380
2030.96,0.436,0.298,0.256,0.132,0.395,0.424,0.608,0.379
2031.04,0.440,0.300,0.256,0.132,0.397,0.423,0.609,0.379
2031.12,0.444,0.302,0.257,0.132,0.399,0.422,0.609,0.378
2031.20,0.448,0.304,0.258,0.131,0.402,0.421,0.610,0.378
2031.29,0.452,0.306,0.259,0.131,0.404,0.420,0.610,0.377
2031.37,0.455,0.308,0.260,0.131,0.407,0.419,0.611,0.376
2031.45,0.459,0.310,0.260,0.131,0.409,0.418,0.611,0.376
2031.54,0.463,0.312,0.261,0.131,0.412,0.417,0.611,0.375
2031.62,0.467,0.314,0.262,0.130,0.414,0.416,0.612,0.375
2031.71,0.471,0.316,0.263,0.130,0.417,0.415,0.612,0.374
2031.79,0.475,0.318,0.263,0.130,0.419,0.414,0.612,0.373
2031.87,0.479,0.320,0.264,0.130,0.422,0.413,0.613,0.373
2031.96,0.483,0.322,0.264,0.130,0.424,0.412,0.613,0.372
2032.04,0.487,0.324,0.265,0.130,0.427,0.411,0.613,0.372
2032.12,0.491,0.326,0.266,0.130,0.429,0.410,0.613,0.371
2032.20,0.495,0.328,0.266,0.130,0.432,0.409,0.614,0.371
2032.29,0.499,0.331,0.267,0.130,0.435,0.408,0.614,0.370
2032.37,0.503,0.333,0.267,0.130,0.437,0.407,0.614,0.370
2032.45,0.507,0.335,0.268,0.130,0.440,0.406,0.614,0.369
2032.54,0.511,0.337,0.269,0.130,0.442,0.405,0.615,0.369
2032.62,0.516,0.339,0.269,0.130,0.445,0.404,0.615,0.369
2032.71,0.520,0.341,0.270,0.130,0.448,0.403,0.615,0.368
2032.79,0.524,0.343,0.270,0.130,0.450,0.402,0.615,0.368
2032.87,0.528,0.345,0.271,0.130,0.453,0.402,0.616,0.368
2032.96,0.532,0.347,0.271,0.130,0.455,0.401,0.616,0.368
2033.04,0.537,0.349,0.272,0.130,0.458,0.400,0.616,0.368
2033.12,0.541,0.352,0.273,0.130,0.461,0.399,0.616,0.367
2033.20,0.545,0.354,0.273,0.129,0.463,0.398,0.616,0.367
2033.29,0.550,0.356,0.274,0.129,0.466,0.397,0.617,0.367
2033.37,0.554,0.358,0.275,0.129,0.469,0.396,0.617,0.367
2033.45,0.559,0.360,0.276,0.129,0.471,0.396,0.617,0.367
2033.54,0.563,0.362,0.277,0.129,0.474,0.395,0.617,0.367
2033.62,0.568,0.364,0.278,0.128,0.477,0.394,0.618,0.368
2033.71,0.572,0.366,0.279,0.128,0.479,0.393,0.618,0.368
2033.79,0.576,0.368,0.280,0.128,0.482,0.393,0.618,0.368
2033.87,0.581,0.370,0.281,0.128,0.485,0.392,0.618,0.368
2033.96,0.585,0.372,0.282,0.127,0.487,0.391,0.618,0.368
2034.04,0.590,0.373,0.283,0.127,0.490,0.390,0.618,0.368
2034.12,0.594,0.375,0.284,0.126,0.493,0.390,0.618,0.369
2034.20,0.599,0.377,0.285,0.126,0.495,0.389,0.618,0.369
2034.29,0.604,0.379,0.287,0.126,0.498,0.388,0.619,0.369
2034.37,0.608,0.381,0.288,0.125,0.501,0.387,0.619,0.370
2034.45,0.613,0.383,0.290,0.125,0.504,0.387,0.619,0.370
2034.54,0.618,0.384,0.291,0.124,0.507,0.386,0.619,0.370
2034.62,0.622,0.386,0.293,0.124,0.509,0.385,0.619,0.371
2034.71,0.627,0.388,0.294,0.124,0.512,0.385,0.619,0.371
2034.79,0.632,0.390,0.296,0.123,0.515,0.384,0.619,0.371
2034.87,0.636,0.391,0.298,0.123,0.518,0.384,0.619,0.372
2034.96,0.641,0.393,0.300,0.123,0.521,0.383,0.619,0.372
2035.04,0.646,0.394,0.302,0.122,0.523,0.382,0.618,0.372
2035.12,0.650,0.396,0.304,0.122,0.526,0.382,0.618,0.373
2035.20,0.655,0.398,0.306,0.122,0.529,0.381,0.618,0.373
2035.29,0.660,0.399,0.308,0.122,0.532,0.381,0.618,0.373
2035.37,0.665,0.401,0.310,0.122,0.535,0.380,0.618,0.374
2035.45,0.669,0.402,0.312,0.121,0.538,0.380,0.618,0.374
2035.54,0.674,0.404,0.315,0.121,0.541,0.380,0.617,0.374
2035.62,0.679,0.405,0.317,0.122,0.544,0.379,0.617,0.375
2035.71,0.684,0.407,0.320,0.122,0.547,0.379,0.617,0.375
2035.79,0.688,0.408,0.322,0.122,0.550,0.379,0.617,0.375
2035.87,0.693,0.409,0.325,0.122,0.553,0.379,0.616,0.376
2035.96,0.697,0.411,0.328,0.122,0.556,0.378,0.616,0.376
2036.04,0.702,0.412,0.330,0.123,0.559,0.378,0.616,0.376
2036.12,0.707,0.414,0.333,0.123,0.562,0.378,0.615,0.377
2036.20,0.711,0.415,0.336,0.124,0.565,0.378,0.615,0.377
2036.29,0.716,0.416,0.339,0.125,0.568,0.378,0.615,0.377
2036.37,0.720,0.418,0.342,0.126,0.571,0.378,0.614,0.377
2036.45,0.725,0.419,0.346,0.126,0.574,0.378,0.614,0.377
2036.54,0.730,0.420,0.349,0.127,0.577,0.378,0.614,0.378
2036.62,0.734,0.422,0.352,0.129,0.580,0.378,0.613,0.378
2036.71,0.739,0.423,0.356,0.130,0.583,0.378,0.613,0.378
2036.79,0.743,0.424,0.359,0.131,0.586,0.379,0.612,0.378
2036.87,0.747,0.425,0.363,0.132,0.589,0.379,0.612,0.378
2036.96,0.752,0.427,0.366,0.134,0.592,0.379,0.612,0.379
2037.04,0.756,0.428,0.370,0.135,0.595,0.380,0.611,0.379
2037.12,0.761,0.429,0.374,0.137,0.598,0.380,0.611,0.379
2037.20,0.765,0.430,0.377,0.139,0.601,0.380,0.610,0.379
2037.29,0.769,0.432,0.381,0.140,0.604,0.381,0.610,0.379
2037.37,0.774,0.433,0.385,0.142,0.607,0.381,0.610,0.379
2037.45,0.778,0.434,0.390,0.144,0.610,0.382,0.609,0.379
2037.54,0.782,0.435,0.394,0.146,0.613,0.382,0.609,0.379
2037.62,0.786,0.436,0.398,0.148,0.616,0.383,0.609,0.379
2037.71,0.791,0.438,0.402,0.150,0.619,0.384,0.608,0.379
2037.79,0.795,0.439,0.407,0.152,0.622,0.384,0.608,0.379
2037.87,0.799,0.440,0.411,0.155,0.625,0.385,0.608,0.379
2037.96,0.803,0.441,0.416,0.157,0.628,0.386,0.607,0.379
2038.04,0.807,0.442,0.420,0.159,0.631,0.386,0.607,0.378
2038.12,0.811,0.444,0.425,0.161,0.634,0.387,0.607,0.378
2038.20,0.815,0.445,0.430,0.164,0.637,0.388,0.607,0.378
2038.29,0.819,0.446,0.434,0.166,0.639,0.388,0.606,0.378
2038.37,0.823,0.447,0.439,0.169,0.642,0.389,0.606,0.378
2038.45,0.827,0.448,0.444,0.171,0.645,0.390,0.606,0.377
2038.54,0.831,0.449,0.449,0.174,0.648,0.391,0.606,0.377
2038.62,0.835,0.450,0.454,0.176,0.651,0.391,0.606,0.377
2038.71,0.839,0.451,0.459,0.179,0.654,0.392,0.606,0.376
2038.79,0.843,0.452,0.464,0.181,0.656,0.393,0.605,0.376
2038.87,0.846,0.453,0.469,0.184,0.659,0.393,0.605,0.376
2038.96,0.850,0.454,0.474,0.186,0.662,0.394,0.605,0.375
2039.04,0.854,0.455,0.479,0.189,0.665,0.395,0.605,0.375
2039.12,0.858,0.456,0.485,0.191,0.667,0.396,0.605,0.375
2039.20,0.861,0.457,0.490,0.194,0.670,0.396,0.605,0.374
2039.29,0.865,0.458,0.495,0.197,0.673,0.397,0.605,0.374
2039.37,0.869,0.458,0.500,0.199,0.676,0.398,0.605,0.374
2039.45,0.872,0.459,0.505,0.202,0.678,0.398,0.605,0.373
2039.54,0.876,0.460,0.511,0.205,0.681,0.399,0.606,0.373
2039.62,0.880,0.460,0.516,0.207,0.684,0.400,0.606,0.372
2039.71,0.883,0.461,0.521,0.210,0.686,0.400,0.606,0.372
2039.79,0.887,0.461,0.526,0.213,0.689,0.401,0.606,0.372
2039.87,0.890,0.462,0.531,0.215,0.692,0.401,0.607,0.371
2039.96,0.894,0.462,0.536,0.218,0.694,0.402,0.607,0.371
2040.04,0.897,0.462,0.541,0.221,0.697,0.402,0.607,0.371
2040.12,0.901,0.463,0.546,0.223,0.699,0.403,0.608,0.370
2040.20,0.904,0.463,0.551,0.226,0.702,0.403,0.608,0.370
2040.29,0.908,0.463,0.556,0.228,0.704,0.404,0.608,0.370
2040.37,0.911,0.463,0.561,0.231,0.707,0.404,0.609,0.370
2040.45,0.915,0.463,0.566,0.234,0.710,0.405,0.610,0.369
2040.54,0.918,0.463,0.571,0.236,0.712,0.405,0.610,0.369
2040.62,0.921,0.463,0.576,0.239,0.715,0.405,0.611,0.369
2040.71,0.925,0.463,0.581,0.241,0.717,0.406,0.611,0.369
2040.79,0.928,0.463,0.586,0.243,0.720,0.406,0.612,0.369
2040.87,0.931,0.463,0.591,0.246,0.722,0.406,0.613,0.368
2040.96,0.935,0.463,0.595,0.248,0.724,0.406,0.613,0.368
2041.04,0.938,0.463,0.600,0.250,0.727,0.406,0.614,0.368
2041.12,0.941,0.463,0.605,0.252,0.729,0.406,0.615,0.368
2041.20,0.944,0.462,0.609,0.254,0.731,0.406,0.616,0.368
2041.29,0.948,0.462,0.614,0.256,0.734,0.406,0.617,0.368
2041.37,0.951,0.462,0.618,0.258,0.736,0.406,0.618,0.368
2041.45,0.954,0.461,0.623,0.259,0.738,0.406,0.619,0.368
2041.54,0.957,0.461,0.627,0.261,0.741,0.406,0.620,0.368
2041.62,0.960,0.460,0.632,0.263,0.743,0.406,0.621,0.368
2041.71,0.964,0.460,0.636,0.264,0.745,0.406,0.622,0.368
2041.79,0.967,0.459,0.640,0.265,0.747,0.406,0.623,0.368
2041.87,0.970,0.459,0.645,0.267,0.749,0.405,0.624,0.369
2041.96,0.973,0.458,0.649,0.268,0.751,0.405,0.625,0.369
2042.04,0.976,0.457,0.653,0.269,0.753,0.405,0.626,0.369
2042.12,0.979,0.457,0.657,0.270,0.755,0.405,0.627,0.369
2042.20,0.982,0.456,0.661,0.271,0.757,0.404,0.628,0.370
2042.29,0.985,0.455,0.665,0.272,0.759,0.404,0.629,0.370
2042.37,0.988,0.455,0.669,0.272,0.761,0.403,0.630,0.370
2042.45,0.991,0.454,0.673,0.273,0.763,0.403,0.632,0.371
2042.54,0.994,0.453,0.677,0.274,0.765,0.403,0.633,0.371
2042.62,0.997,0.452,0.681,0.274,0.766,0.402,0.634,0.372
2042.71,1.000,0.451,0.685,0.274,0.768,0.402,0.635,0.372
2042.79,1.003,0.450,0.688,0.275,0.770,0.402,0.636,0.373
2042.87,1.005,0.450,0.692,0.275,0.771,0.401,0.638,0.373
2042.96,1.008,0.449,0.696,0.275,0.773,0.401,0.639,0.374
2043.04,1.011,0.448,0.699,0.275,0.775,0.401,0.640,0.374
2043.12,1.014,0.447,0.703,0.275,0.776,0.400,0.641,0.375
2043.20,1.017,0.446,0.706,0.275,0.778,0.400,0.642,0.376
2043.29,1.019,0.445,0.709,0.275,0.779,0.400,0.644,0.377
2043.37,1.022,0.444,0.713,0.275,0.781,0.400,0.645,0.377
2043.45,1.025,0.442,0.716,0.275,0.782,0.399,0.646,0.378
2043.54,1.027,0.441,0.719,0.274,0.784,0.399,0.647,0.379
2043.62,1.030,0.440,0.722,0.274,0.785,0.399,0.648,0.380
2043.71,1.032,0.439,0.726,0.273,0.786,0.399,0.650,0.381
2043.79,1.035,0.438,0.729,0.273,0.788,0.399,0.651,0.382
2043.87,1.037,0.437,0.732,0.272,0.789,0.399,0.652,0.383
2043.96,1.040,0.436,0.735,0.272,0.790,0.400,0.653,0.384
2044.04,1.042,0.434,0.737,0.271,0.791,0.400,0.654,0.385
2044.12,1.045,0.433,0.740,0.270,0.792,0.400,0.655,0.386
2044.20,1.047,0.432,0.743,0.270,0.794,0.401,0.656,0.387
2044.29,1.049,0.431,0.746,0.269,0.795,0.401,0.658,0.388
2044.37,1.051,0.429,0.749,0.268,0.796,0.402,0.659,0.389
2044.45,1.054,0.428,0.751,0.267,0.797,0.402,0.660,0.390
2044.54,1.056,0.427,0.754,0.266,0.798,0.403,0.661,0.392
2044.62,1.058,0.426,0.757,0.265,0.799,0.404,0.662,0.393
2044.71,1.060,0.424,0.759,0.264,0.801,0.405,0.663,0.394
2044.79,1.062,0.423,0.762,0.263,0.802,0.406,0.664,0.395
2044.87,1.064,0.422,0.764,0.262,0.803,0.407,0.665,0.397
2044.96,1.066,0.421,0.767,0.260,0.804,0.408,0.666,0.398
2045.04,1.068,0.419,0.769,0.259,0.804,0.409,0.667,0.400
2045.12,1.070,0.418,0.771,0.258,0.805,0.410,0.668,0.401
2045.20,1.072,0.417,0.774,0.256,0.806,0.412,0.669,0.403
2045.29,1.074,0.415,0.776,0.255,0.807,0.413,0.670,0.404
2045.37,1.076,0.414,0.778,0.253,0.808,0.415,0.672,0.406
2045.45,1.078,0.413,0.781,0.252,0.809,0.417,0.673,0.407
2045.54,1.080,0.412,0.783,0.251,0.810,0.418,0.674,0.409
2045.62,1.082,0.410,0.785,0.249,0.811,0.420,0.675,0.410
2045.71,1.084,0.409,0.787,0.248,0.812,0.422,0.676,0.412
2045.79,1.086,0.408,0.789,0.246,0.813,0.424,0.677,0.414
2045.87,1.088,0.407,0.791,0.244,0.814,0.426,0.678,0.415
2045.96,1.090,0.406,0.792,0.243,0.814,0.429,0.679,0.417
2046.04,1.092,0.404,0.794,0.241,0.815,0.431,0.680,0.419
2046.12,1.093,0.403,0.796,0.240,0.816,0.433,0.681,0.420
2046.20,1.095,0.402,0.797,0.238,0.817,0.436,0.682,0.422
2046.29,1.097,0.401,0.799,0.237,0.818,0.438,0.683,0.424
2046.37,1.099,0.400,0.801,0.235,0.819,0.441,0.684,0.426
2046.45,1.101,0.399,0.802,0.234,0.820,0.443,0.685,0.427
2046.54,1.103,0.398,0.803,0.232,0.820,0.446,0.686,0.429
2046.62,1.105,0.396,0.805,0.231,0.821,0.449,0.687,0.431
2046.71,1.107,0.395,0.806,0.229,0.822,0.452,0.688,0.433
2046.79,1.108,0.394,0.807,0.228,0.823,0.454,0.689,0.434
2046.87,1.110,0.393,0.808,0.226,0.824,0.457,0.690,0.436
2046.96,1.112,0.392,0.809,0.225,0.825,0.460,0.691,0.438
2047.04,1.114,0.391,0.809,0.223,0.825,0.463,0.692,0.440
2047.12,1.116,0.390,0.810,0.222,0.826,0.466,0.693,0.442
2047.20,1.118,0.390,0.811,0.221,0.827,0.469,0.694,0.443
2047.29,1.120,0.389,0.811,0.220,0.828,0.473,0.695,0.445
2047.37,1.121,0.388,0.812,0.219,0.829,0.476,0.696,0.447
2047.45,1.123,0.387,0.812,0.218,0.830,0.479,0.697,0.449
2047.54,1.125,0.386,0.812,0.217,0.831,0.482,0.698,0.450
2047.62,1.127,0.385,0.812,0.216,0.832,0.485,0.698,0.452
2047.71,1.129,0.385,0.812,0.215,0.834,0.488,0.699,0.454
2047.79,1.131,0.384,0.812,0.214,0.835,0.492,0.700,0.456
2047.87,1.133,0.383,0.812,0.214,0.836,0.495,0.701,0.457
2047.96,1.135,0.383,0.812,0.213,0.837,0.498,0.701,0.459
2048.04,1.137,0.382,0.811,0.213,0.838,0.501,0.702,0.461
2048.12,1.139,0.382,0.811,0.212,0.839,0.505,0.703,0.463
2048.20,1.141,0.381,0.810,0.212,0.840,0.508,0.704,0.464
2048.29,1.143,0.381,0.809,0.212,0.841,0.511,0.704,0.466
2048.37,1.145,0.380,0.809,0.211,0.843,0.514,0.705,0.468
2048.45,1.148,0.380,0.808,0.211,0.844,0.517,0.706,0.470
2048.54,1.150,0.380,0.807,0.211,0.845,0.521,0.706,0.471
2048.62,1.152,0.379,0.806,0.211,0.847,0.524,0.707,0.473
2048.71,1.154,0.379,0.805,0.212,0.848,0.527,0.708,0.475
2048.79,1.156,0.379,0.804,0.212,0.849,0.530,0.708,0.477
2048.87,1.158,0.379,0.803,0.212,0.850,0.533,0.709,0.478
2048.96,1.160,0.379,0.801,0.212,0.851,0.536,0.710,0.480
2049.04,1.162,0.379,0.800,0.213,0.853,0.539,0.710,0.482
2049.12,1.164,0.379,0.799,0.213,0.854,0.542,0.711,0.483
2049.20,1.167,0.379,0.797,0.214,0.855,0.545,0.711,0.485
2049.29,1.169,0.379,0.796,0.215,0.856,0.548,0.712,0.486
2049.37,1.171,0.379,0.794,0.215,0.858,0.551,0.713,0.488
2049.45,1.173,0.379,0.793,0.216,0.859,0.553,0.713,0.490
2049.54,1.176,0.380,0.791,0.217,0.860,0.556,0.714,0.491
2049.62,1.178,0.380,0.790,0.218,0.861,0.559,0.714,0.492
2049.71,1.180,0.380,0.788,0.219,0.863,0.562,0.715,0.494
2049.79,1.183,0.381,0.786,0.220,0.864,0.564,0.715,0.495
2049.87,1.185,0.381,0.784,0.221,0.865,0.567,0.716,0.497
2049.96,1.187,0.382,0.782,0.222,0.866,0.569,0.716,0.498
2050.04,1.190,0.383,0.780,0.223,0.867,0.572,0.716,0.499
2050.12,1.192,0.383,0.779,0.224,0.868,0.574,0.717,0.500
2050.20,1.195,0.384,0.777,0.225,0.869,0.576,0.717,0.501
2050.29,1.197,0.385,0.775,0.227,0.870,0.579,0.718,0.502
2050.37,1.200,0.386,0.773,0.228,0.871,0.581,0.718,0.503
2050.45,1.202,0.387,0.771,0.229,0.872,0.583,0.718,0.504
2050.54,1.205,0.388,0.769,0.230,0.873,0.585,0.719,0.505
2050.62,1.207,0.389,0.767,0.232,0.874,0.587,0.719,0.506
2050.71,1.210,0.390,0.765,0.233,0.875,0.590,0.719,0.507
2050.79,1.212,0.391,0.763,0.234,0.876,0.592,0.719,0.508
2050.87,1.215,0.392,0.761,0.236,0.876,0.594,0.720,0.508
2050.96,1.217,0.393,0.758,0.237,0.877,0.595,0.720,0.509
2051.04,1.220,0.395,0.756,0.238,0.878,0.597,0.720,0.509
2051.12,1.223,0.396,0.754,0.239,0.878,0.599,0.720,0.510
2051.20,1.225,0.397,0.752,0.241,0.879,0.601,0.720,0.510
2051.29,1.228,0.399,0.750,0.242,0.880,0.603,0.720,0.510
2051.37,1.231,0.400,0.748,0.243,0.880,0.604,0.720,0.511
2051.45,1.234,0.402,0.746,0.244,0.881,0.606,0.720,0.511
2051.54,1.236,0.403,0.744,0.245,0.881,0.607,0.720,0.511
2051.62,1.239,0.405,0.742,0.246,0.882,0.609,0.720,0.511
2051.71,1.242,0.407,0.740,0.247,0.882,0.611,0.720,0.511
2051.79,1.245,0.409,0.738,0.248,0.882,0.612,0.720,0.511
2051.87,1.248,0.410,0.736,0.249,0.882,0.614,0.719,0.511
2051.96,1.250,0.412,0.734,0.250,0.883,0.615,0.719,0.511
2052.04,1.253,0.414,0.732,0.251,0.883,0.616,0.719,0.510
2052.12,1.256,0.416,0.730,0.252,0.883,0.618,0.718,0.510
2052.20,1.259,0.418,0.729,0.253,0.883,0.619,0.718,0.510
2052.29,1.262,0.420,0.727,0.254,0.883,0.621,0.717,0.509
2052.37,1.265,0.422,0.725,0.254,0.883,0.622,0.717,0.509
2052.45,1.268,0.424,0.723,0.255,0.884,0.623,0.716,0.509
2052.54,1.271,0.426,0.722,0.256,0.884,0.624,0.716,0.508
2052.62,1.274,0.429,0.720,0.256,0.884,0.626,0.715,0.508
2052.71,1.277,0.431,0.718,0.257,0.884,0.627,0.715,0.507
2052.79,1.280,0.433,0.717,0.258,0.884,0.628,0.714,0.506
2052.87,1.283,0.435,0.715,0.258,0.883,0.630,0.714,0.506
2052.96,1.286,0.438,0.713,0.259,0.883,0.631,0.713,0.505
2053.04,1.289,0.440,0.712,0.259,0.883,0.632,0.712,0.505
2053.12,1.292,0.442,0.710,0.259,0.883,0.633,0.711,0.504
2053.20,1.295,0.445,0.709,0.259,0.883,0.634,0.711,0.503
2053.29,1.298,0.447,0.707,0.260,0.883,0.636,0.710,0.502
2053.37,1.302,0.450,0.706,0.260,0.883,0.637,0.709,0.502
2053.45,1.305,0.452,0.704,0.260,0.883,0.638,0.709,0.501
2053.54,1.308,0.455,0.703,0.260,0.883,0.639,0.708,0.500
2053.62,1.311,0.457,0.702,0.260,0.883,0.641,0.707,0.499
2053.71,1.314,0.460,0.701,0.260,0.883,0.642,0.707,0.499
2053.79,1.317,0.462,0.699,0.260,0.883,0.643,0.706,0.498
2053.87,1.320,0.465,0.698,0.260,0.883,0.644,0.705,0.497
2053.96,1.323,0.468,0.697,0.259,0.883,0.645,0.704,0.496
2054.04,1.326,0.470,0.696,0.259,0.883,0.646,0.704,0.495
2054.12,1.329,0.473,0.694,0.259,0.883,0.647,0.703,0.495
2054.20,1.332,0.475,0.693,0.258,0.883,0.649,0.702,0.494
2054.29,1.335,0.478,0.692,0.258,0.884,0.650,0.701,0.493
2054.37,1.338,0.481,0.691,0.257,0.884,0.651,0.701,0.492
2054.45,1.341,0.483,0.690,0.257,0.884,0.652,0.700,0.491
2054.54,1.344,0.486,0.689,0.256,0.885,0.653,0.699,0.490
2054.62,1.347,0.489,0.688,0.256,0.885,0.654,0.699,0.489
2054.71,1.350,0.491,0.687,0.255,0.885,0.655,0.698,0.489
2054.79,1.353,0.494,0.686,0.254,0.886,0.656,0.697,0.488
2054.87,1.356,0.497,0.685,0.253,0.886,0.657,0.697,0.487
2054.96,1.359,0.499,0.685,0.253,0.886,0.658,0.696,0.486
2055.04,1.362,0.502,0.684,0.252,0.887,0.659,0.695,0.485
2055.12,1.365,0.505,0.683,0.251,0.887,0.660,0.694,0.484
2055.20,1.368,0.507,0.682,0.250,0.888,0.661,0.693,0.483
2055.29,1.372,0.510,0.682,0.249,0.889,0.662,0.693,0.483
2055.37,1.375,0.513,0.681,0.249,0.890,0.663,0.692,0.482
2055.45,1.378,0.515,0.680,0.248,0.890,0.664,0.691,0.481
2055.54,1.381,0.518,0.680,0.247,0.891,0.664,0.691,0.480
2055.62,1.384,0.520,0.679,0.246,0.892,0.665,0.690,0.479
2055.71,1.387,0.523,0.679,0.245,0.893,0.666,0.689,0.478
2055.79,1.390,0.525,0.678,0.244,0.894,0.667,0.688,0.478
2055.87,1.393,0.528,0.678,0.244,0.895,0.667,0.687,0.477
2055.96,1.397,0.531,0.678,0.243,0.896,0.668,0.686,0.476
2056.04,1.400,0.533,0.677,0.242,0.897,0.669,0.685,0.475
2056.12,1.403,0.536,0.677,0.241,0.898,0.669,0.684,0.474
2056.20,1.406,0.538,0.677,0.240,0.900,0.670,0.684,0.474
2056.29,1.410,0.540,0.676,0.239,0.901,0.670,0.683,0.473
2056.37,1.413,0.543,0.676,0.239,0.902,0.671,0.682,0.472
2056.45,1.416,0.545,0.676,0.238,0.904,0.671,0.681,0.471
2056.54,1.420,0.548,0.676,0.237,0.905,0.672,0.680,0.471
2056.62,1.423,0.550,0.676,0.236,0.907,0.672,0.679,0.470
2056.71,1.427,0.553,0.676,0.236,0.909,0.672,0.678,0.469
2056.79,1.430,0.555,0.676,0.235,0.910,0.673,0.677,0.468
2056.87,1.434,0.557,0.675,0.234,0.912,0.673,0.676,0.468
2056.96,1.438,0.560,0.675,0.234,0.913,0.673,0.674,0.467
2057.04,1.441,0.562,0.675,0.233,0.915,0.673,0.673,0.466
2057.12,1.445,0.564,0.675,0.233,0.917,0.673,0.672,0.466
2057.20,1.449,0.567,0.675,0.232,0.918,0.673,0.671,0.465
2057.29,1.453,0.569,0.676,0.231,0.920,0.673,0.670,0.464
2057.37,1.457,0.571,0.676,0.231,0.922,0.673,0.669,0.463
2057.45,1.461,0.574,0.676,0.230,0.924,0.673,0.668,0.463
2057.54,1.465,0.576,0.676,0.230,0.926,0.673,0.667,0.462
2057.62,1.469,0.578,0.677,0.230,0.928,0.673,0.666,0.461
2057.71,1.473,0.580,0.677,0.229,0.929,0.673,0.665,0.461
2057.79,1.477,0.583,0.677,0.229,0.931,0.672,0.663,0.460
2057.87,1.481,0.585,0.678,0.228,0.933,0.672,0.662,0.459
2057.96,1.485,0.587,0.678,0.228,0.935,0.672,0.661,0.458
2058.04,1.489,0.589,0.678,0.228,0.936,0.672,0.660,0.458
2058.12,1.494,0.591,0.679,0.227,0.938,0.671,0.659,0.457
2058.20,1.498,0.594,0.680,0.227,0.940,0.671,0.657,0.457
2058.29,1.502,0.596,0.680,0.227,0.942,0.671,0.656,0.456
2058.37,1.507,0.598,0.681,0.227,0.943,0.670,0.655,0.455
2058.45,1.511,0.600,0.682,0.227,0.945,0.670,0.654,0.455
2058.54,1.516,0.602,0.683,0.227,0.947,0.670,0.653,0.454
2058.62,1.520,0.604,0.684,0.227,0.948,0.669,0.652,0.454
2058.71,1.525,0.606,0.685,0.227,0.950,0.669,0.651,0.453
2058.79,1.529,0.608,0.686,0.227,0.951,0.668,0.649,0.453
2058.87,1.534,0.610,0.687,0.227,0.953,0.668,0.648,0.452
2058.96,1.538,0.612,0.688,0.227,0.954,0.668,0.647,0.452
2059.04,1.543,0.613,0.689,0.227,0.956,0.667,0.646,0.451
2059.12,1.548,0.615,0.690,0.227,0.957,0.667,0.644,0.451
2059.20,1.552,0.617,0.691,0.228,0.958,0.667,0.643,0.451
2059.29,1.557,0.619,0.693,0.228,0.959,0.666,0.642,0.450
2059.37,1.562,0.620,0.694,0.228,0.961,0.666,0.641,0.450
2059.45,1.566,0.622,0.696,0.228,0.962,0.666,0.640,0.450
2059.54,1.571,0.623,0.697,0.229,0.963,0.665,0.638,0.450
2059.62,1.576,0.625,0.699,0.229,0.964,0.665,0.637,0.449
2059.71,1.581,0.626,0.701,0.229,0.965,0.665,0.636,0.449
2059.79,1.585,0.628,0.702,0.230,0.966,0.664,0.635,0.449
2059.87,1.590,0.629,0.704,0.230,0.967,0.664,0.634,0.449
2059.96,1.595,0.630,0.706,0.231,0.968,0.664,0.632,0.449
2060.04,1.600,0.631,0.708,0.231,0.968,0.664,0.631,0.449
2060.12,1.604,0.632,0.710,0.231,0.969,0.664,0.630,0.449
2060.20,1.609,0.634,0.712,0.232,0.970,0.664,0.629,0.449
2060.29,1.614,0.635,0.714,0.232,0.971,0.664,0.628,0.449
2060.37,1.619,0.635,0.717,0.233,0.972,0.663,0.627,0.449
2060.45,1.623,0.636,0.719,0.233,0.972,0.663,0.626,0.449
2060.54,1.628,0.637,0.721,0.234,0.973,0.663,0.625,0.449
2060.62,1.633,0.638,0.724,0.234,0.974,0.664,0.624,0.449
2060.71,1.638,0.639,0.726,0.235,0.974,0.664,0.623,0.449
2060.79,1.642,0.639,0.729,0.235,0.975,0.664,0.621,0.450
2060.87,1.647,0.640,0.731,0.236,0.975,0.664,0.620,0.450
2060.96,1.652,0.640,0.734,0.236,0.976,0.664,0.619,0.450
2061.04,1.656,0.641,0.737,0.236,0.976,0.664,0.618,0.450
2061.12,1.661,0.641,0.740,0.237,0.977,0.665,0.617,0.451
2061.20,1.666,0.642,0.743,0.237,0.977,0.665,0.616,0.451
2061.29,1.670,0.642,0.746,0.238,0.978,0.665,0.615,0.451
2061.37,1.675,0.642,0.749,0.238,0.978,0.666,0.614,0.452
2061.45,1.679,0.642,0.752,0.239,0.979,0.666,0.614,0.452
2061.54,1.684,0.643,0.755,0.239,0.979,0.666,0.613,0.452
2061.62,1.689,0.643,0.759,0.240,0.980,0.667,0.612,0.453
2061.71,1.693,0.643,0.762,0.240,0.980,0.667,0.611,0.453
2061.79,1.698,0.643,0.765,0.240,0.981,0.668,0.610,0.454
2061.87,1.702,0.643,0.769,0.241,0.981,0.669,0.609,0.454
2061.96,1.706,0.643,0.772,0.241,0.982,0.669,0.608,0.455
2062.04,1.711,0.643,0.776,0.242,0.982,0.670,0.607,0.455
2062.12,1.715,0.643,0.780,0.242,0.983,0.670,0.606,0.455
2062.20,1.719,0.643,0.783,0.243,0.983,0.671,0.606,0.456
2062.29,1.724,0.643,0.787,0.243,0.984,0.672,0.605,0.456
2062.37,1.728,0.643,0.791,0.243,0.984,0.673,0.604,0.457
2062.45,1.732,0.643,0.795,0.244,0.985,0.673,0.603,0.457
2062.54,1.737,0.643,0.799,0.244,0.986,0.674,0.602,0.457
2062.62,1.741,0.642,0.803,0.244,0.986,0.675,0.602,0.458
2062.71,1.745,0.642,0.807,0.245,0.987,0.676,0.601,0.458
2062.79,1.749,0.642,0.811,0.245,0.987,0.677,0.600,0.459
2062.87,1.753,0.642,0.815,0.245,0.988,0.678,0.599,0.459
2062.96,1.757,0.642,0.819,0.245,0.989,0.679,0.599,0.459
2063.04,1.761,0.642,0.824,0.246,0.989,0.680,0.598,0.459
2063.12,1.765,0.642,0.828,0.246,0.990,0.681,0.597,0.460
2063.20,1.770,0.641,0.832,0.246,0.991,0.682,0.596,0.460
2063.29,1.774,0.641,0.836,0.247,0.992,0.683,0.596,0.460
2063.37,1.778,0.641,0.840,0.247,0.993,0.684,0.595,0.460
2063.45,1.782,0.641,0.845,0.247,0.994,0.685,0.594,0.461
2063.54,1.786,0.641,0.849,0.247,0.995,0.686,0.594,0.461
2063.62,1.790,0.641,0.853,0.248,0.996,0.687,0.593,0.461
2063.71,1.794,0.641,0.858,0.248,0.997,0.689,0.592,0.461
2063.79,1.798,0.641,0.862,0.248,0.998,0.690,0.592,0.461
2063.87,1.802,0.640,0.866,0.249,0.999,0.691,0.591,0.461
2063.96,1.806,0.640,0.870,0.249,1.000,0.692,0.590,0.461
2064.04,1.810,0.640,0.875,0.249,1.001,0.693,0.589,0.461
2064.12,1.814,0.640,0.879,0.249,1.002,0.695,0.589,0.461
2064.20,1.818,0.640,0.883,0.250,1.003,0.696,0.588,0.461
2064.29,1.822,0.640,0.888,0.250,1.004,0.697,0.587,0.461
2064.37,1.826,0.640,0.892,0.250,1.005,0.698,0.586,0.461
2064.45,1.831,0.640,0.896,0.251,1.007,0.699,0.586,0.461
2064.54,1.835,0.640,0.901,0.251,1.008,0.701,0.585,0.461
2064.62,1.839,0.640,0.905,0.252,1.009,0.702,0.584,0.461
2064.71,1.843,0.640,0.909,0.252,1.011,0.703,0.584,0.461
2064.79,1.847,0.640,0.913,0.252,1.012,0.704,0.583,0.461
2064.87,1.851,0.640,0.918,0.253,1.013,0.706,0.582,0.461
2064.96,1.855,0.641,0.922,0.253,1.014,0.707,0.581,0.461
2065.04,1.859,0.641,0.926,0.254,1.016,0.708,0.580,0.461
2065.12,1.864,0.641,0.930,0.254,1.017,0.709,0.580,0.461
2065.20,1.868,0.641,0.935,0.254,1.019,0.710,0.579,0.461
2065.29,1.872,0.641,0.939,0.255,1.020,0.711,0.578,0.461
2065.37,1.876,0.641,0.943,0.255,1.022,0.713,0.577,0.461
2065.45,1.880,0.641,0.948,0.256,1.023,0.714,0.577,0.461
2065.54,1.885,0.642,0.952,0.256,1.024,0.715,0.576,0.460
2065.62,1.889,0.642,0.956,0.256,1.026,0.716,0.575,0.460
2065.71,1.893,0.642,0.961,0.257,1.027,0.717,0.574,0.460
2065.79,1.897,0.642,0.965,0.257,1.029,0.718,0.573,0.460
2065.87,1.901,0.643,0.969,0.258,1.030,0.719,0.573,0.460
2065.96,1.905,0.643,0.973,0.258,1.032,0.720,0.572,0.460
2066.04,1.910,0.643,0.978,0.259,1.033,0.721,0.571,0.460
2066.12,1.914,0.644,0.982,0.259,1.035,0.722,0.570,0.459
2066.20,1.918,0.644,0.986,0.259,1.036,0.723,0.569,0.459
2066.29,1.922,0.645,0.991,0.260,1.037,0.724,0.569,0.459
2066.37,1.926,0.645,0.995,0.260,1.039,0.725,0.568,0.459
2066.45,1.931,0.645,1.000,0.260,1.040,0.726,0.567,0.459
2066.54,1.935,0.646,1.004,0.261,1.042,0.727,0.566,0.458
2066.62,1.939,0.646,1.009,0.261,1.043,0.727,0.566,0.458
2066.71,1.943,0.647,1.013,0.262,1.045,0.728,0.565,0.458
2066.79,1.947,0.647,1.018,0.262,1.046,0.729,0.564,0.458
2066.87,1.951,0.648,1.022,0.262,1.047,0.730,0.563,0.457
2066.96,1.955,0.648,1.027,0.262,1.048,0.731,0.563,0.457
2067.04,1.959,0.649,1.031,0.263,1.050,0.731,0.562,0.457
2067.12,1.963,0.650,1.036,0.263,1.051,0.732,0.561,0.456
2067.20,1.967,0.650,1.040,0.263,1.052,0.733,0.561,0.456
2067.29,1.971,0.651,1.045,0.263,1.053,0.733,0.560,0.456
2067.37,1.975,0.651,1.050,0.264,1.054,0.734,0.559,0.455
2067.45,1.979,0.652,1.054,0.264,1.056,0.735,0.559,0.455
2067.54,1.983,0.653,1.059,0.264,1.057,0.735,0.558,0.454
2067.62,1.987,0.653,1.064,0.264,1.058,0.736,0.558,0.454
2067.71,1.991,0.654,1.068,0.264,1.059,0.737,0.557,0.453
2067.79,1.995,0.655,1.073,0.264,1.060,0.737,0.556,0.452
2067.87,1.999,0.655,1.078,0.264,1.061,0.738,0.556,0.452
2067.96,2.003,0.656,1.082,0.264,1.062,0.738,0.555,0.451
2068.04,2.007,0.657,1.087,0.264,1.063,0.739,0.554,0.450
2068.12,2.011,0.657,1.092,0.264,1.064,0.739,0.554,0.450
2068.20,2.014,0.658,1.096,0.264,1.064,0.740,0.553,0.449
2068.29,2.018,0.659,1.101,0.264,1.065,0.741,0.553,0.448
2068.37,2.022,0.659,1.106,0.264,1.066,0.741,0.552,0.447
2068.45,2.026,0.660,1.110,0.264,1.067,0.742,0.552,0.446
2068.54,2.030,0.661,1.115,0.264,1.068,0.742,0.551,0.445
2068.62,2.034,0.661,1.119,0.264,1.069,0.743,0.551,0.444
2068.71,2.037,0.662,1.124,0.264,1.069,0.744,0.550,0.443
2068.79,2.041,0.663,1.129,0.263,1.070,0.744,0.550,0.442
2068.87,2.045,0.664,1.133,0.263,1.071,0.745,0.549,0.441
2068.96,2.048,0.664,1.138,0.263,1.072,0.745,0.549,0.440
2069.04,2.052,0.665,1.142,0.263,1.072,0.746,0.548,0.439
2069.12,2.056,0.666,1.147,0.263,1.073,0.747,0.548,0.438
2069.20,2.059,0.666,1.151,0.262,1.073,0.747,0.547,0.436
2069.29,2.063,0.667,1.156,0.262,1.074,0.748,0.547,0.435
2069.37,2.066,0.668,1.160,0.262,1.075,0.748,0.547,0.434
2069.45,2.070,0.668,1.164,0.261,1.075,0.749,0.546,0.432
2069.54,2.073,0.669,1.169,0.261,1.076,0.750,0.546,0.431
2069.62,2.077,0.670,1.173,0.261,1.076,0.750,0.545,0.429
2069.71,2.080,0.670,1.177,0.261,1.077,0.751,0.545,0.428
2069.79,2.084,0.671,1.182,0.260,1.077,0.752,0.545,0.426
2069.87,2.087,0.672,1.186,0.260,1.078,0.752,0.544,0.424
2069.96,2.090,0.672,1.190,0.260,1.078,0.753,0.544,0.423
2070.04,2.093,0.673,1.194,0.259,1.079,0.753,0.543,0.421
2070.12,2.096,0.673,1.198,0.259,1.079,0.754,0.543,0.419
2070.20,2.100,0.674,1.202,0.259,1.079,0.755,0.543,0.417
2070.29,2.103,0.675,1.206,0.258,1.080,0.755,0.542,0.416
2070.37,2.106,0.675,1.210,0.258,1.080,0.756,0.542,0.414
2070.45,2.109,0.676,1.214,0.258,1.081,0.757,0.542,0.412
2070.54,2.112,0.677,1.217,0.258,1.081,0.757,0.542,0.410
2070.62,2.115,0.677,1.221,0.257,1.082,0.758,0.541,0.408
2070.71,2.118,0.678,1.225,0.257,1.082,0.758,0.541,0.406
2070.79,2.121,0.678,1.228,0.257,1.082,0.759,0.541,0.404
2070.87,2.123,0.679,1.232,0.257,1.082,0.760,0.540,0.402
2070.96,2.126,0.680,1.235,0.256,1.083,0.760,0.540,0.400
2071.04,2.129,0.680,1.239,0.256,1.083,0.761,0.540,0.398
2071.12,2.131,0.681,1.242,0.256,1.083,0.761,0.540,0.396
2071.20,2.134,0.682,1.245,0.256,1.084,0.762,0.540,0.394
2071.29,2.137,0.682,1.248,0.256,1.084,0.762,0.540,0.392
2071.37,2.139,0.683,1.251,0.255,1.085,0.763,0.540,0.389
2071.45,2.142,0.684,1.254,0.255,1.085,0.763,0.539,0.387
2071.54,2.144,0.684,1.257,0.255,1.086,0.764,0.539,0.385
2071.62,2.147,0.685,1.260,0.255,1.086,0.764,0.539,0.383
2071.71,2.149,0.686,1.263,0.255,1.086,0.765,0.539,0.381
2071.79,2.152,0.687,1.266,0.255,1.087,0.765,0.539,0.379
2071.87,2.154,0.687,1.268,0.255,1.087,0.766,0.539,0.377
2071.96,2.156,0.688,1.271,0.254,1.088,0.766,0.539,0.375
2072.04,2.158,0.689,1.273,0.254,1.088,0.766,0.539,0.373
2072.12,2.161,0.690,1.276,0.254,1.089,0.767,0.539,0.371
2072.20,2.163,0.690,1.278,0.254,1.089,0.767,0.539,0.369
2072.29,2.165,0.691,1.280,0.254,1.090,0.767,0.539,0.367
2072.37,2.168,0.692,1.282,0.254,1.090,0.767,0.539,0.365
2072.45,2.170,0.693,1.285,0.254,1.091,0.767,0.540,0.363
2072.54,2.172,0.694,1.287,0.254,1.091,0.768,0.540,0.361
2072.62,2.175,0.695,1.289,0.254,1.092,0.768,0.540,0.359
2072.71,2.177,0.696,1.291,0.254,1.093,0.768,0.540,0.357
2072.79,2.179,0.697,1.293,0.254,1.093,0.768,0.540,0.356
2072.87,2.181,0.698,1.294,0.254,1.094,0.768,0.540,0.354
2072.96,2.184,0.699,1.296,0.254,1.094,0.768,0.540,0.352
2073.04,2.186,0.700,1.298,0.254,1.095,0.768,0.540,0.350
2073.12,2.188,0.701,1.299,0.255,1.095,0.768,0.540,0.349
2073.20,2.190,0.702,1.301,0.255,1.096,0.767,0.540,0.347
2073.29,2.193,0.703,1.303,0.255,1.097,0.767,0.540,0.346
2073.37,2.195,0.704,1.304,0.255,1.098,0.767,0.539,0.344
2073.45,2.197,0.705,1.306,0.255,1.098,0.767,0.539,0.343
2073.54,2.200,0.707,1.307,0.255,1.099,0.766,0.539,0.342
2073.62,2.202,0.708,1.309,0.255,1.100,0.766,0.539,0.340
2073.71,2.204,0.709,1.310,0.256,1.101,0.766,0.539,0.339
2073.79,2.207,0.710,1.311,0.256,1.101,0.765,0.539,0.338
2073.87,2.209,0.711,1.313,0.256,1.102,0.765,0.539,0.337
2073.96,2.211,0.713,1.314,0.256,1.103,0.764,0.538,0.336
2074.04,2.214,0.714,1.315,0.256,1.104,0.764,0.538,0.335
2074.12,2.216,0.715,1.317,0.256,1.105,0.763,0.538,0.334
2074.20,2.218,0.716,1.318,0.257,1.105,0.763,0.538,0.333
2074.29,2.221,0.718,1.319,0.257,1.106,0.762,0.537,0.333
2074.37,2.223,0.719,1.320,0.257,1.107,0.761,0.537,0.332
2074.45,2.226,0.720,1.322,0.258,1.108,0.761,0.537,0.331
2074.54,2.228,0.721,1.323,0.258,1.109,0.760,0.537,0.331
2074.62,2.231,0.723,1.324,0.258,1.110,0.759,0.536,0.330
2074.71,2.233,0.724,1.325,0.258,1.111,0.759,0.536,0.330
2074.79,2.236,0.725,1.327,0.259,1.112,0.758,0.535,0.329
2074.87,2.238,0.726,1.328,0.259,1.113,0.757,0.535,0.329
2074.96,2.240,0.728,1.329,0.260,1.114,0.756,0.535,0.328
2075.04,2.243,0.729,1.330,0.260,1.114,0.755,0.534,0.328
2075.12,2.245,0.730,1.331,0.260,1.115,0.754,0.534,0.328
2075.20,2.248,0.731,1.332,0.261,1.116,0.753,0.533,0.328
2075.29,2.250,0.732,1.333,0.261,1.117,0.753,0.533,0.328
2075.37,2.253,0.734,1.335,0.262,1.118,0.752,0.532,0.327
2075.45,2.255,0.735,1.336,0.262,1.119,0.751,0.532,0.327
2075.54,2.257,0.736,1.337,0.263,1.120,0.750,0.531,0.327
2075.62,2.260,0.737,1.338,0.263,1.121,0.749,0.531,0.327
2075.71,2.262,0.738,1.340,0.264,1.122,0.748,0.530,0.328
2075.79,2.265,0.739,1.341,0.264,1.123,0.747,0.530,0.328
2075.87,2.267,0.740,1.342,0.264,1.123,0.746,0.529,0.328
2075.96,2.269,0.741,1.343,0.265,1.124,0.745,0.529,0.328
2076.04,2.271,0.742,1.344,0.265,1.125,0.744,0.528,0.328
2076.12,2.274,0.743,1.345,0.266,1.126,0.743,0.527,0.329
2076.20,2.276,0.744,1.347,0.266,1.127,0.742,0.527,0.329
2076.29,2.278,0.745,1.348,0.267,1.128,0.741,0.526,0.329
2076.37,2.281,0.745,1.349,0.267,1.129,0.740,0.525,0.330
2076.45,2.283,0.746,1.350,0.268,1.130,0.739,0.525,0.330
2076.54,2.285,0.747,1.351,0.268,1.130,0.738,0.524,0.330
2076.62,2.287,0.748,1.353,0.268,1.131,0.737,0.524,0.331
2076.71,2.290,0.748,1.354,0.269,1.132,0.737,0.523,0.331
2076.79,2.292,0.749,1.355,0.269,1.133,0.736,0.522,0.332
2076.87,2.294,0.749,1.356,0.269,1.134,0.735,0.522,0.333
2076.96,2.296,0.750,1.357,0.270,1.135,0.734,0.521,0.333
2077.04,2.298,0.750,1.358,0.270,1.136,0.733,0.520,0.334
2077.12,2.300,0.751,1.359,0.271,1.136,0.732,0.520,0.334
2077.20,2.302,0.751,1.361,0.271,1.137,0.731,0.519,0.335
2077.29,2.305,0.751,1.362,0.271,1.138,0.729,0.519,0.336
2077.37,2.307,0.752,1.363,0.272,1.139,0.728,0.518,0.337
2077.45,2.309,0.752,1.364,0.272,1.140,0.727,0.518,0.337
2077.54,2.311,0.752,1.365,0.272,1.141,0.726,0.517,0.338
2077.62,2.313,0.752,1.366,0.273,1.142,0.725,0.517,0.339
2077.71,2.315,0.752,1.367,0.273,1.143,0.724,0.516,0.340
2077.79,2.318,0.752,1.368,0.273,1.144,0.723,0.516,0.341
2077.87,2.320,0.752,1.369,0.274,1.145,0.722,0.515,0.341
2077.96,2.322,0.752,1.370,0.274,1.146,0.721,0.515,0.342
2078.04,2.324,0.752,1.371,0.274,1.147,0.720,0.514,0.343
2078.12,2.326,0.752,1.372,0.275,1.148,0.719,0.514,0.344
2078.20,2.328,0.752,1.373,0.275,1.149,0.718,0.514,0.345
2078.29,2.330,0.751,1.374,0.275,1.150,0.716,0.514,0.346
2078.37,2.332,0.751,1.376,0.275,1.151,0.715,0.513,0.347
2078.45,2.335,0.751,1.377,0.276,1.152,0.714,0.513,0.348
2078.54,2.337,0.751,1.378,0.276,1.153,0.713,0.513,0.349
2078.62,2.339,0.750,1.379,0.276,1.155,0.712,0.513,0.350
2078.71,2.341,0.750,1.380,0.277,1.156,0.711,0.513,0.351
2078.79,2.343,0.750,1.381,0.277,1.157,0.710,0.513,0.352
2078.87,2.345,0.749,1.382,0.277,1.158,0.709,0.513,0.353
2078.96,2.347,0.749,1.383,0.277,1.159,0.708,0.513,0.354
2079.04,2.350,0.748,1.384,0.278,1.160,0.706,0.513,0.355
2079.12,2.352,0.748,1.385,0.278,1.161,0.705,0.513,0.356
2079.20,2.354,0.747,1.386,0.278,1.162,0.704,0.513,0.357
2079.29,2.356,0.747,1.387,0.279,1.163,0.703,0.514,0.358
2079.37,2.358,0.746,1.388,0.279,1.164,0.702,0.514,0.359
2079.45,2.361,0.745,1.390,0.279,1.165,0.701,0.514,0.360
2079.54,2.363,0.745,1.391,0.279,1.167,0.700,0.515,0.361
2079.62,2.365,0.744,1.392,0.280,1.168,0.699,0.515,0.362
2079.71,2.367,0.743,1.393,0.280,1.169,0.698,0.516,0.363
2079.79,2.370,0.743,1.394,0.280,1.170,0.697,0.516,0.364
2079.87,2.372,0.742,1.395,0.280,1.171,0.697,0.517,0.365
2079.96,2.374,0.741,1.396,0.281,1.172,0.696,0.518,0.366
2080.04,2.377,0.741,1.397,0.281,1.173,0.695,0.518,0.367
2080.12,2.379,0.740,1.399,0.281,1.174,0.694,0.519,0.368
2080.20,2.381,0.739,1.400,0.281,1.176,0.693,0.520,0.369
2080.29,2.384,0.738,1.401,0.282,1.177,0.692,0.521,0.371
2080.37,2.386,0.738,1.402,0.282,1.178,0.692,0.522,0.372
2080.45,2.389,0.737,1.403,0.282,1.179,0.691,0.523,0.373
2080.54,2.391,0.736,1.404,0.282,1.180,0.690,0.524,0.374
2080.62,2.394,0.735,1.406,0.282,1.181,0.690,0.525,0.375
2080.71,2.396,0.734,1.407,0.283,1.183,0.689,0.526,0.376
2080.79,2.399,0.734,1.408,0.283,1.184,0.689,0.528,0.378
2080.87,2.401,0.733,1.409,0.283,1.185,0.688,0.529,0.379
2080.96,2.404,0.732,1.410,0.283,1.186,0.688,0.530,0.380
2081.04,2.406,0.731,1.411,0.284,1.187,0.687,0.532,0.382
2081.12,2.409,0.730,1.413,0.284,1.188,0.687,0.533,0.383
2081.20,2.411,0.730,1.414,0.284,1.189,0.686,0.534,0.384
2081.29,2.414,0.729,1.415,0.284,1.191,0.686,0.536,0.386
2081.37,2.417,0.728,1.416,0.285,1.192,0.685,0.538,0.387
2081.45,2.419,0.727,1.418,0.285,1.193,0.685,0.539,0.389
2081.54,2.422,0.726,1.419,0.285,1.194,0.685,0.541,0.390
2081.62,2.425,0.725,1.420,0.286,1.195,0.684,0.542,0.392
2081.71,2.428,0.725,1.422,0.286,1.197,0.684,0.544,0.393
2081.79,2.431,0.724,1.423,0.286,1.198,0.684,0.546,0.395
2081.87,2.433,0.723,1.425,0.287,1.199,0.684,0.548,0.397
2081.96,2.436,0.722,1.426,0.287,1.200,0.683,0.549,0.398
2082.04,2.439,0.721,1.427,0.287,1.201,0.683,0.551,0.400
2082.12,2.442,0.720,1.429,0.288,1.202,0.683,0.553,0.402
2082.20,2.445,0.720,1.430,0.288,1.203,0.683,0.554,0.404
2082.29,2.448,0.719,1.432,0.288,1.204,0.683,0.556,0.405
2082.37,2.451,0.718,1.434,0.289,1.205,0.682,0.558,0.407
2082.45,2.454,0.717,1.435,0.289,1.206,0.682,0.560,0.409
2082.54,2.457,0.717,1.437,0.289,1.207,0.682,0.562,0.411
2082.62,2.460,0.716,1.439,0.290,1.208,0.682,0.564,0.412
2082.71,2.463,0.715,1.440,0.290,1.209,0.682,0.565,0.414
2082.79,2.466,0.714,1.442,0.290,1.210,0.682,0.567,0.416
2082.87,2.469,0.714,1.444,0.291,1.211,0.681,0.569,0.418
2082.96,2.472,0.713,1.446,0.291,1.212,0.681,0.570,0.420
2083.04,2.475,0.712,1.448,0.291,1.213,0.681,0.572,0.421
2083.12,2.478,0.711,1.449,0.291,1.214,0.681,0.574,0.423
2083.20,2.481,0.711,1.451,0.292,1.215,0.681,0.576,0.425
2083.29,2.484,0.710,1.453,0.292,1.216,0.681,0.577,0.426
2083.37,2.487,0.709,1.455,0.292,1.216,0.681,0.579,0.428
2083.45,2.490,0.709,1.458,0.292,1.217,0.680,0.581,0.430
2083.54,2.493,0.708,1.460,0.292,1.218,0.680,0.582,0.431
2083.62,2.496,0.708,1.462,0.293,1.219,0.680,0.584,0.433
2083.71,2.500,0.707,1.464,0.293,1.220,0.680,0.585,0.434
2083.79,2.503,0.706,1.466,0.293,1.221,0.680,0.587,0.436
2083.87,2.506,0.706,1.468,0.293,1.222,0.680,0.588,0.437
2083.96,2.509,0.705,1.470,0.293,1.223,0.680,0.590,0.439
2084.04,2.512,0.705,1.472,0.293,1.224,0.680,0.591,0.440
2084.12,2.515,0.704,1.475,0.294,1.225,0.680,0.592,0.441
2084.20,2.518,0.704,1.477,0.294,1.226,0.680,0.594,0.442
2084.29,2.521,0.703,1.479,0.294,1.227,0.680,0.595,0.443
2084.37,2.524,0.703,1.481,0.294,1.228,0.680,0.596,0.444
2084.45,2.527,0.702,1.484,0.294,1.229,0.681,0.597,0.445
2084.54,2.531,0.701,1.486,0.294,1.230,0.681,0.599,0.446
2084.62,2.534,0.701,1.488,0.295,1.231,0.681,0.600,0.447
2084.71,2.537,0.700,1.491,0.295,1.232,0.681,0.601,0.448
2084.79,2.540,0.700,1.493,0.295,1.233,0.682,0.602,0.449
2084.87,2.543,0.699,1.495,0.295,1.234,0.682,0.603,0.450
2084.96,2.546,0.699,1.498,0.296,1.235,0.682,0.604,0.450
2085.04,2.549,0.698,1.500,0.296,1.236,0.683,0.605,0.451
2085.12,2.553,0.698,1.502,0.296,1.237,0.683,0.606,0.451
2085.20,2.556,0.697,1.505,0.297,1.238,0.684,0.606,0.452
2085.29,2.559,0.697,1.507,0.297,1.239,0.685,0.607,0.452
2085.37,2.562,0.696,1.510,0.297,1.240,0.685,0.608,0.453
2085.45,2.565,0.695,1.512,0.298,1.241,0.686,0.609,0.453
2085.54,2.569,0.695,1.514,0.298,1.242,0.687,0.610,0.453
2085.62,2.572,0.694,1.517,0.299,1.243,0.687,0.611,0.453
2085.71,2.575,0.694,1.519,0.299,1.244,0.688,0.611,0.453
2085.79,2.578,0.693,1.521,0.300,1.245,0.689,0.612,0.453
2085.87,2.581,0.693,1.524,0.300,1.246,0.690,0.613,0.453
2085.96,2.584,0.692,1.526,0.301,1.247,0.691,0.613,0.453
2086.04,2.588,0.691,1.528,0.301,1.248,0.691,0.614,0.453
2086.12,2.591,0.691,1.531,0.302,1.249,0.692,0.614,0.453
2086.20,2.594,0.690,1.533,0.303,1.250,0.693,0.615,0.453
2086.29,2.597,0.690,1.535,0.304,1.251,0.694,0.616,0.453
2086.37,2.600,0.689,1.538,0.304,1.252,0.695,0.616,0.452
2086.45,2.603,0.689,1.540,0.305,1.253,0.696,0.617,0.452
2086.54,2.607,0.688,1.542,0.306,1.254,0.698,0.617,0.451
2086.62,2.610,0.688,1.545,0.307,1.255,0.699,0.618,0.451
2086.71,2.613,0.687,1.547,0.308,1.256,0.700,0.618,0.451
2086.79,2.616,0.687,1.549,0.309,1.257,0.701,0.619,0.450
2086.87,2.619,0.686,1.551,0.310,1.258,0.702,0.619,0.450
2086.96,2.622,0.686,1.553,0.311,1.259,0.703,0.620,0.449
2087.04,2.625,0.686,1.555,0.312,1.260,0.704,0.620,0.448
2087.12,2.628,0.685,1.557,0.313,1.260,0.705,0.620,0.448
2087.20,2.631,0.685,1.560,0.314,1.261,0.707,0.621,0.447
2087.29,2.634,0.685,1.562,0.315,1.262,0.708,0.621,0.446
2087.37,2.637,0.684,1.564,0.317,1.263,0.709,0.622,0.446
2087.45,2.641,0.684,1.566,0.318,1.264,0.710,0.622,0.445
2087.54,2.644,0.684,1.568,0.319,1.265,0.711,0.622,0.444
2087.62,2.647,0.684,1.570,0.320,1.265,0.713,0.623,0.443
2087.71,2.650,0.684,1.572,0.322,1.266,0.714,0.623,0.442
2087.79,2.653,0.683,1.574,0.323,1.267,0.715,0.624,0.442
2087.87,2.656,0.683,1.575,0.324,1.268,0.716,0.624,0.441
2087.96,2.659,0.683,1.577,0.325,1.268,0.717,0.624,0.440
2088.04,2.662,0.683,1.579,0.327,1.269,0.718,0.624,0.439
2088.12,2.665,0.683,1.581,0.328,1.270,0.719,0.625,0.438
2088.20,2.668,0.683,1.583,0.329,1.271,0.720,0.625,0.437
2088.29,2.671,0.683,1.585,0.331,1.271,0.722,0.625,0.436
2088.37,2.674,0.683,1.587,0.332,1.272,0.723,0.626,0.435
2088.45,2.677,0.683,1.588,0.334,1.273,0.724,0.626,0.434
2088.54,2.680,0.683,1.590,0.335,1.274,0.725,0.626,0.434
2088.62,2.683,0.683,1.592,0.336,1.275,0.726,0.626,0.433
2088.71,2.686,0.684,1.594,0.338,1.276,0.727,0.627,0.432
2088.79,2.689,0.684,1.596,0.339,1.276,0.728,0.627,0.431
2088.87,2.693,0.684,1.597,0.341,1.277,0.729,0.627,0.430
2088.96,2.696,0.684,1.599,0.342,1.278,0.729,0.627,0.429
2089.04,2.699,0.685,1.601,0.344,1.279,0.730,0.627,0.428
2089.12,2.702,0.685,1.602,0.345,1.280,0.731,0.627,0.428
2089.20,2.705,0.685,1.604,0.347,1.281,0.732,0.627,0.427
2089.29,2.708,0.686,1.606,0.348,1.282,0.733,0.628,0.426
2089.37,2.712,0.686,1.608,0.350,1.283,0.733,0.628,0.425
2089.45,2.715,0.687,1.610,0.352,1.283,0.734,0.628,0.425
2089.54,2.718,0.687,1.611,0.353,1.284,0.735,0.628,0.424
2089.62,2.722,0.688,1.613,0.355,1.285,0.735,0.628,0.424
2089.71,2.725,0.688,1.615,0.356,1.286,0.736,0.628,0.423
2089.79,2.728,0.689,1.617,0.358,1.287,0.736,0.628,0.422
2089.87,2.732,0.690,1.618,0.359,1.288,0.737,0.628,0.422
2089.96,2.735,0.690,1.620,0.361,1.289,0.737,0.628,0.421
2090.04,2.739,0.691,1.622,0.362,1.290,0.738,0.628,0.421
2090.12,2.742,0.692,1.623,0.364,1.291,0.738,0.628,0.420
2090.20,2.746,0.692,1.625,0.365,1.292,0.738,0.628,0.420
2090.29,2.749,0.693,1.627,0.367,1.293,0.739,0.628,0.420
2090.37,2.753,0.694,1.628,0.368,1.294,0.739,0.628,0.420
2090.45,2.756,0.695,1.630,0.369,1.296,0.739,0.628,0.420
2090.54,2.760,0.695,1.632,0.371,1.297,0.739,0.628,0.420
2090.62,2.764,0.696,1.634,0.373,1.298,0.739,0.628,0.420
2090.71,2.767,0.697,1.636,0.374,1.299,0.740,0.628,0.420
2090.79,2.771,0.698,1.638,0.376,1.300,0.740,0.628,0.421
2090.87,2.775,0.699,1.639,0.377,1.301,0.740,0.628,0.421
2090.96,2.778,0.699,1.641,0.379,1.302,0.740,0.628,0.422
2091.04,2.782,0.700,1.644,0.381,1.304,0.739,0.628,0.423
2091.12,2.786,0.701,1.647,0.382,1.306,0.738,0.627,0.423
2091.20,2.790,0.701,1.649,0.384,1.307,0.737,0.627,0.424
2091.29,2.794,0.702,1.652,0.386,1.309,0.736,0.626,0.425
2091.37,2.798,0.702,1.655,0.387,1.311,0.735,0.626,0.426
2091.45,2.802,0.703,1.658,0.389,1.313,0.733,0.626,0.427
2091.54,2.807,0.703,1.661,0.391,1.315,0.732,0.626,0.427
2091.62,2.811,0.704,1.664,0.392,1.316,0.731,0.626,0.428
2091.71,2.816,0.704,1.667,0.394,1.318,0.730,0.627,0.429
2091.79,2.820,0.705,1.670,0.396,1.321,0.729,0.627,0.429
2091.87,2.825,0.705,1.673,0.397,1.323,0.727,0.628,0.430
2091.96,2.830,0.706,1.677,0.399,1.325,0.726,0.628,0.431
2092.04,2.835,0.706,1.680,0.401,1.327,0.725,0.629,0.431
2092.12,2.840,0.707,1.683,0.402,1.329,0.724,0.630,0.432
2092.20,2.845,0.707,1.687,0.404,1.332,0.722,0.631,0.432
2092.29,2.850,0.708,1.690,0.406,1.334,0.721,0.632,0.433
2092.37,2.855,0.708,1.694,0.407,1.336,0.720,0.632,0.433
2092.45,2.860,0.709,1.697,0.409,1.339,0.719,0.633,0.434
2092.54,2.865,0.710,1.700,0.411,1.341,0.718,0.634,0.434
2092.62,2.870,0.710,1.704,0.412,1.343,0.716,0.635,0.435
2092.71,2.875,0.711,1.707,0.414,1.346,0.715,0.636,0.435
2092.79,2.880,0.711,1.711,0.416,1.348,0.714,0.638,0.435
2092.87,2.886,0.712,1.714,0.417,1.351,0.713,0.639,0.436
2092.96,2.891,0.712,1.718,0.419,1.353,0.712,0.640,0.436
2093.04,2.896,0.713,1.722,0.421,1.356,0.711,0.641,0.437
2093.12,2.901,0.714,1.725,0.423,1.358,0.709,0.642,0.437
2093.20,2.907,0.714,1.729,0.424,1.361,0.708,0.643,0.438
2093.29,2.912,0.715,1.732,0.426,1.364,0.707,0.644,0.438
2093.37,2.917,0.715,1.736,0.428,1.366,0.706,0.646,0.438
2093.45,2.923,0.716,1.740,0.430,1.369,0.705,0.647,0.439
2093.54,2.928,0.717,1.743,0.431,1.372,0.704,0.648,0.439
2093.62,2.934,0.717,1.747,0.433,1.374,0.703,0.649,0.440
2093.71,2.939,0.718,1.751,0.435,1.377,0.702,0.651,0.440
2093.79,2.944,0.718,1.754,0.437,1.380,0.701,0.652,0.441
2093.87,2.950,0.719,1.758,0.438,1.382,0.700,0.653,0.441
2093.96,2.955,0.720,1.762,0.440,1.385,0.699,0.654,0.441
2094.04,2.961,0.720,1.765,0.442,1.388,0.698,0.656,0.442
2094.12,2.966,0.721,1.769,0.444,1.391,0.697,0.657,0.442
2094.20,2.972,0.722,1.773,0.445,1.393,0.696,0.658,0.443
2094.29,2.977,0.722,1.776,0.447,1.396,0.695,0.659,0.443
2094.37,2.982,0.723,1.780,0.449,1.399,0.694,0.661,0.444
2094.45,2.988,0.724,1.784,0.451,1.402,0.693,0.662,0.444
2094.54,2.993,0.724,1.788,0.453,1.404,0.692,0.663,0.445
2094.62,2.999,0.725,1.791,0.454,1.407,0.691,0.664,0.445
2094.71,3.004,0.726,1.795,0.456,1.410,0.690,0.666,0.446
2094.79,3.010,0.726,1.799,0.458,1.413,0.689,0.667,0.446
2094.87,3.015,0.727,1.803,0.460,1.416,0.688,0.668,0.447
2094.96,3.021,0.728,1.806,0.462,1.419,0.687,0.670,0.447
2095.04,3.026,0.729,1.810,0.463,1.421,0.687,0.671,0.448
2095.12,3.032,0.729,1.814,0.465,1.424,0.686,0.672,0.448
2095.20,3.037,0.730,1.817,0.467,1.427,0.685,0.673,0.449
2095.29,3.043,0.731,1.821,0.469,1.430,0.684,0.675,0.449
2095.37,3.048,0.731,1.825,0.471,1.433,0.683,0.676,0.450
2095.45,3.054,0.732,1.829,0.472,1.436,0.682,0.677,0.451
2095.54,3.059,0.733,1.832,0.474,1.439,0.682,0.678,0.451
2095.62,3.065,0.734,1.836,0.476,1.441,0.681,0.680,0.452
2095.71,3.070,0.734,1.840,0.478,1.444,0.680,0.681,0.452
2095.79,3.076,0.735,1.844,0.480,1.447,0.679,0.682,0.453
2095.87,3.081,0.736,1.847,0.481,1.450,0.678,0.684,0.454
2095.96,3.087,0.737,1.851,0.483,1.453,0.678,0.685,0.454
2096.04,3.092,0.738,1.855,0.485,1.456,0.677,0.686,0.455
2096.12,3.098,0.738,1.859,0.487,1.459,0.676,0.687,0.456
2096.20,3.103,0.739,1.862,0.489,1.462,0.675,0.689,0.456
2096.29,3.109,0.740,1.866,0.491,1.465,0.674,0.690,0.457
2096.37,3.114,0.741,1.870,0.493,1.468,0.674,0.691,0.458
2096.45,3.120,0.742,1.874,0.494,1.471,0.673,0.693,0.459
2096.54,3.125,0.742,1.877,0.496,1.474,0.672,0.694,0.459
2096.62,3.131,0.743,1.881,0.498,1.477,0.672,0.695,0.460
2096.71,3.136,0.744,1.885,0.500,1.480,0.671,0.696,0.461
2096.79,3.142,0.745,1.889,0.502,1.483,0.670,0.698,0.462
2096.87,3.147,0.746,1.892,0.504,1.486,0.669,0.699,0.462
2096.96,3.153,0.746,1.896,0.505,1.489,0.669,0.700,0.463
2097.04,3.158,0.747,1.900,0.507,1.492,0.668,0.702,0.464
2097.12,3.164,0.748,1.904,0.509,1.495,0.667,0.703,0.465
2097.20,3.169,0.749,1.907,0.511,1.498,0.667,0.704,0.466
2097.29,3.175,0.750,1.911,0.513,1.501,0.666,0.706,0.467
2097.37,3.180,0.751,1.915,0.515,1.504,0.665,0.707,0.468
2097.45,3.186,0.752,1.919,0.517,1.507,0.665,0.708,0.468
2097.54,3.192,0.752,1.922,0.519,1.510,0.664,0.710,0.469
2097.62,3.197,0.753,1.926,0.520,1.513,0.663,0.711,0.470
2097.71,3.203,0.754,1.930,0.522,1.516,0.663,0.712,0.471
2097.79,3.208,0.755,1.934,0.524,1.519,0.662,0.714,0.472
2097.87,3.214,0.756,1.937,0.526,1.522,0.662,0.715,0.473
2097.96,3.219,0.757,1.941,0.528,1.525,0.661,0.716,0.474
2098.04,3.225,0.758,1.945,0.530,1.528,0.660,0.718,0.475
2098.12,3.230,0.759,1.949,0.532,1.531,0.660,0.719,0.476
2098.20,3.236,0.759,1.952,0.534,1.534,0.659,0.720,0.477
2098.29,3.242,0.760,1.956,0.535,1.537,0.659,0.722,0.478
2098.37,3.247,0.761,1.960,0.537,1.540,0.658,0.723,0.479
2098.45,3.253,0.762,1.964,0.539,1.543,0.657,0.725,0.481
2098.54,3.258,0.763,1.968,0.541,1.546,0.657,0.726,0.482
2098.62,3.264,0.764,1.971,0.543,1.549,0.656,0.728,0.483
2098.71,3.270,0.765,1.975,0.545,1.552,0.656,0.729,0.484
2098.79,3.275,0.766,1.979,0.547,1.555,0.655,0.730,0.485
2098.87,3.281,0.767,1.983,0.549,1.559,0.655,0.732,0.486
2098.96,3.286,0.768,1.987,0.551,1.562,0.654,0.733,0.487
2099.04,3.292,0.769,1.990,0.553,1.565,0.654,0.735,0.489
2099.12,3.298,0.770,1.994,0.554,1.568,0.653,0.736,0.490
2099.20,3.303,0.770,1.998,0.556,1.571,0.653,0.738,0.491
2099.29,3.309,0.771,2.002,0.558,1.574,0.652,0.740,0.492
2099.37,3.315,0.772,2.006,0.560,1.577,0.651,0.741,0.494
2099.45,3.320,0.773,2.010,0.562,1.580,0.651,0.743,0.495
2099.54,3.326,0.774,2.013,0.564,1.583,0.650,0.744,0.496
2099.62,3.332,0.775,2.017,0.566,1.587,0.650,0.746,0.498
2099.71,3.337,0.776,2.021,0.568,1.590,0.649,0.748,0.499
2099.79,3.343,0.777,2.025,0.570,1.593,0.649,0.749,0.500
2099.87,3.349,0.778,2.029,0.572,1.596,0.649,0.751,0.502
2099.96,3.355,0.779,2.033,0.574,1.599,0.648,0.595,0.253
