Kor MEASUREMENT DATA FILE EXPORT,,,,,,,,,,,,,,,,,,,,,,,,
,,,,,,,,,,,,,,,,,,,,,,,,
FILE CREATED:,1/24/23 20:43,,,,,,,,,,,,,,,,,,,,,,,
,,,,,,,,,,,,,,,,,,,,,,,,
,,,MEAN VALUE:,1.16,39459.6,1.007,49439.4,104,104.2,8.62,1.466,31.82,48705.8,3.38,31659,-0.21,0,1.222,NA,-85.3,15.075,1.007,5.64,0
,,,STANDARD DEVIATION:,0.71,1714.3,0.087,1986.6,6,6,0.51,0.127,1.28,1952.3,2.14,1269,0.6,0,0.005,0.04,2.2,0.951,0.087,0.02,0
,,,,,,,,,,,,,,,,,,,,,,,,
,,,SENSOR SERIAL NUMBER:,19F100562,18E100635,13F100485,18E100635,13G102102,13G102102,13G102102,13F100485,18E100635,18E100635,19F100562,18E100635,13G101467,13G101467,18L109076,13G102286,13G102286,18E100635,13F100485,13H101026,13H101026
Date (MM/DD/YYYY),Time (HH:mm:ss),Time (Fract. Sec),Site Name,Chlorophyll RFU,Cond µS/cm,Depth m,nLF Cond µS/cm,ODO % sat,ODO % CB,ODO mg/L,Pressure psi a,Sal psu,SpCond µS/cm,TAL PE RFU,TDS mg/L,Turbidity FNU,TSS mg/L,Wiper Position volt,pH,pH mV,Temp °C,Vertical Position m,Battery V,Cable Pwr V
10/11/22,17:00:00,0,Deployment Site,0.59,40259.9,1.02,49846.9,113.7,113.9,9.31,1.486,32.14,49127.4,1.71,31933,-0.41,0,1.228,8.05,-84.8,15.55,1.019,5.58,0
10/11/22,18:00:00,0,Deployment Site,1.12,40216.2,1.021,49905.5,116.5,116.7,9.56,1.487,32.17,49180.6,1.7,31967,-0.39,0,1.224,8.08,-86.4,15.457,1.021,5.61,0
10/11/22,19:00:00,0,Deployment Site,1.23,40162.7,1.025,49921.6,120.2,120.4,9.87,1.492,32.18,49193.2,5.34,31976,-0.36,0,1.231,8.12,-88.5,15.389,1.025,5.62,0
10/11/22,20:00:00,0,Deployment Site,1,40086.6,1.02,49924.5,122.3,122.5,10.06,1.486,32.18,49192.3,2.91,31975,-0.26,0,1.233,8.13,-89.3,15.309,1.02,5.65,0
10/11/22,21:00:00,0,Deployment Site,1.55,40121.5,1.026,49936.4,125.1,125.4,10.29,1.494,32.19,49205.2,4.48,31983,-0.26,0,1.221,8.15,-90.5,15.335,1.026,5.65,0
10/11/22,22:00:00,0,Deployment Site,1.46,40086.4,1.028,49925.1,123.2,123.4,10.14,1.497,32.18,49192.8,10.14,31975,-0.15,0,1.223,8.15,-90.3,15.308,1.028,5.65,0
10/11/22,23:00:00,0,Deployment Site,1.96,40051,1.027,49916.3,122,122.2,10.04,1.496,32.17,49182.7,4.94,31969,-0.11,0,1.223,8.14,-90.1,15.279,1.027,5.65,0
10/12/22,0:00:00,0,Deployment Site,1.32,40031.4,1.024,49915.9,121.1,121.3,9.97,1.491,32.17,49181.4,5.33,31968,-0.11,0,1.216,8.14,-89.9,15.259,1.022,5.65,0
10/12/22,1:00:00,0,Deployment Site,2.06,39946.5,1.023,49910.7,117,117.2,9.66,1.489,32.16,49172.4,4.01,31962,-0.16,0,1.225,8.13,-89,15.177,1.023,5.65,0
10/12/22,2:00:00,0,Deployment Site,2.62,39957.8,1.02,49904.8,116.5,116.7,9.6,1.485,32.16,49167.3,2.78,31959,-0.33,0,1.218,8.12,-88.8,15.193,1.02,5.65,0
10/12/22,3:00:00,0,Deployment Site,1.04,39924.8,1.017,49866.7,114.5,114.7,9.45,1.481,32.13,49129.7,2.14,31934,-0.33,0,1.228,8.11,-88.3,15.191,1.016,5.65,0
10/12/22,4:00:00,0,Deployment Site,1.02,39937.8,1.017,49906.1,113.6,113.8,9.37,1.481,32.16,49167.7,1.61,31959,-0.38,0,1.224,8.11,-87.9,15.172,1.018,5.65,0
10/12/22,5:00:00,0,Deployment Site,1.46,39917.7,1.018,49905,113.9,114.1,9.4,1.482,32.16,49165.7,2.16,31958,0,0,1.223,8.11,-88.3,15.152,1.019,5.65,0
10/12/22,6:00:00,0,Deployment Site,0.77,39856.8,1.023,49915.4,113.2,113.4,9.36,1.489,32.16,49172.6,3.55,31962,-0.25,0,1.213,8.11,-88.1,15.081,1.023,5.65,0
10/12/22,7:00:00,0,Deployment Site,1.77,39778.9,1.022,49905.6,113.8,114,9.42,1.489,32.15,49159.8,3.91,31954,-0.26,0,1.225,8.12,-88.4,15.009,1.022,5.66,0
10/12/22,8:00:00,0,Deployment Site,2.5,39748.4,1.022,49908.5,113.4,113.6,9.4,1.488,32.15,49161.1,4.17,31955,0.11,0,1.217,8.11,-88.3,14.976,1.022,5.65,0
10/12/22,9:00:00,0,Deployment Site,0.56,39736.9,1.025,49892.5,110.5,110.7,9.15,1.492,32.14,49145.4,1.98,31944,-0.33,0,1.224,8.09,-87.2,14.977,1.025,5.66,0
10/12/22,10:00:00,0,Deployment Site,0.58,39797,1.025,49873.4,111.5,111.7,9.22,1.492,32.13,49130.1,2,31935,-0.36,0,1.213,8.1,-87.4,15.054,1.017,5.65,0
10/12/22,11:00:00,0,Deployment Site,0.44,39959.5,1.024,49875.3,113.2,113.4,9.33,1.492,32.14,49139.6,1.63,31941,-0.32,0,1.224,8.1,-87.6,15.219,1.024,5.66,0
10/12/22,12:00:00,0,Deployment Site,0.57,40007.9,1.019,49879,113.9,114.1,9.38,1.483,32.14,49145.3,2,31944,-0.32,0,1.213,8.1,-87.5,15.266,1.021,5.66,0
10/12/22,13:00:00,0,Deployment Site,0.52,40103.7,1.011,49868.7,114.5,114.7,9.41,1.472,32.14,49140.3,1.89,31941,-0.31,0,1.214,8.1,-87.6,15.372,1.011,5.65,0
10/12/22,14:00:00,0,Deployment Site,0.8,40162.2,1.001,49863.4,114.7,114.9,9.41,1.458,32.14,49138.2,4,31940,-0.31,0,1.225,8.1,-87.7,15.436,0.999,5.66,0
10/12/22,15:00:00,0,Deployment Site,0.8,40482.3,0.999,49809.9,114.5,114.7,9.33,1.454,32.12,49103.9,2.36,31918,-0.34,0,1.219,8.1,-87.9,15.807,0.998,5.65,0
10/12/22,16:00:00,0,Deployment Site,0.8,40625.2,0.996,49829.6,116,116.2,9.42,1.449,32.15,49129.9,2.1,31934,-0.2,0,1.222,8.1,-88,15.937,0.997,5.66,0
10/12/22,17:00:00,0,Deployment Site,0.93,40554.7,0.993,49843.6,118.7,118.9,9.66,1.445,32.15,49139.4,2.23,31941,-0.36,0,1.214,8.13,-89.2,15.854,0.991,5.67,0
10/12/22,18:00:00,0,Deployment Site,1.28,40455.4,0.993,49847.4,124.6,124.8,10.16,1.445,32.15,49137.8,2.65,31940,-0.33,0,1.231,8.16,-91.1,15.749,0.993,5.66,0
10/12/22,19:00:00,0,Deployment Site,0.93,40714.2,0.995,49823.3,124.5,124.7,10.1,1.448,32.15,49128.7,2.62,31934,-0.2,0,1.219,8.16,-91.1,16.033,0.994,5.66,0
10/12/22,20:00:00,0,Deployment Site,0.86,40851.5,0.998,49785.6,124,124.2,10.02,1.453,32.13,49100.6,2.4,31915,-0.27,0,1.216,8.16,-90.9,16.204,0.998,5.65,0
10/12/22,21:00:00,0,Deployment Site,1.13,40547.6,0.992,49838.3,121.9,122.1,9.93,1.444,32.15,49134,3.2,31937,-0.21,0,1.223,8.15,-90.6,15.851,0.991,5.66,0
10/12/22,22:00:00,0,Deployment Site,1.41,40430.4,0.994,49860.7,119.9,120.1,9.78,1.447,32.16,49149.1,8.15,31947,-0.25,0,1.218,8.15,-90.5,15.712,0.994,5.67,0
10/12/22,23:00:00,0,Deployment Site,1.17,40262.5,0.996,49861.6,115.1,115.3,9.43,1.45,32.15,49141.4,3.23,31942,-0.21,0,1.226,8.12,-88.8,15.54,0.994,5.66,0
10/13/22,0:00:00,0,Deployment Site,1.03,40093.1,0.993,49877.4,112.4,112.6,9.24,1.446,32.15,49148,2.55,31946,-0.26,0,1.224,8.11,-88.1,15.354,0.993,5.66,0
10/13/22,1:00:00,0,Deployment Site,1.13,40029.3,0.99,49874.5,111.9,112,9.21,1.441,32.14,49142.1,4.02,31942,-0.28,0,1.226,8.11,-87.9,15.291,0.991,5.65,0
10/13/22,2:00:00,0,Deployment Site,1.23,39952.9,0.985,49880,111.6,111.8,9.2,1.434,32.14,49143.7,3.95,31943,-0.26,0,1.217,8.11,-87.9,15.208,0.983,5.66,0
10/13/22,3:00:00,0,Deployment Site,1.19,39929,0.982,49881.2,111,111.2,9.16,1.43,32.14,49143.6,5.44,31943,-0.25,0,1.227,8.1,-87.7,15.183,0.98,5.67,0
10/13/22,4:00:00,0,Deployment Site,1.11,39914.2,0.98,49889,110.4,110.5,9.11,1.428,32.15,49150.3,3.5,31948,-0.29,0,1.213,8.1,-87.5,15.162,0.982,5.66,0
10/13/22,5:00:00,0,Deployment Site,1.97,39878.6,0.974,49888.9,109,109.2,9,1.418,32.14,49148.5,2.39,31947,-0.27,0,1.229,8.09,-87.1,15.125,0.973,5.67,0
10/13/22,6:00:00,0,Deployment Site,0.97,39852.1,0.974,49896.7,107.9,108.1,8.92,1.418,32.15,49154.7,3.04,31951,-0.32,0,1.219,8.09,-86.9,15.092,0.97,5.65,0
10/13/22,7:00:00,0,Deployment Site,2.88,39814.8,0.97,49900.9,106.3,106.5,8.79,1.412,32.15,49156.9,17.07,31952,-0.31,0,1.224,8.08,-86.5,15.05,0.969,5.66,0
10/13/22,8:00:00,0,Deployment Site,0.79,39697.9,0.973,49908.3,102.4,102.5,8.49,1.417,32.15,49158.5,2.8,31953,-0.29,0,1.23,8.05,-84.9,14.924,0.97,5.67,0
10/13/22,9:00:00,0,Deployment Site,0.38,39588.6,0.971,49900.7,98.9,99.1,8.22,1.414,32.13,49146.3,1.49,31945,-0.27,0,1.218,8.02,-82.8,14.818,0.972,5.65,0
10/13/22,10:00:00,0,Deployment Site,0.38,39758.7,0.967,49903,102.1,102.2,8.45,1.408,32.15,49156.3,1.65,31952,-0.32,0,1.222,8.04,-84,14.991,0.974,5.67,0
10/13/22,11:00:00,0,Deployment Site,0.69,39896.3,0.966,49893.8,106.3,106.4,8.77,1.406,32.15,49154,2.29,31950,-0.37,0,1.216,8.07,-85.7,15.139,0.965,5.65,0
10/13/22,12:00:00,0,Deployment Site,0.38,39952,0.964,49872.7,107.8,107.9,8.88,1.403,32.14,49136.7,1.52,31939,-0.27,0,1.224,8.07,-85.8,15.213,0.965,5.66,0
10/13/22,13:00:00,0,Deployment Site,0.39,40099.6,0.955,49877.8,108.6,108.8,8.93,1.391,32.15,49148.7,1.59,31947,-0.36,0,1.215,8.07,-86.1,15.36,0.961,5.67,0
10/13/22,14:00:00,0,Deployment Site,0.69,40158.3,0.948,49882.6,109.8,110,9.02,1.381,32.16,49156.1,2.28,31951,-0.33,0,1.224,8.09,-86.8,15.416,0.961,5.66,0
10/13/22,15:00:00,0,Deployment Site,0.96,40229.3,0.939,49877.8,112.5,112.7,9.23,1.367,32.16,49155.1,3.28,31951,-0.34,0,1.224,8.11,-88.1,15.493,0.942,5.67,0
10/13/22,16:00:00,0,Deployment Site,1.08,40210.6,0.94,49875.4,112.7,112.9,9.24,1.369,32.15,49151.9,3.94,31949,-0.34,0,1.225,8.11,-88.1,15.476,0.94,5.65,0
10/13/22,17:00:00,0,Deployment Site,1.05,40202.6,0.928,49871.9,110.5,110.7,9.06,1.352,32.15,49148.2,3.04,31946,-0.34,0,1.218,8.1,-87.8,15.471,0.929,5.66,0
10/13/22,18:00:00,0,Deployment Site,1.23,40186.9,0.941,49877.7,110.2,110.4,9.04,1.37,32.15,49152.9,3.01,31949,-0.33,0,1.226,8.1,-87.8,15.45,0.94,5.67,0
10/13/22,19:00:00,0,Deployment Site,0.73,40317.3,0.935,49825.2,108,108.2,8.83,1.361,32.13,49109.8,2.25,31921,-0.28,0,1.222,8.1,-87.7,15.626,0.943,5.66,0
10/13/22,20:00:00,0,Deployment Site,0.73,40394.1,0.93,49796.9,106.1,106.3,8.66,1.354,32.11,49087,2.32,31907,-0.18,0,1.222,8.1,-87.8,15.728,0.929,5.67,0
10/13/22,21:00:00,0,Deployment Site,0.89,40529,0.928,49783,106.2,106.4,8.64,1.35,32.11,49080.9,2.64,31903,0.09,0,1.218,8.11,-88.4,15.878,0.923,5.65,0
10/13/22,22:00:00,0,Deployment Site,0.81,40750.1,0.926,49778.5,104.9,105.1,8.5,1.349,32.12,49088.4,2.54,31907,0.07,0,1.229,8.11,-88.5,16.107,0.93,5.66,0
10/13/22,23:00:00,0,Deployment Site,0.38,40697.4,0.916,49776.3,99,99.2,8.03,1.334,32.11,49083.5,1.55,31904,-0.23,0,1.219,8.07,-86.1,16.055,0.911,5.67,0
10/14/22,0:00:00,0,Deployment Site,0.92,40596.4,0.917,49776.5,103.2,103.4,8.39,1.335,32.11,49078.3,2.74,31901,0.15,0,1.222,8.1,-87.5,15.952,0.912,5.66,0
10/14/22,1:00:00,0,Deployment Site,0.98,40414.6,0.914,49790.2,104.4,104.6,8.52,1.331,32.11,49081.7,2.25,31903,-0.18,0,1.213,8.09,-87.2,15.755,0.92,5.66,0
10/14/22,2:00:00,0,Deployment Site,1.05,40386.2,0.911,49779.8,104.2,104.4,8.5,1.327,32.1,49070.5,2.92,31896,-0.05,0,1.222,8.09,-87.1,15.734,0.916,5.65,0
10/14/22,3:00:00,0,Deployment Site,0.76,40362.2,0.912,49701.4,102.3,102.5,8.35,1.328,32.04,48995.2,2.1,31847,-0.03,0,1.217,8.08,-86.4,15.775,0.899,5.66,0
10/14/22,4:00:00,0,Deployment Site,0.95,40373.6,0.904,49630.8,100.5,100.7,8.19,1.316,32,48929.2,2.54,31804,0.2,0,1.224,8.07,-86.2,15.845,0.917,5.67,0
10/14/22,5:00:00,0,Deployment Site,0.94,40385.9,0.9,49678.8,101.8,102,8.3,1.31,32.03,48975.1,2.57,31834,0.18,0,1.218,8.08,-86.5,15.818,0.883,5.66,0
10/14/22,6:00:00,0,Deployment Site,1.09,40296.4,0.896,49711.8,102.8,103,8.4,1.304,32.05,49001.7,2.99,31851,-0.11,0,1.224,8.08,-86.4,15.699,0.893,5.67,0
10/14/22,7:00:00,0,Deployment Site,0.88,40275.8,0.882,49584.5,99.8,100,8.14,1.284,31.96,48880.4,2.27,31772,-0.18,0,1.216,8.05,-85,15.784,0.879,5.65,0
10/14/22,8:00:00,0,Deployment Site,0.66,40361.3,0.88,49423.1,96.5,96.7,7.85,1.281,31.86,48732.7,2.13,31676,0.05,0,1.223,8,-82,16.006,0.879,5.66,0
10/14/22,9:00:00,0,Deployment Site,0.93,40276,0.891,49131.4,96,96.1,7.79,1.296,31.66,48453.3,2.79,31495,0.86,0,1.224,7.97,-80.6,16.164,0.916,5.67,0
10/14/22,10:00:00,0,Deployment Site,0.93,40276.4,0.89,49005.9,96.2,96.4,7.8,1.296,31.57,48335.1,3.08,31418,1.14,0,1.225,7.97,-80.5,16.271,0.902,5.66,0
10/14/22,11:00:00,0,Deployment Site,0.98,40424.9,0.912,49459.1,101.1,101.3,8.22,1.328,31.89,48770.1,2.64,31701,0.62,0,1.219,8.06,-85.6,16.041,0.914,5.67,0
10/14/22,12:00:00,0,Deployment Site,0.93,40490.2,0.91,49553.4,102.7,102.9,8.34,1.325,31.95,48862.3,2.23,31761,0.31,0,1.226,8.08,-86.4,16.029,0.913,5.65,0
10/14/22,13:00:00,0,Deployment Site,1.12,40490.7,0.915,49462.3,100.6,100.8,8.16,1.332,31.89,48776.5,3.25,31705,0.72,0,1.216,8.05,-84.8,16.106,0.922,5.66,0
10/14/22,14:00:00,0,Deployment Site,1.13,40498.2,0.911,49427,100.4,100.6,8.14,1.326,31.87,48743.7,4.47,31683,0.66,0,1.226,8.04,-84.5,16.143,0.915,5.67,0
10/14/22,15:00:00,0,Deployment Site,1.11,40473.5,0.911,49380.5,100.5,100.7,8.15,1.326,31.84,48698.6,4.27,31654,0.4,0,1.216,8.04,-84.5,16.157,0.912,5.66,0
10/14/22,16:00:00,0,Deployment Site,1.12,40481.9,0.914,49396.9,100.8,101,8.17,1.33,31.85,48714.4,2.85,31664,0.22,0,1.225,8.05,-84.8,16.152,0.915,5.66,0
10/14/22,17:00:00,0,Deployment Site,1.14,40510.7,0.922,49404.4,101.5,101.7,8.23,1.342,31.85,48723.1,3.23,31670,0.23,0,1.219,8.05,-85,16.175,0.913,5.65,0
10/14/22,18:00:00,0,Deployment Site,0.99,40521,0.93,49455,103.2,103.4,8.37,1.354,31.89,48771.3,2.72,31701,0.06,0,1.225,8.07,-86.3,16.143,0.931,5.67,0
10/14/22,19:00:00,0,Deployment Site,1.04,40595.3,0.936,49349.2,104.1,104.2,8.41,1.362,31.82,48675.8,3.1,31639,0.23,0,1.214,8.09,-87,16.309,0.936,5.67,0
10/14/22,20:00:00,0,Deployment Site,1.31,40577.7,0.937,48886.5,103.5,103.7,8.33,1.364,31.51,48239.9,4.38,31356,0.23,0,1.222,8.05,-85,16.684,0.938,5.66,0
10/14/22,21:00:00,0,Deployment Site,1.15,40308.9,0.94,48452,100,100.1,8.04,1.368,31.2,47816.4,2.31,31081,0.6,0,1.216,7.99,-81.8,16.78,0.941,5.67,0
10/14/22,22:00:00,0,Deployment Site,1.12,40348.9,0.941,48616.9,99.6,99.8,8.02,1.369,31.31,47973.5,7.1,31183,0.61,0,1.224,7.99,-81.9,16.679,0.941,5.65,0
10/14/22,23:00:00,0,Deployment Site,1.12,40372.9,0.943,48818.6,98.6,98.7,7.95,1.372,31.45,48164.4,3.18,31307,0.47,0,1.224,8,-82,16.531,0.942,5.67,0
10/15/22,0:00:00,0,Deployment Site,1.14,40419.8,0.943,48976.3,98.7,98.8,7.97,1.372,31.56,48315.2,3.58,31405,0.34,0,1.226,8.01,-82.9,16.444,0.942,5.67,0
10/15/22,1:00:00,0,Deployment Site,2.37,40395.8,0.947,49081.5,98.7,98.9,7.99,1.377,31.63,48412.9,3.06,31468,0.26,0,1.218,8.02,-83.3,16.33,0.946,5.66,0
10/15/22,2:00:00,0,Deployment Site,1.13,40427.4,0.956,49164.7,98.5,98.7,7.97,1.391,31.69,48492.9,6.73,31520,0.34,0,1.223,8.02,-83.5,16.292,0.957,5.67,0
10/15/22,3:00:00,0,Deployment Site,1.05,40312.5,0.955,49135.5,98.3,98.5,7.97,1.39,31.66,48459.2,1.62,31498,0.23,0,1.224,8.02,-83.2,16.198,0.955,5.66,0
10/15/22,4:00:00,0,Deployment Site,0.98,40126.6,0.955,49043.5,95.8,96,7.79,1.39,31.59,48362.4,2.64,31436,0.24,0,1.227,8,-82,16.084,0.953,5.66,0
10/15/22,5:00:00,0,Deployment Site,1.19,40173.1,0.962,49108.3,96.2,96.4,7.83,1.399,31.64,48426,2.49,31477,0.23,0,1.217,8,-82.3,16.077,0.961,5.67,0
10/15/22,6:00:00,0,Deployment Site,0.87,40119.6,0.965,49100.4,95.6,95.8,7.78,1.404,31.63,48415.7,2.65,31470,0.2,0,1.222,8,-82.1,16.029,0.965,5.66,0
10/15/22,7:00:00,0,Deployment Site,1.06,40089.6,0.969,49124.9,95.3,95.4,7.76,1.409,31.64,48437.2,2.91,31484,0.19,0,1.213,8.01,-82.4,15.977,0.968,5.67,0
10/15/22,8:00:00,0,Deployment Site,0.59,40130.3,0.974,49139.3,94.9,95.1,7.73,1.418,31.65,48452.9,1.91,31494,0.04,0,1.232,8,-82.2,16.007,0.975,5.65,0
10/15/22,9:00:00,0,Deployment Site,0.55,40191.4,0.972,49155.2,94.6,94.8,7.69,1.415,31.67,48471.2,1.7,31506,0.29,0,1.224,7.99,-81.8,16.057,0.972,5.66,0
10/15/22,10:00:00,0,Deployment Site,0.87,40312.8,0.979,49337.6,96.5,96.6,7.84,1.425,31.8,48649.5,3.16,31622,0,0,1.217,8.01,-82.8,16.028,0.979,5.67,0
10/15/22,11:00:00,0,Deployment Site,0.84,40216.3,0.966,49221.4,95.1,95.3,7.74,1.406,31.71,48534.8,2.41,31548,-0.14,0,1.229,8,-82,16.026,0.966,5.66,0
10/15/22,12:00:00,0,Deployment Site,0.59,40310.8,0.968,49287.7,96.6,96.8,7.85,1.409,31.76,48602.4,1.84,31592,-0.04,0,1.214,8.01,-82.4,16.068,0.97,5.67,0
10/15/22,13:00:00,0,Deployment Site,0.89,40377.6,0.962,49388.9,98.3,98.5,7.99,1.4,31.84,48701.3,2.59,31656,0.16,0,1.221,8.02,-83,16.052,0.956,5.65,0
10/15/22,14:00:00,0,Deployment Site,0.95,40399.7,0.961,49446.4,100.2,100.3,8.14,1.399,31.88,48756.7,3.58,31692,-0.13,0,1.224,8.02,-83.5,16.026,0.961,5.66,0
10/15/22,15:00:00,0,Deployment Site,1,40387,0.954,49506.8,101.4,101.5,8.25,1.389,31.92,48812.9,9.45,31728,-0.16,0,1.23,8.04,-84.1,15.962,0.956,5.67,0
10/15/22,16:00:00,0,Deployment Site,1.12,40406.9,0.954,49503.9,101,101.2,8.21,1.389,31.91,48811.3,2.38,31727,-0.14,0,1.218,8.04,-84.1,15.985,0.954,5.65,0
10/15/22,17:00:00,0,Deployment Site,0.72,40582.2,0.954,49344,100.5,100.7,8.13,1.388,31.82,48670.2,2.25,31636,-0.21,0,1.223,8.02,-83.5,16.299,0.955,5.66,0
10/15/22,18:00:00,0,Deployment Site,1.08,40569.5,0.953,49346.6,101,101.2,8.17,1.387,31.82,48671.9,2.66,31637,-0.2,0,1.222,8.03,-83.7,16.284,0.951,5.65,0
10/15/22,19:00:00,0,Deployment Site,1.01,40565.3,0.961,49350.6,100.8,101,8.16,1.398,31.82,48675.4,2.49,31639,-0.2,0,1.225,8.03,-83.7,16.277,0.96,5.66,0
10/15/22,20:00:00,0,Deployment Site,1.09,40472.9,0.961,49337.9,103.6,103.8,8.4,1.399,31.81,48658.5,2.92,31628,-0.2,0,1.218,8.04,-84.6,16.192,0.959,5.67,0
10/15/22,21:00:00,0,Deployment Site,0.67,40499.2,0.963,49388.9,104.4,104.5,8.46,1.401,31.84,48707.9,2.1,31660,-0.23,0,1.225,8.06,-85.5,16.177,0.963,5.66,0
10/15/22,22:00:00,0,Deployment Site,0.77,40420.3,0.965,49321.1,105.9,106.1,8.59,1.405,31.79,48639.8,2.52,31616,-0.28,0,1.218,8.06,-85.3,16.153,0.965,5.66,0
10/15/22,23:00:00,0,Deployment Site,0.87,40416.8,0.965,49281.6,107.7,107.9,8.73,1.404,31.77,48602.3,2.08,31592,-0.16,0,1.226,8.06,-85.6,16.182,0.964,5.65,0
10/16/22,0:00:00,0,Deployment Site,0.8,40375.5,0.963,49309.7,105.9,106.1,8.59,1.401,31.78,48626.6,3.99,31607,-0.23,0,1.213,8.05,-85.2,16.116,0.962,5.66,0
10/16/22,1:00:00,0,Deployment Site,0.69,40348,0.959,49341.2,104.7,104.9,8.51,1.396,31.8,48654.8,1.65,31626,-0.23,0,1.224,8.05,-85,16.061,0.959,5.67,0
10/16/22,2:00:00,0,Deployment Site,0.97,40262.4,0.961,49331.5,105,105.2,8.55,1.398,31.79,48641.1,5.84,31617,-0.23,0,1.224,8.05,-85.1,15.981,0.96,5.65,0
10/16/22,3:00:00,0,Deployment Site,1.12,40422.3,0.957,49432.6,99.6,99.8,8.09,1.393,31.87,48744.9,3.34,31684,-0.15,0,1.222,8.03,-84,16.061,0.957,5.66,0
10/16/22,4:00:00,0,Deployment Site,0.89,40295.4,0.957,49424.8,100.1,100.3,8.15,1.393,31.85,48730.8,2.99,31675,-0.22,0,1.217,8.03,-83.9,15.937,0.957,5.65,0
10/16/22,5:00:00,0,Deployment Site,1.1,40333.3,0.954,49450.3,99.6,99.8,8.11,1.389,31.87,48756.8,3.01,31692,-0.26,0,1.223,8.03,-83.9,15.955,0.955,5.66,0
10/16/22,6:00:00,0,Deployment Site,0.76,40218.7,0.957,49448.2,100.6,100.8,8.21,1.392,31.87,48748.8,1.91,31687,-0.32,0,1.218,8.04,-84.2,15.839,0.957,5.67,0
10/16/22,7:00:00,0,Deployment Site,1.19,40203.6,0.952,49459,101,101.2,8.24,1.386,31.87,48758.3,2.38,31693,-0.27,0,1.229,8.04,-84.6,15.814,0.951,5.66,0
10/16/22,8:00:00,0,Deployment Site,0.84,40213.4,0.954,49474.1,101.6,101.7,8.29,1.389,31.88,48773,2.12,31702,-0.27,0,1.224,8.05,-84.9,15.812,0.954,5.66,0
10/16/22,9:00:00,0,Deployment Site,0.49,39976.5,0.955,49431.6,100.4,100.6,8.23,1.39,31.84,48720.7,1.62,31668,-0.25,0,1.223,8.03,-83.7,15.603,0.955,5.65,0
10/16/22,10:00:00,0,Deployment Site,0.55,39988.9,0.956,49385.9,102,102.2,8.35,1.391,31.81,48678.2,1.59,31641,-0.22,0,1.216,8.04,-84.1,15.654,0.956,5.66,0
10/16/22,11:00:00,0,Deployment Site,0.47,40154.3,0.952,49394.8,103.4,103.6,8.44,1.386,31.83,48695.1,1.91,31652,-0.27,0,1.225,8.04,-84.1,15.817,0.952,5.66,0
10/16/22,12:00:00,0,Deployment Site,0.6,40346.2,0.945,49375.4,104.1,104.2,8.46,1.376,31.82,48686.9,2.2,31646,-0.26,0,1.213,8.04,-84.1,16.031,0.945,5.65,0
10/16/22,13:00:00,0,Deployment Site,0.51,40470.4,0.934,49373.5,104.2,104.4,8.45,1.36,31.83,48691.8,1.64,31650,-0.22,0,1.232,8.03,-84,16.16,0.936,5.67,0
10/16/22,14:00:00,0,Deployment Site,0.69,40474.2,0.929,49364.4,105.1,105.3,8.52,1.352,31.82,48683.5,2.66,31644,-0.33,0,1.223,8.04,-84.3,16.171,0.927,5.65,0
10/16/22,15:00:00,0,Deployment Site,0.78,40489.2,0.923,49345.4,105.3,105.5,8.53,1.344,31.81,48666.4,2.42,31633,-0.27,0,1.224,8.04,-84.4,16.203,0.924,5.66,0
10/16/22,16:00:00,0,Deployment Site,0.89,40446.9,0.924,49417.9,107,107.2,8.68,1.345,31.86,48732.4,2.15,31676,-0.33,0,1.218,8.06,-85.7,16.098,0.924,5.67,0
10/16/22,17:00:00,0,Deployment Site,0.79,40479.4,0.923,49463.8,107.8,108,8.75,1.343,31.89,48777.3,1.68,31705,-0.4,0,1.225,8.07,-86,16.093,0.921,5.66,0
10/16/22,18:00:00,0,Deployment Site,1.12,40657.4,0.917,49360.9,108.6,108.8,8.77,1.334,31.83,48690.2,3.07,31649,-0.33,0,1.216,8.07,-86.3,16.362,0.915,5.67,0
10/16/22,19:00:00,0,Deployment Site,0.97,40751.1,0.912,49377.7,108.8,109,8.77,1.328,31.85,48711.3,2.93,31662,-0.36,0,1.225,8.07,-86.4,16.444,0.913,5.65,0
10/16/22,20:00:00,0,Deployment Site,1.2,40843.3,0.91,49345.8,111.4,111.6,8.96,1.324,31.83,48686.5,2.73,31646,-0.34,0,1.222,8.08,-86.9,16.566,0.91,5.66,0
10/16/22,21:00:00,0,Deployment Site,1.13,40896,0.909,49324.1,112.4,112.6,9.03,1.323,31.82,48669.1,3.48,31635,-0.36,0,1.221,8.09,-87.1,16.638,0.909,5.67,0
10/16/22,22:00:00,0,Deployment Site,1.01,40945.2,0.91,49290.6,114.8,115,9.2,1.325,31.8,48640.4,2.56,31616,-0.28,0,1.213,8.09,-87.6,16.717,0.911,5.66,0
10/16/22,23:00:00,0,Deployment Site,1.48,40899.5,0.908,49311.6,112.6,112.8,9.04,1.322,31.81,48657.5,3.28,31627,-0.3,0,1.223,8.09,-87.3,16.652,0.908,5.67,0
10/17/22,0:00:00,0,Deployment Site,1.13,40750.1,0.907,49330.5,109.6,109.8,8.83,1.32,31.82,48666.8,3.51,31633,-0.31,0,1.223,8.07,-86.4,16.483,0.907,5.65,0
10/17/22,1:00:00,0,Deployment Site,1.98,40660.7,0.905,49340.3,107.9,108.1,8.71,1.317,31.82,48671,6.94,31636,-0.28,0,1.225,8.07,-85.9,16.383,0.905,5.66,0
10/17/22,2:00:00,0,Deployment Site,1.64,40706.5,0.902,49348.2,104.1,104.2,8.39,1.313,31.83,48681,2.11,31643,-0.09,0,1.216,8.05,-85,16.424,0.903,5.67,0
10/17/22,3:00:00,0,Deployment Site,1.82,40675.1,0.903,49346.5,103.3,103.5,8.34,1.315,31.82,48677.6,3.77,31640,-0.29,0,1.224,8.05,-84.8,16.393,0.904,5.66,0
10/17/22,4:00:00,0,Deployment Site,3.85,40627.4,0.902,49334,104.9,105.1,8.47,1.313,31.81,48663.2,7.58,31631,-0.15,0,1.224,8.05,-85.2,16.354,0.901,5.67,0
10/17/22,5:00:00,0,Deployment Site,1.03,40588.8,0.901,49309,105,105.1,8.48,1.311,31.79,48637.6,2.3,31614,0.24,0,1.222,8.05,-85.1,16.336,0.901,5.65,0
10/17/22,6:00:00,0,Deployment Site,0.95,40470.5,0.903,49251,104.1,104.3,8.43,1.315,31.75,48576.5,2.59,31575,-0.26,0,1.216,8.04,-84.7,16.263,0.902,5.66,0
10/17/22,7:00:00,0,Deployment Site,1.11,40455.1,0.898,49248.1,103.6,103.8,8.39,1.308,31.74,48573,2.68,31572,-0.27,0,1.225,8.04,-84.5,16.25,0.899,5.67,0
10/17/22,8:00:00,0,Deployment Site,0.75,40414.2,0.903,49220.6,101.7,101.8,8.24,1.314,31.72,48544.8,1.9,31554,-0.28,0,1.214,8.03,-83.7,16.231,0.903,5.65,0
10/17/22,9:00:00,0,Deployment Site,1.09,40398.1,0.898,49223.6,102.5,102.7,8.31,1.308,31.73,48546.7,2.04,31555,-0.3,0,1.222,8.03,-84.1,16.212,0.898,5.67,0
10/17/22,10:00:00,0,Deployment Site,1.03,40493.8,0.899,49267.5,101.3,101.5,8.2,1.309,31.76,48593.3,1.53,31586,-0.35,0,1.224,8.03,-83.6,16.273,0.9,5.65,0
10/17/22,11:00:00,0,Deployment Site,0.86,40553.1,0.9,49299,104.5,104.6,8.45,1.31,31.78,48626.2,2.89,31607,-0.33,0,1.223,8.05,-84.7,16.308,0.9,5.66,0
10/17/22,12:00:00,0,Deployment Site,1.13,40601.4,0.896,49315.2,105.7,105.9,8.54,1.304,31.8,48644.1,3.78,31619,-0.29,0,1.218,8.05,-84.9,16.344,0.896,5.66,0
10/17/22,13:00:00,0,Deployment Site,1.14,40619.9,0.893,49320.8,107.1,107.3,8.65,1.299,31.8,48650.4,2.22,31623,-0.29,0,1.226,8.05,-85,16.358,0.894,5.65,0
10/17/22,14:00:00,0,Deployment Site,0.97,40638.5,0.884,49305.7,108.5,108.7,8.76,1.286,31.79,48637.2,3.47,31614,-0.31,0,1.216,8.06,-85.5,16.39,0.882,5.67,0
10/17/22,15:00:00,0,Deployment Site,1.18,40662.9,0.876,49299.7,110.8,111,8.94,1.275,31.79,48633,2.37,31611,-0.36,0,1.223,8.07,-86.3,16.42,0.879,5.65,0
10/17/22,16:00:00,0,Deployment Site,1.03,40667.7,0.871,49300.1,111.8,111.9,9.02,1.267,31.79,48633.6,2.87,31612,-0.23,0,1.213,8.08,-86.8,16.424,0.868,5.66,0
10/17/22,17:00:00,0,Deployment Site,1.25,40654.1,0.873,49297.6,110.2,110.4,8.89,1.27,31.79,48630.5,2.76,31610,-0.3,0,1.223,8.08,-86.5,16.413,0.876,5.67,0
10/17/22,18:00:00,0,Deployment Site,1.23,40657.7,0.874,49304.2,108.1,108.2,8.72,1.271,31.79,48636.9,5.93,31614,-0.33,0,1.224,8.06,-85.7,16.411,0.87,5.66,0
10/17/22,19:00:00,0,Deployment Site,1.18,40637.9,0.873,49301.6,108.5,108.7,8.76,1.27,31.79,48633.4,5.61,31612,-0.29,0,1.225,8.07,-86.1,16.393,0.872,5.67,0
10/17/22,20:00:00,0,Deployment Site,1.47,40591.3,0.868,49300.7,107.2,107.4,8.66,1.263,31.79,48629.9,3.49,31609,-0.31,0,1.218,8.07,-85.9,16.345,0.862,5.65,0
10/17/22,21:00:00,0,Deployment Site,1.05,40499.8,0.864,49319,104.7,104.9,8.48,1.257,31.8,48642.1,2.15,31617,-0.39,0,1.225,8.07,-86.1,16.236,0.868,5.66,0
10/17/22,22:00:00,0,Deployment Site,1.12,40503.3,0.864,49339.7,104.7,104.8,8.48,1.258,31.81,48661.8,6.38,31630,-0.33,0,1.216,8.07,-86.1,16.222,0.866,5.67,0
10/17/22,23:00:00,0,Deployment Site,1.43,40476.3,0.854,49359.6,103.4,103.6,8.38,1.243,31.82,48679.1,2.64,31641,-0.32,0,1.224,8.06,-85.7,16.178,0.852,5.65,0
10/18/22,0:00:00,0,Deployment Site,1.17,40476.5,0.845,49354.5,101.6,101.8,8.23,1.23,31.82,48674.2,3.47,31638,-0.28,0,1.222,8.05,-85.2,16.182,0.846,5.67,0
10/18/22,1:00:00,0,Deployment Site,0.83,40485.8,0.844,49372.9,101,101.1,8.18,1.229,31.83,48692.1,2.58,31650,-0.32,0,1.225,8.05,-84.7,16.176,0.845,5.65,0
10/18/22,2:00:00,0,Deployment Site,0.45,40485.4,0.842,49381.2,97.3,97.5,7.89,1.226,31.84,48699.9,1.1,31655,-0.35,0,1.218,8.02,-83.2,16.169,0.841,5.66,0
10/18/22,3:00:00,0,Deployment Site,0.89,40411.2,0.841,49306.9,101.6,101.8,8.24,1.225,31.78,48625.9,2.26,31607,-0.34,0,1.224,8.05,-84.9,16.155,0.841,5.67,0
10/18/22,4:00:00,0,Deployment Site,0.87,40409.5,0.839,49288.8,101.8,101.9,8.25,1.221,31.77,48608.8,2.64,31596,-0.31,0,1.224,8.05,-85,16.169,0.834,5.65,0
10/18/22,5:00:00,0,Deployment Site,1,40392.3,0.833,49257.4,102.1,102.3,8.28,1.212,31.75,48578.2,1.47,31576,-0.33,0,1.222,8.05,-85.1,16.177,0.831,5.66,0
10/18/22,6:00:00,0,Deployment Site,0.78,40373.5,0.844,49237.5,101.2,101.3,8.2,1.228,31.73,48558.5,2.35,31563,-0.29,0,1.215,8.05,-84.8,16.175,0.847,5.65,0
10/18/22,7:00:00,0,Deployment Site,1,40380.4,0.839,49233.2,101.7,101.8,8.24,1.221,31.73,48554.8,6.6,31561,-0.35,0,1.225,8.05,-85.1,16.186,0.834,5.66,0
10/18/22,8:00:00,0,Deployment Site,0.87,40348.3,0.838,49215.4,101.2,101.3,8.2,1.219,31.72,48536.3,1.91,31549,-0.35,0,1.224,8.05,-84.8,16.168,0.834,5.67,0
10/18/22,9:00:00,0,Deployment Site,0.8,40371.8,0.843,49228.8,101,101.2,8.19,1.226,31.73,48550.2,2.49,31558,-0.37,0,1.224,8.05,-84.8,16.18,0.836,5.66,0
10/18/22,10:00:00,0,Deployment Site,0.8,40380.3,0.838,49265.3,101.5,101.7,8.24,1.219,31.75,48585,2.49,31580,-0.37,0,1.218,8.05,-84.9,16.158,0.843,5.67,0
10/18/22,11:00:00,0,Deployment Site,0.76,40489,0.838,49307.5,104.4,104.6,8.45,1.219,31.79,48630.7,2.59,31610,-0.35,0,1.221,8.07,-85.8,16.235,0.837,5.65,0
10/18/22,12:00:00,0,Deployment Site,0.72,40571.7,0.841,49290.5,106.1,106.3,8.57,1.223,31.78,48619.2,2.57,31603,-0.34,0,1.214,8.06,-85.8,16.334,0.842,5.66,0
10/18/22,13:00:00,0,Deployment Site,0.91,40693.8,0.842,49253.4,109.2,109.3,8.8,1.225,31.76,48591.2,1.77,31584,-0.36,0,1.225,8.08,-86.6,16.491,0.845,5.67,0
10/18/22,14:00:00,0,Deployment Site,0.51,40745,0.84,49212.3,110.6,110.8,8.9,1.222,31.74,48555.4,1.68,31561,-0.33,0,1.219,8.1,-87.6,16.578,0.836,5.66,0
10/18/22,15:00:00,0,Deployment Site,0.98,40627.2,0.84,49183.2,107,107.2,8.63,1.223,31.71,48521.5,2.78,31539,-0.31,0,1.228,8.07,-86.3,16.482,0.836,5.66,0
10/18/22,16:00:00,0,Deployment Site,1.06,40800.4,0.842,49213.3,110.8,111,8.9,1.225,31.74,48559.5,2.28,31564,-0.39,0,1.214,8.09,-87.5,16.634,0.846,5.65,0
10/18/22,17:00:00,0,Deployment Site,0.95,40757.8,0.847,49204,110.1,110.3,8.85,1.232,31.73,48548.4,2.26,31556,-0.37,0,1.221,8.09,-87.4,16.598,0.844,5.66,0
10/18/22,18:00:00,0,Deployment Site,0.97,40622.4,0.846,49179,107.1,107.2,8.63,1.232,31.71,48517.2,2.94,31536,-0.36,0,1.214,8.08,-86.6,16.481,0.847,5.67,0
10/18/22,19:00:00,0,Deployment Site,0.98,40600.6,0.85,49186.5,106.5,106.7,8.59,1.237,31.71,48523,2.64,31540,-0.39,0,1.225,8.08,-86.5,16.452,0.849,5.66,0
10/18/22,20:00:00,0,Deployment Site,0.96,40479.1,0.853,49160.3,103,103.2,8.33,1.242,31.69,48491.7,6.5,31520,-0.3,0,1.224,8.06,-85.4,16.349,0.853,5.66,0
10/18/22,21:00:00,0,Deployment Site,0.45,40431.6,0.852,49139.9,102.5,102.7,8.29,1.24,31.67,48469.8,4.44,31505,-0.37,0,1.227,8.06,-85.4,16.317,0.852,5.65,0
10/18/22,22:00:00,0,Deployment Site,0.73,40418.9,0.854,49163.2,101.7,101.8,8.23,1.243,31.69,48491.1,2.47,31519,0.04,0,1.218,8.05,-85.2,16.284,0.854,5.66,0
10/18/22,23:00:00,0,Deployment Site,1.01,40559.8,0.853,49175,107.3,107.4,8.66,1.242,31.7,48509.9,6.86,31531,-0.4,0,1.223,8.09,-87.4,16.42,0.853,5.67,0
10/19/22,0:00:00,0,Deployment Site,0.95,40503.8,0.858,49173.7,105.9,106.1,8.56,1.248,31.7,48505.6,4.16,31529,-0.43,0,1.223,8.08,-86.9,16.363,0.857,5.66,0
10/19/22,1:00:00,0,Deployment Site,0.9,40446.5,0.859,49185.4,104.7,104.9,8.47,1.25,31.7,48513.4,2.04,31534,-0.23,0,1.227,8.08,-86.6,16.294,0.858,5.67,0
10/19/22,2:00:00,0,Deployment Site,1.04,40362.7,0.864,49192,103.1,103.3,8.36,1.257,31.7,48515.1,6.66,31535,-0.4,0,1.218,8.07,-86.1,16.202,0.864,5.65,0
10/19/22,3:00:00,0,Deployment Site,1.03,40334,0.86,49197.7,102.5,102.6,8.31,1.251,31.7,48518.9,2.06,31537,-0.37,0,1.222,8.07,-85.9,16.168,0.859,5.66,0
10/19/22,4:00:00,0,Deployment Site,0.85,40257.1,0.862,49191.9,101,101.2,8.2,1.255,31.7,48509.3,2.69,31531,-0.4,0,1.224,8.06,-85.3,16.094,0.863,5.66,0
10/19/22,5:00:00,0,Deployment Site,0.92,40199.1,0.871,49212.1,100,100.1,8.13,1.267,31.71,48525.2,3.25,31541,-0.33,0,1.228,8.05,-85.1,16.017,0.871,5.66,0
10/19/22,6:00:00,0,Deployment Site,0.59,40123.6,0.876,49221.3,98,98.1,7.99,1.275,31.71,48529.9,1.66,31544,-0.4,0,1.218,8.04,-84.4,15.931,0.876,5.66,0
10/19/22,7:00:00,0,Deployment Site,0.87,40098.1,0.882,49202.1,97.3,97.5,7.93,1.283,31.69,48510.4,2.66,31532,-0.41,0,1.223,8.04,-84.3,15.921,0.881,5.65,0
10/19/22,8:00:00,0,Deployment Site,0.66,40096.7,0.888,49221.6,96.8,97,7.89,1.292,31.71,48528.7,1.91,31544,-0.36,0,1.224,8.03,-83.9,15.903,0.887,5.66,0
10/19/22,9:00:00,0,Deployment Site,0.44,40067,0.897,49223.5,97.1,97.2,7.92,1.305,31.71,48528.9,1.85,31544,-0.38,0,1.225,8.03,-83.9,15.871,0.897,5.66,0
10/19/22,10:00:00,0,Deployment Site,0.3,40072.7,0.904,49243,96.7,96.9,7.89,1.316,31.72,48547.6,1.36,31556,-0.39,0,1.218,8.02,-83.4,15.86,0.903,5.66,0
10/19/22,11:00:00,0,Deployment Site,0.29,40182.3,0.908,49293.7,98.7,98.9,8.04,1.321,31.76,48601.3,1.38,31591,-0.35,0,1.226,8.03,-83.9,15.931,0.905,5.67,0
10/19/22,12:00:00,0,Deployment Site,0.38,40224.1,0.909,49353.8,99.1,99.3,8.07,1.323,31.8,48660.1,1.27,31629,-0.39,0,1.222,8.03,-83.9,15.923,0.908,5.65,0
10/19/22,13:00:00,0,Deployment Site,0.33,40081.9,0.905,49337.1,103,103.2,8.42,1.318,31.78,48636.9,1.5,31614,-0.36,0,1.232,8.05,-84.8,15.791,0.899,5.66,0
10/19/22,14:00:00,0,Deployment Site,0.4,39693.2,0.907,49255.6,105.9,106,8.71,1.32,31.71,48540.2,1.55,31551,-0.34,0,1.213,8.06,-85.2,15.458,0.91,5.67,0
10/19/22,15:00:00,0,Deployment Site,0.66,40036.1,0.909,49441.9,105.3,105.5,8.62,1.323,31.85,48733.4,1.17,31677,-0.3,0,1.222,8.07,-85.9,15.656,0.911,5.66,0
10/19/22,16:00:00,0,Deployment Site,1.04,40210.9,0.904,49578.5,102.9,103.1,8.41,1.315,31.95,48871.4,1.86,31766,-0.28,0,1.224,8.07,-85.8,15.722,0.906,5.66,0
10/19/22,17:00:00,0,Deployment Site,0.98,40239.7,0.901,49640.4,102.2,102.4,8.35,1.312,32,48931.4,2.74,31805,-0.27,0,1.227,8.07,-85.9,15.7,0.903,5.65,0
10/19/22,18:00:00,0,Deployment Site,1.15,40236.2,0.904,49608,100.6,100.8,8.22,1.316,31.97,48900.5,2.25,31785,-0.34,0,1.218,8.06,-85.6,15.723,0.897,5.66,0
10/19/22,19:00:00,0,Deployment Site,0.94,40176.3,0.915,49620.5,99.7,99.8,8.15,1.332,31.98,48909.3,2.82,31791,-0.21,0,1.223,8.06,-85.4,15.652,0.909,5.66,0
10/19/22,20:00:00,0,Deployment Site,0.91,40150.8,0.924,49565.3,98.4,98.6,8.05,1.345,31.94,48855.9,2.58,31756,-0.33,0,1.216,8.05,-85,15.671,0.92,5.65,0
10/19/22,21:00:00,0,Deployment Site,0.78,40058.4,0.93,49580.7,97.7,97.9,8.01,1.355,31.95,48865.7,2.58,31763,-0.33,0,1.224,8.05,-84.8,15.564,0.931,5.66,0
10/19/22,22:00:00,0,Deployment Site,1.02,40057.7,0.931,49577.8,97.1,97.2,7.96,1.355,31.94,48862.9,3.13,31761,-0.31,0,1.214,8.05,-84.7,15.565,0.931,5.65,0
10/19/22,23:00:00,0,Deployment Site,0.77,40025.8,0.937,49593.4,96.3,96.4,7.9,1.364,31.95,48876.1,1.49,31769,-0.29,0,1.231,8.05,-84.6,15.52,0.936,5.66,0
10/20/22,0:00:00,0,Deployment Site,0.92,39992.5,0.942,49626.2,95.5,95.6,7.84,1.371,31.97,48905.5,4.05,31789,-0.25,0,1.223,8.04,-84.5,15.458,0.942,5.66,0
10/20/22,1:00:00,0,Deployment Site,0.85,39943.7,0.941,49642.5,95.5,95.6,7.85,1.37,31.98,48918.5,3.12,31797,-0.3,0,1.232,8.05,-84.8,15.394,0.942,5.65,0
10/20/22,2:00:00,0,Deployment Site,0.91,39882,0.946,49654.3,94.6,94.7,7.79,1.377,31.99,48926.6,4.23,31802,-0.21,0,1.221,8.04,-84.3,15.321,0.945,5.66,0
10/20/22,3:00:00,0,Deployment Site,1.1,39811.7,0.943,49674,94.1,94.2,7.76,1.372,32,48941.8,5.45,31812,-0.25,0,1.222,8.04,-84.2,15.233,0.942,5.65,0
10/20/22,4:00:00,0,Deployment Site,0.99,39663.6,0.944,49693.8,93.1,93.2,7.7,1.374,32,48953.6,3.62,31820,-0.22,0,1.224,8.04,-83.9,15.064,0.944,5.66,0
10/20/22,5:00:00,0,Deployment Site,0.91,39515.9,0.949,49716.9,93,93.2,7.73,1.382,32.01,48968.7,2.32,31830,-0.26,0,1.224,8.03,-83.8,14.893,0.949,5.66,0
10/20/22,6:00:00,0,Deployment Site,0.74,39481.3,0.952,49728,93.6,93.7,7.78,1.386,32.01,48977.6,2.55,31835,-0.27,0,1.214,8.04,-84,14.849,0.952,5.65,0
10/20/22,7:00:00,0,Deployment Site,0.76,39572.5,0.957,49744.1,93.8,94,7.79,1.394,32.03,48997,3.48,31848,-0.26,0,1.231,8.04,-84,14.929,0.956,5.66,0
10/20/22,8:00:00,0,Deployment Site,0.55,39645.5,0.959,49740,93.4,93.5,7.74,1.397,32.03,48996.5,2.04,31848,-0.33,0,1.22,8.03,-83.7,15.008,0.96,5.65,0
10/20/22,9:00:00,0,Deployment Site,0.4,39689.8,0.971,49707.7,94.3,94.5,7.8,1.413,32.01,48968,1.67,31829,-0.27,0,1.216,8.03,-83.7,15.08,0.971,5.66,0
10/20/22,10:00:00,0,Deployment Site,0.31,39688,0.974,49681.7,95.8,95.9,7.92,1.418,31.99,48943.3,1.21,31813,-0.31,0,1.224,8.04,-84,15.099,0.974,5.66,0
10/20/22,11:00:00,0,Deployment Site,0.29,39706.1,0.974,49701.3,96,96.1,7.94,1.417,32.01,48962.7,1.36,31826,-0.29,0,1.216,8.03,-83.7,15.102,0.975,5.65,0
10/20/22,12:00:00,0,Deployment Site,0.22,39849.9,0.97,49704.9,97.7,97.9,8.06,1.412,32.02,48972.9,1.13,31832,-0.31,0,1.224,8.03,-83.9,15.247,0.967,5.66,0
10/20/22,13:00:00,0,Deployment Site,0.27,39921.7,0.962,49620.5,101.4,101.5,8.34,1.4,31.97,48896.6,1.32,31783,-0.3,0,1.224,8.05,-85,15.39,0.952,5.65,0
10/20/22,14:00:00,0,Deployment Site,0.31,39590.5,0.962,49711.2,105.4,105.6,8.74,1.4,32.01,48966.6,1.45,31828,-0.24,0,1.225,8.06,-85.3,14.975,0.961,5.66,0
10/20/22,15:00:00,0,Deployment Site,0.61,39812.1,0.958,49696.3,99.4,99.6,8.21,1.395,32.01,48963,2.1,31826,-0.23,0,1.218,8.05,-84.5,15.215,0.957,5.66,0
10/20/22,16:00:00,0,Deployment Site,0.66,39744,0.956,49727.3,99,99.1,8.18,1.393,32.03,48989.1,2.24,31843,-0.05,0,1.223,8.04,-84.2,15.12,0.952,5.65,0
10/20/22,17:00:00,0,Deployment Site,0.7,39751.3,0.958,49691.2,97.1,97.2,8.02,1.395,32,48955.3,2.43,31821,-0.22,0,1.222,8.04,-84.3,15.157,0.959,5.66,0
10/20/22,18:00:00,0,Deployment Site,0.99,39765.7,0.962,49689.2,97.5,97.6,8.05,1.4,32,48954,3,31820,-0.14,0,1.225,8.05,-84.6,15.173,0.962,5.65,0
10/20/22,19:00:00,0,Deployment Site,0.98,39842.3,0.97,49707.2,96.2,96.4,7.94,1.411,32.02,48974.8,2.58,31834,-0.1,0,1.218,8.05,-84.5,15.237,0.972,5.66,0
10/20/22,20:00:00,0,Deployment Site,0.92,39947.7,0.979,49681.2,97.5,97.7,8.02,1.425,32.01,48955.2,2.65,31821,-0.17,0,1.221,8.06,-85.1,15.366,0.975,5.66,0
10/20/22,21:00:00,0,Deployment Site,0.94,39918.8,0.985,49688.8,97.6,97.8,8.03,1.434,32.01,48961,3.08,31825,-0.15,0,1.224,8.06,-85.1,15.331,0.982,5.65,0
10/20/22,22:00:00,0,Deployment Site,0.89,39891.6,0.993,49695.4,96.7,96.8,7.96,1.446,32.01,48965.9,2.83,31828,-0.16,0,1.226,8.05,-84.7,15.297,0.993,5.66,0
10/20/22,23:00:00,0,Deployment Site,0.97,39787.3,0.994,49703.3,95.9,96.1,7.92,1.447,32.01,48968.5,3.14,31829,-0.03,0,1.216,8.04,-84.4,15.184,0.995,5.65,0
10/21/22,0:00:00,0,Deployment Site,0.83,39503.4,0.997,49716.1,95.7,95.9,7.95,1.452,32.01,48967.4,1.72,31829,-0.27,0,1.231,8.04,-84,14.881,0.996,5.66,0
10/21/22,1:00:00,0,Deployment Site,0.91,39396.2,1,49735,95.3,95.4,7.93,1.456,32.01,48980.4,3.21,31837,-0.24,0,1.215,8.03,-83.7,14.755,1.001,5.66,0
10/21/22,2:00:00,0,Deployment Site,0.83,39107.3,1.001,49806.7,93,93.2,7.8,1.458,32.04,49036.1,3.12,31873,-0.21,0,1.224,8.01,-82.4,14.399,1.001,5.65,0
10/21/22,3:00:00,0,Deployment Site,0.61,38835,1,49842.8,91.6,91.7,7.73,1.457,32.05,49059.3,4.06,31889,-0.2,0,1.23,8,-81.5,14.089,1,5.65,0
10/21/22,4:00:00,0,Deployment Site,1.07,39435.8,0.992,49703,96.3,96.5,8.01,1.445,31.99,48951.8,2.97,31819,-0.35,0,1.219,8.05,-84.6,14.822,0.993,5.65,0
10/21/22,5:00:00,0,Deployment Site,0.83,39467.7,1,49681.2,96,96.2,7.98,1.456,31.98,48932.6,1.83,31806,-0.36,0,1.221,8.05,-84.4,14.873,1,5.66,0
10/21/22,6:00:00,0,Deployment Site,0.78,39545.1,1.006,49649.5,96.3,96.4,7.98,1.464,31.96,48906.1,2.34,31789,-0.34,0,1.224,8.05,-84.6,14.979,1.005,5.66,0
10/21/22,7:00:00,0,Deployment Site,1.06,39520.8,1.011,49648.6,96,96.1,7.96,1.472,31.96,48904.1,2.88,31788,-0.32,0,1.227,8.05,-84.5,14.954,1.012,5.65,0
10/21/22,8:00:00,0,Deployment Site,0.78,39535.3,1.021,49660.6,96.3,96.4,7.99,1.486,31.97,48916.2,2.17,31796,-0.4,0,1.219,8.05,-84.6,14.959,1.02,5.66,0
10/21/22,9:00:00,0,Deployment Site,0.6,39601.8,1.025,49645.9,96.8,97,8.02,1.493,31.96,48905.3,1.9,31788,-0.4,0,1.225,8.05,-84.6,15.04,1.025,5.65,0
10/21/22,10:00:00,0,Deployment Site,0.43,39676.8,1.027,49620.1,96.5,96.7,7.98,1.495,31.95,48884.4,1.61,31775,-0.37,0,1.214,8.05,-84.5,15.139,1.029,5.66,0
10/21/22,11:00:00,0,Deployment Site,0.34,39766.6,1.025,49553.7,96.5,96.6,7.95,1.492,31.91,48825.8,1.28,31737,-0.41,0,1.224,8.04,-84.1,15.286,1.025,5.66,0
10/21/22,12:00:00,0,Deployment Site,0.35,39821.9,1.028,49581.4,98,98.1,8.07,1.496,31.93,48854.7,1.46,31756,-0.38,0,1.214,8.04,-84.5,15.32,1.03,5.65,0
10/21/22,13:00:00,0,Deployment Site,0.53,39954,1.021,49609.1,100.9,101.1,8.3,1.486,31.96,48887.4,1.67,31777,-0.36,0,1.224,8.06,-85.2,15.433,1.02,5.66,0
10/21/22,14:00:00,0,Deployment Site,0.6,40027.8,1.018,49590.8,102.9,103.1,8.44,1.482,31.95,48873.7,1.68,31768,-0.37,0,1.224,8.06,-85.6,15.524,1.017,5.65,0
10/21/22,15:00:00,0,Deployment Site,0.6,40188,1.013,49593.8,108.3,108.5,8.86,1.475,31.96,48884.7,1.89,31775,-0.36,0,1.224,8.08,-86.7,15.686,1.011,5.66,0
10/21/22,16:00:00,0,Deployment Site,0.95,40054.1,1.014,49599.2,107.2,107.4,8.79,1.476,31.96,48883,3.14,31774,-0.38,0,1.218,8.08,-86.6,15.544,1.01,5.66,0
10/21/22,17:00:00,0,Deployment Site,0.6,39849.3,1.017,49606.5,105.8,106,8.71,1.48,31.95,48879.7,1.83,31772,-0.19,0,1.221,8.08,-86.2,15.327,1.023,5.65,0
10/21/22,18:00:00,0,Deployment Site,0.44,39776.2,1.022,49619.1,105,105.2,8.66,1.487,31.96,48888.2,1.61,31777,-0.3,0,1.214,8.07,-86,15.242,1.021,5.66,0
10/21/22,19:00:00,0,Deployment Site,0.78,39809.2,1.027,49614.4,104.4,104.6,8.61,1.495,31.96,48885.3,1.6,31775,-0.34,0,1.214,8.08,-86.5,15.28,1.029,5.65,0
10/21/22,20:00:00,0,Deployment Site,0.92,39823.9,1.031,49599.1,102,102.1,8.4,1.501,31.95,48871.5,2.68,31766,-0.32,0,1.224,8.07,-86.1,15.307,1.03,5.66,0
10/21/22,21:00:00,0,Deployment Site,0.83,39840.8,1.034,49604.9,102.5,102.7,8.44,1.505,31.95,48877.9,4.02,31771,-0.3,0,1.215,8.08,-86.2,15.32,1.033,5.66,0
10/21/22,22:00:00,0,Deployment Site,1,39782.1,1.041,49608,101.1,101.3,8.34,1.515,31.95,48877.9,3.06,31771,-0.31,0,1.224,8.07,-85.9,15.257,1.043,5.65,0
10/21/22,23:00:00,0,Deployment Site,0.81,39730.6,1.042,49605.2,100.2,100.3,8.27,1.517,31.94,48872.8,2.65,31767,-0.23,0,1.224,8.06,-85.6,15.206,1.042,5.66,0
10/22/22,0:00:00,0,Deployment Site,0.87,39602.6,1.042,49624,96.8,97,8.02,1.517,31.95,48884.6,2.76,31775,-0.17,0,1.227,8.04,-84.4,15.059,1.042,5.65,0
10/22/22,1:00:00,0,Deployment Site,1.11,39555.6,1.044,49629.7,96.1,96.3,7.97,1.52,31.95,48887.8,2.92,31777,-0.19,0,1.218,8.04,-84.3,15.006,1.045,5.66,0
10/22/22,2:00:00,0,Deployment Site,1.12,39529.6,1.048,49641.7,96.1,96.2,7.97,1.526,31.96,48898,3.29,31784,-0.25,0,1.223,8.04,-84.3,14.969,1.049,5.66,0
10/22/22,3:00:00,0,Deployment Site,4.61,39471.2,1.05,49654.8,96.4,96.6,8.01,1.529,31.96,48907.7,12.55,31790,-0.21,0,1.218,8.04,-84.3,14.898,1.05,5.65,0
10/22/22,4:00:00,0,Deployment Site,0.99,39423.5,1.048,49670,95.9,96.1,7.98,1.526,31.97,48920,2.88,31798,-0.22,0,1.228,8.04,-84.1,14.837,1.048,5.65,0
10/22/22,5:00:00,0,Deployment Site,0.72,39347.1,1.052,49688.9,95.6,95.7,7.96,1.532,31.98,48934.5,2.66,31807,-0.29,0,1.224,8.04,-83.9,14.742,1.052,5.65,0
10/22/22,6:00:00,0,Deployment Site,0.71,39297.4,1.06,49684.4,95,95.2,7.93,1.543,31.97,48928,2.36,31803,-0.32,0,1.23,8.03,-83.7,14.695,1.06,5.65,0
10/22/22,7:00:00,0,Deployment Site,1.19,39369.6,1.06,49660.2,95.6,95.7,7.96,1.544,31.96,48908.2,6.32,31790,-0.35,0,1.214,8.04,-84.3,14.789,1.061,5.66,0
10/22/22,8:00:00,0,Deployment Site,0.75,39389.4,1.066,49661.3,96.2,96.4,8.01,1.553,31.96,48910.1,3.27,31792,-0.37,0,1.221,8.04,-84.4,14.808,1.067,5.65,0
10/22/22,9:00:00,0,Deployment Site,0.44,39489.9,1.071,49633.6,96.9,97.1,8.04,1.559,31.95,48888.5,2.95,31778,-0.39,0,1.214,8.04,-84.4,14.935,1.071,5.65,0
10/22/22,10:00:00,0,Deployment Site,0.57,39529.7,1.076,49631.1,98.1,98.2,8.13,1.566,31.95,48887.9,2.13,31777,-0.33,0,1.223,8.04,-84.4,14.978,1.076,5.65,0
10/22/22,11:00:00,0,Deployment Site,0.34,39550.6,1.075,49626,98.4,98.6,8.16,1.566,31.95,48884.1,1.54,31775,-0.38,0,1.215,8.04,-84.2,15.004,1.076,5.65,0
10/22/22,12:00:00,0,Deployment Site,0.39,39555.3,1.074,49636.7,99.1,99.3,8.22,1.563,31.96,48894.4,1.6,31781,-0.35,0,1.222,8.04,-84.3,15,1.073,5.66,0
10/22/22,13:00:00,0,Deployment Site,0.52,39878.8,1.067,49614.1,104.8,105,8.63,1.553,31.96,48888.4,2.02,31777,-0.38,0,1.224,8.07,-85.9,15.351,1.068,5.65,0
10/22/22,14:00:00,0,Deployment Site,0.6,40011.7,1.068,49624.9,107.2,107.4,8.8,1.555,31.97,48905.1,2.06,31788,-0.39,0,1.225,8.08,-86.4,15.479,1.069,5.65,0
10/22/22,15:00:00,0,Deployment Site,0.77,40139.1,1.066,49633.8,109.3,109.5,8.95,1.551,31.99,48920,2.25,31798,-0.37,0,1.218,8.09,-87,15.603,1.069,5.65,0
10/22/22,16:00:00,0,Deployment Site,0.75,40125.8,1.065,49607.6,109.6,109.8,8.97,1.55,31.97,48894.6,1.78,31781,-0.38,0,1.225,8.09,-87.2,15.61,1.065,5.65,0
10/22/22,17:00:00,0,Deployment Site,0.79,40110.6,1.062,49625.2,111,111.2,9.1,1.546,31.98,48910.4,3.35,31792,-0.38,0,1.214,8.1,-87.5,15.58,1.062,5.66,0
10/22/22,18:00:00,0,Deployment Site,1.18,40097.9,1.067,49634.2,111.5,111.6,9.13,1.554,31.98,48918.3,2.79,31797,-0.36,0,1.223,8.1,-87.6,15.56,1.067,5.65,0
10/22/22,19:00:00,0,Deployment Site,0.64,40071.2,1.069,49651,110.9,111,9.09,1.556,31.99,48932.9,1.91,31806,-0.18,0,1.222,8.09,-87.3,15.518,1.07,5.65,0
10/22/22,20:00:00,0,Deployment Site,1.05,39852.8,1.076,49580.6,105.6,105.8,8.7,1.567,31.93,48855.5,5.45,31756,-0.33,0,1.224,8.09,-86.8,15.352,1.075,5.65,0
10/22/22,21:00:00,0,Deployment Site,1.09,39828.2,1.075,49589.4,104.1,104.3,8.58,1.565,31.94,48862.6,2.13,31761,-0.32,0,1.214,8.08,-86.5,15.32,1.076,5.65,0
10/22/22,22:00:00,0,Deployment Site,1.03,39782,1.078,49549.1,103.4,103.6,8.52,1.57,31.91,48822.2,3.73,31734,-0.32,0,1.221,8.08,-86.2,15.305,1.077,5.66,0
10/22/22,23:00:00,0,Deployment Site,1,39697.1,1.083,49528.8,103.9,104.1,8.58,1.576,31.89,48798.9,2.82,31719,-0.31,0,1.224,8.08,-86.4,15.235,1.082,5.65,0
10/23/22,0:00:00,0,Deployment Site,0.91,39684.2,1.079,49533.2,103.8,104,8.57,1.57,31.89,48802.4,3.97,31722,-0.38,0,1.226,8.08,-86.3,15.218,1.078,5.65,0
10/23/22,1:00:00,0,Deployment Site,0.99,39668.2,1.08,49539.5,103,103.2,8.51,1.573,31.9,48807.6,3.26,31725,-0.05,0,1.213,8.07,-86.1,15.196,1.08,5.65,0
10/23/22,2:00:00,0,Deployment Site,1.29,39780.7,1.087,49609.6,105.3,105.4,8.68,1.583,31.95,48879.4,2.3,31772,-0.11,0,1.221,8.08,-86.5,15.254,1.086,5.65,0
10/23/22,3:00:00,0,Deployment Site,0.81,39648.4,1.082,49612.6,105.6,105.8,8.73,1.575,31.94,48875.9,3.66,31769,-0.28,0,1.213,8.09,-86.8,15.116,1.081,5.66,0
10/23/22,4:00:00,0,Deployment Site,0.62,39606.1,1.081,49527.6,105.5,105.7,8.73,1.574,31.89,48793.4,2.08,31716,-0.35,0,1.223,8.09,-86.8,15.142,1.081,5.65,0
10/23/22,5:00:00,0,Deployment Site,0.87,39518.8,1.074,49497,104.2,104.4,8.63,1.564,31.86,48760.2,1.85,31694,-0.39,0,1.224,8.08,-86.5,15.077,1.074,5.65,0
10/23/22,6:00:00,0,Deployment Site,0.78,39262.2,1.084,49243.2,107.3,107.5,8.91,1.578,31.67,48507.7,2.53,31530,-0.29,0,1.222,8.1,-87.6,15.021,1.083,5.65,0
10/23/22,7:00:00,0,Deployment Site,0.78,39293.7,1.084,49250.8,106.4,106.6,8.83,1.579,31.68,48516.5,2.57,31536,-0.29,0,1.218,8.1,-87.4,15.047,1.084,5.65,0
10/23/22,8:00:00,0,Deployment Site,0.67,39256.3,1.087,49205.5,106.4,106.6,8.83,1.582,31.65,48471.7,2.04,31507,-0.32,0,1.226,8.1,-87.3,15.046,1.087,5.65,0
10/23/22,9:00:00,0,Deployment Site,0.61,39256.3,1.092,49198.3,106.1,106.3,8.81,1.589,31.64,48464.9,1.4,31502,-0.33,0,1.218,8.09,-87.2,15.052,1.091,5.65,0
10/23/22,10:00:00,0,Deployment Site,0.74,39280.5,1.097,49201.8,106.4,106.6,8.83,1.597,31.65,48469.4,2.86,31505,-0.26,0,1.226,8.09,-87.2,15.074,1.097,5.65,0
10/23/22,11:00:00,0,Deployment Site,0.66,39325,1.093,49210.9,106.1,106.3,8.79,1.591,31.66,48480.1,3.25,31512,-0.37,0,1.224,8.09,-87,15.113,1.094,5.65,0
10/23/22,12:00:00,0,Deployment Site,0.68,39293.7,1.087,49158.5,105.8,106,8.77,1.583,31.62,48429,2.2,31479,-0.26,0,1.221,8.08,-86.5,15.124,1.086,5.65,0
10/23/22,13:00:00,0,Deployment Site,0.85,39299,1.088,49128.8,105.8,105.9,8.76,1.583,31.6,48401.1,4.61,31461,-0.22,0,1.218,8.08,-86.3,15.154,1.087,5.65,0
10/23/22,14:00:00,0,Deployment Site,0.85,39241.6,1.081,49045.4,106.7,106.9,8.84,1.574,31.54,48319.4,2.74,31408,-0.11,0,1.228,8.08,-86.7,15.164,1.084,5.65,0
10/23/22,15:00:00,0,Deployment Site,1.04,39149.9,1.073,48932.7,106.6,106.8,8.83,1.561,31.46,48208.3,2.42,31335,-0.1,0,1.216,8.07,-86.1,15.162,1.073,5.65,0
10/23/22,16:00:00,0,Deployment Site,1.31,39076.2,1.073,48881.7,108.2,108.4,8.98,1.562,31.42,48156.4,3.01,31302,-0.11,0,1.226,8.08,-86.6,15.128,1.073,5.65,0
10/23/22,17:00:00,0,Deployment Site,1.04,39001.3,1.075,48843.3,108.6,108.8,9.02,1.565,31.39,48116.5,2.85,31276,-0.11,0,1.221,8.09,-86.8,15.082,1.076,5.65,0
10/23/22,18:00:00,0,Deployment Site,1.17,38972.8,1.068,48830.1,106.7,106.9,8.86,1.554,31.38,48102.7,3.28,31267,-0.07,0,1.224,8.08,-86.4,15.063,1.067,5.65,0
10/23/22,19:00:00,0,Deployment Site,1.09,38985.5,1.073,48877.5,104.8,105,8.71,1.562,31.41,48148.2,2.82,31296,-0.19,0,1.218,8.08,-86.2,15.037,1.073,5.65,0
10/23/22,20:00:00,0,Deployment Site,1.13,38990.7,1.067,48882.4,104.6,104.8,8.69,1.553,31.42,48153.1,2.67,31300,-0.16,0,1.226,8.07,-86.1,15.038,1.07,5.65,0
10/23/22,21:00:00,0,Deployment Site,0.97,39005.2,1.064,48909.8,103.5,103.7,8.6,1.548,31.44,48179.7,1.61,31317,-0.22,0,1.218,8.07,-85.8,15.03,1.063,5.65,0
10/23/22,22:00:00,0,Deployment Site,0.99,39012.8,1.062,48925.9,103.5,103.7,8.61,1.545,31.45,48195.4,2.48,31327,-0.16,0,1.223,8.07,-85.8,15.025,1.063,5.65,0
10/23/22,23:00:00,0,Deployment Site,0.89,38991.6,1.053,48927.9,102.5,102.7,8.52,1.532,31.45,48196.3,2.27,31328,-0.25,0,1.217,8.06,-85.4,15.001,1.053,5.65,0
10/24/22,0:00:00,0,Deployment Site,1.01,38986,1.051,48928.1,102.6,102.7,8.53,1.53,31.45,48196.2,2.15,31328,-0.22,0,1.225,8.06,-85.5,14.995,1.046,5.65,0
10/24/22,1:00:00,0,Deployment Site,1.08,38964.9,1.049,48910.9,102.4,102.5,8.51,1.527,31.43,48178.9,2.31,31316,-0.19,0,1.222,8.06,-85.4,14.987,1.049,5.65,0
10/24/22,2:00:00,0,Deployment Site,0.95,38778.4,1.047,48729.6,102.8,102.9,8.56,1.524,31.3,47998.4,2.34,31199,-0.19,0,1.224,8.07,-85.7,14.943,1.047,5.65,0
10/24/22,3:00:00,0,Deployment Site,0.96,38676.9,1.04,48622.4,102.1,102.2,8.51,1.513,31.23,47892,2.67,31130,-0.18,0,1.218,8.07,-85.6,14.926,1.039,5.65,0
10/24/22,4:00:00,0,Deployment Site,0.98,38579.2,1.04,48520.5,100.5,100.7,8.39,1.513,31.15,47790.9,2.54,31064,-0.16,0,1.227,8.05,-84.9,14.908,1.04,5.65,0
10/24/22,5:00:00,0,Deployment Site,1.31,38597.6,1.047,48539.6,100.1,100.2,8.35,1.524,31.17,47809.8,3.21,31076,0.42,0,1.213,8.05,-84.9,14.912,1.047,5.65,0
10/24/22,6:00:00,0,Deployment Site,0.9,38600.5,1.046,48547.2,99,99.2,8.26,1.522,31.17,47817.2,2.9,31081,-0.27,0,1.222,8.04,-84.3,14.908,1.046,5.65,0
10/24/22,7:00:00,0,Deployment Site,0.9,38687.5,1.05,48635.9,99.5,99.7,8.3,1.528,31.23,47905.3,2.1,31138,-0.19,0,1.224,8.05,-84.6,14.926,1.049,5.65,0
10/24/22,8:00:00,0,Deployment Site,0.82,38818.5,1.052,48759.9,98.2,98.4,8.18,1.531,31.33,48029,2.56,31219,-0.15,0,1.226,8.04,-84.1,14.96,1.052,5.65,0
10/24/22,9:00:00,0,Deployment Site,0.86,38862,1.052,48791.6,98.2,98.3,8.17,1.531,31.35,48061,2.34,31240,-0.23,0,1.218,8.04,-84.1,14.979,1.05,5.65,0
10/24/22,10:00:00,0,Deployment Site,0.87,39026.5,1.049,48942.7,97.6,97.8,8.11,1.527,31.46,48211.9,1.62,31338,-0.27,0,1.225,8.03,-83.8,15.025,1.049,5.65,0
10/24/22,11:00:00,0,Deployment Site,0.74,39008.3,1.055,48804.7,99.9,100,8.29,1.535,31.37,48080.3,2.32,31252,-0.25,0,1.213,8.04,-83.9,15.121,1.056,5.65,0
10/24/22,12:00:00,0,Deployment Site,0.75,38939.6,1.05,48637.8,99.2,99.3,8.23,1.528,31.25,47918.9,2.52,31147,-0.25,0,1.229,8.02,-83.3,15.189,1.052,5.65,0
10/24/22,13:00:00,0,Deployment Site,1.02,38948.4,1.043,48565.3,100.7,100.9,8.34,1.517,31.2,47850.7,2.17,31103,-0.16,0,1.222,8.04,-84,15.259,1.043,5.65,0
10/24/22,14:00:00,0,Deployment Site,1.34,39071.6,1.044,48728.9,102.6,102.7,8.49,1.52,31.32,48011.5,3.46,31207,-0.19,0,1.217,8.05,-84.9,15.251,1.044,5.65,0
10/24/22,15:00:00,0,Deployment Site,1.08,39202.6,1.039,48809.3,104.1,104.3,8.61,1.512,31.38,48093.9,3.46,31261,-0.3,0,1.222,8.06,-85.3,15.321,1.039,5.65,0
10/24/22,16:00:00,0,Deployment Site,1.22,39313.3,1.046,48873.6,107.3,107.5,8.85,1.523,31.43,48160.2,2.42,31304,-0.28,0,1.227,8.08,-86.5,15.382,1.046,5.65,0
10/24/22,17:00:00,0,Deployment Site,0.98,39263.7,1.042,48848,106.4,106.6,8.79,1.517,31.41,48133.6,4.83,31287,-0.29,0,1.218,8.07,-86.1,15.352,1.041,5.65,0
10/24/22,18:00:00,0,Deployment Site,1.38,39271.4,1.039,48823.6,105.9,106.1,8.74,1.512,31.39,48110.9,11.4,31272,-0.33,0,1.225,8.07,-86.1,15.381,1.04,5.65,0
10/24/22,19:00:00,0,Deployment Site,0.75,39307,1.043,48839.3,104.4,104.6,8.61,1.517,31.41,48127.4,2.46,31283,-0.37,0,1.218,8.07,-85.7,15.405,1.051,5.65,0
10/24/22,20:00:00,0,Deployment Site,1.13,39310.8,1.041,48870.2,108.8,109,8.98,1.515,31.43,48156.9,3.62,31302,-0.32,0,1.226,8.09,-87,15.383,1.041,5.65,0
10/24/22,21:00:00,0,Deployment Site,1.12,39381.2,1.045,48962.7,111.3,111.5,9.18,1.52,31.49,48247.8,2.88,31361,-0.39,0,1.213,8.11,-87.9,15.379,1.044,5.65,0
10/24/22,22:00:00,0,Deployment Site,1.21,39337.2,1.046,48912.4,108.8,109,8.98,1.522,31.46,48198.1,5.5,31329,-0.34,0,1.224,8.09,-86.9,15.375,1.047,5.65,0
10/24/22,23:00:00,0,Deployment Site,0.71,39319.8,1.042,48881.4,105.5,105.6,8.7,1.516,31.44,48167.9,1.49,31309,-0.22,0,1.213,8.07,-85.8,15.383,1.042,5.65,0
10/25/22,0:00:00,0,Deployment Site,0.84,39265.8,1.041,48799.2,107.7,107.9,8.89,1.515,31.38,48087.5,3.01,31257,-0.33,0,1.226,8.08,-86.5,15.395,1.041,5.65,0
10/25/22,1:00:00,0,Deployment Site,0.69,39216.4,1.043,48733.5,107.3,107.5,8.86,1.518,31.33,48022.9,1.9,31215,-0.39,0,1.217,8.07,-86.1,15.399,1.043,5.65,0
10/25/22,2:00:00,0,Deployment Site,0.77,39246.6,1.041,48760.4,110.1,110.3,9.09,1.514,31.35,48049.9,2.28,31232,-0.35,0,1.223,8.09,-87,15.408,1.041,5.65,0
10/25/22,3:00:00,0,Deployment Site,0.85,39221.2,1.035,48736.6,109.1,109.3,9.01,1.506,31.33,48026.1,2.16,31217,-0.36,0,1.213,8.09,-86.9,15.401,1.035,5.65,0
10/25/22,4:00:00,0,Deployment Site,0.97,39248.2,1.039,48786.8,108,108.1,8.91,1.511,31.37,48074.9,7.9,31249,-0.35,0,1.223,8.08,-86.5,15.387,1.038,5.65,0
10/25/22,5:00:00,0,Deployment Site,0.99,39261.2,1.04,48817.6,107.6,107.8,8.88,1.513,31.39,48104.7,2.66,31268,-0.29,0,1.224,8.08,-86.4,15.375,1.04,5.65,0
10/25/22,6:00:00,0,Deployment Site,0.87,39244.8,1.034,48781.3,106.6,106.7,8.8,1.505,31.36,48069.6,2.35,31245,-0.36,0,1.227,8.07,-86,15.388,1.034,5.65,0
10/25/22,7:00:00,0,Deployment Site,0.85,39227.2,1.033,48799.4,104.7,104.9,8.65,1.503,31.37,48085.8,1.72,31256,-0.37,0,1.218,8.06,-85.5,15.355,1.032,5.65,0
10/25/22,8:00:00,0,Deployment Site,0.77,39276,1.04,48911.3,100.9,101.1,8.34,1.513,31.45,48194,2.44,31326,-0.3,0,1.223,8.04,-84.4,15.312,1.04,5.65,0
10/25/22,9:00:00,0,Deployment Site,0.76,39394.3,1.042,49171,93.7,93.9,7.75,1.516,31.63,48445.6,6.67,31490,-0.23,0,1.224,8.01,-82.2,15.218,1.041,5.65,0
10/25/22,10:00:00,0,Deployment Site,0.59,39455.1,1.043,49296.3,89.7,89.9,7.42,1.519,31.72,48567.2,1.68,31569,-0.15,0,1.228,7.99,-81.1,15.177,1.043,5.65,0
10/25/22,11:00:00,0,Deployment Site,0.69,39421.2,1.034,49127.2,99.8,100,8.25,1.505,31.61,48405.5,1.9,31464,-0.37,0,1.218,8.04,-84.4,15.282,1.034,5.65,0
10/25/22,12:00:00,0,Deployment Site,0.65,39447.3,1.048,49002.7,100.7,100.9,8.3,1.526,31.52,48288.9,2.04,31388,-0.33,0,1.222,8.04,-84.1,15.414,1.048,5.65,0
10/25/22,13:00:00,0,Deployment Site,0.64,39628,1.023,48899.6,104.4,104.6,8.56,1.489,31.46,48200.6,1.98,31330,-0.38,0,1.224,8.05,-85.1,15.688,1.024,5.65,0
10/25/22,14:00:00,0,Deployment Site,0.59,39758,1.016,48860.6,104.2,104.4,8.52,1.478,31.45,48170.5,1.63,31311,-0.31,0,1.225,8.04,-84.6,15.857,1.017,5.65,0
10/25/22,15:00:00,0,Deployment Site,0.77,39807.3,1.011,48833.2,103.8,103.9,8.47,1.471,31.43,48147.3,1.99,31296,-0.37,0,1.219,8.05,-84.7,15.931,1.011,5.65,0
10/25/22,16:00:00,0,Deployment Site,0.99,39814.7,1.007,48783,106.3,106.5,8.67,1.465,31.4,48100.2,2.62,31265,-0.31,0,1.226,8.06,-85.3,15.981,1.007,5.65,0
10/25/22,17:00:00,0,Deployment Site,1.17,40004.5,1.006,48633.8,108.6,108.8,8.81,1.464,31.31,47970,2.63,31180,-0.32,0,1.213,8.06,-85.6,16.306,1.006,5.65,0
10/25/22,18:00:00,0,Deployment Site,1.55,39963.7,1.005,48710.9,113.4,113.6,9.21,1.462,31.36,48040.3,3.37,31226,-0.26,0,1.226,8.08,-86.8,16.198,1.005,5.65,0
10/25/22,19:00:00,0,Deployment Site,1.12,39886,1,48749.8,109.8,110,8.94,1.455,31.38,48072.8,3.34,31247,-0.24,0,1.215,8.07,-85.9,16.084,1,5.65,0
10/25/22,20:00:00,0,Deployment Site,1.08,39902.5,0.997,48747.5,110.2,110.3,8.97,1.451,31.38,48071.6,3.03,31247,-0.2,0,1.224,8.07,-86,16.103,0.996,5.65,0
10/25/22,21:00:00,0,Deployment Site,1.13,39921.5,0.993,48755.1,107,107.2,8.7,1.445,31.38,48079.6,3.05,31252,-0.28,0,1.224,8.06,-85.3,16.116,0.993,5.65,0
10/25/22,22:00:00,0,Deployment Site,1.19,39910.9,0.991,48803.3,112,112.2,9.12,1.441,31.42,48124.5,2.98,31281,-0.3,0,1.226,8.09,-87,16.064,0.99,5.65,0
10/25/22,23:00:00,0,Deployment Site,0.99,39867,0.987,48824.2,109.3,109.5,8.91,1.436,31.43,48141.9,2.15,31292,-0.33,0,1.218,8.07,-86.2,16.001,0.987,5.65,0
10/26/22,0:00:00,0,Deployment Site,0.77,39871,0.983,48816.2,107,107.2,8.72,1.43,31.42,48134.6,1.51,31287,-0.37,0,1.225,8.06,-85.4,16.012,0.984,5.65,0
10/26/22,1:00:00,0,Deployment Site,0.82,39859.8,0.974,48810,107.9,108.1,8.8,1.418,31.42,48128.1,2.32,31283,-0.33,0,1.223,8.07,-85.9,16.005,0.969,5.65,0
10/26/22,2:00:00,0,Deployment Site,0.87,39858.9,0.969,48758,106.8,107,8.7,1.41,31.38,48079.1,2.13,31251,-0.33,0,1.221,8.06,-85.6,16.049,0.971,5.65,0
10/26/22,3:00:00,0,Deployment Site,0.82,39882.6,0.965,48705.4,105.8,106,8.61,1.404,31.35,48030.8,1.84,31220,-0.36,0,1.217,8.05,-85.1,16.118,0.964,5.65,0
10/26/22,4:00:00,0,Deployment Site,0.79,39902,0.958,48700.9,107.6,107.8,8.75,1.393,31.35,48027.6,2.07,31218,-0.35,0,1.226,8.06,-85.4,16.142,0.959,5.65,0
10/26/22,5:00:00,0,Deployment Site,0.9,39894.8,0.952,48672.3,107.4,107.6,8.74,1.385,31.33,48000.2,2.24,31200,-0.35,0,1.214,8.06,-85.4,16.159,0.951,5.65,0
10/26/22,6:00:00,0,Deployment Site,0.84,39906.1,0.948,48611.6,107.6,107.8,8.74,1.378,31.29,47943.7,2.44,31163,-0.34,0,1.224,8.06,-85.4,16.223,0.949,5.65,0
10/26/22,7:00:00,0,Deployment Site,0.72,39893.4,0.943,48672.1,106.7,106.9,8.68,1.372,31.33,48000,1.74,31200,-0.38,0,1.224,8.05,-85.2,16.158,0.946,5.65,0
10/26/22,8:00:00,0,Deployment Site,0.82,39834.4,0.936,48647.4,102.2,102.4,8.32,1.362,31.31,47973.5,3.82,31183,-0.3,0,1.225,8.03,-83.6,16.117,0.938,5.65,0
10/26/22,9:00:00,0,Deployment Site,0.67,39853.3,0.932,48740.4,101.9,102.1,8.3,1.356,31.37,48062.1,2.72,31240,0,0,1.218,8.03,-83.9,16.058,0.933,5.65,0
10/26/22,10:00:00,0,Deployment Site,0.69,39792.9,0.929,48806.4,99.4,99.6,8.12,1.352,31.41,48121.1,2.09,31279,-0.31,0,1.227,8.02,-83.3,15.939,0.931,5.65,0
10/26/22,11:00:00,0,Deployment Site,0.81,39727.8,0.916,48783.1,99.4,99.6,8.13,1.333,31.39,48095.8,2.57,31262,-0.34,0,1.224,8.03,-83.6,15.891,0.919,5.65,0
10/26/22,12:00:00,0,Deployment Site,1,39500.9,0.906,48393.7,101.5,101.7,8.29,1.319,31.12,47716.6,4.87,31016,-0.34,0,1.225,8.04,-84.3,15.986,0.907,5.65,0
10/26/22,13:00:00,0,Deployment Site,1.17,39203.6,0.892,47945.1,97.8,98,8,1.297,30.8,47278,3.41,30731,-0.07,0,1.218,7.99,-81.6,16.059,0.886,5.65,0
10/26/22,14:00:00,0,Deployment Site,1.02,39284.3,0.88,47985.8,99.1,99.3,8.09,1.279,30.83,47320.6,2.38,30758,-0.2,0,1.224,8,-82.2,16.108,0.879,5.65,0
10/26/22,15:00:00,0,Deployment Site,0.82,39650.6,0.873,48160.7,101.6,101.7,8.25,1.27,30.97,47505.3,2.46,30878,-0.26,0,1.224,8.02,-83.5,16.344,0.872,5.65,0
10/26/22,16:00:00,0,Deployment Site,1.14,39606.5,0.872,48139.4,101.5,101.6,8.24,1.269,30.95,47482.9,2.46,30864,-0.25,0,1.232,8.02,-83.1,16.315,0.873,5.65,0
10/26/22,17:00:00,0,Deployment Site,0.58,39668.2,0.871,48087.1,101.3,101.4,8.21,1.267,30.92,47437.1,2.93,30834,-0.18,0,1.217,8.01,-82.7,16.426,0.87,5.65,0
10/26/22,18:00:00,0,Deployment Site,1.21,39662.2,0.872,48104.1,100.8,100.9,8.17,1.268,30.93,47452.8,3.22,30844,-0.24,0,1.225,8.01,-82.6,16.404,0.871,5.65,0
10/26/22,19:00:00,0,Deployment Site,1.74,39614.1,0.874,48106.1,100.7,100.8,8.18,1.272,30.93,47451.9,4.36,30844,-0.08,0,1.216,8.01,-82.5,16.352,0.874,5.65,0
10/26/22,20:00:00,0,Deployment Site,6.95,39693.7,0.876,48501.8,106,106.2,8.64,1.275,31.2,47828.8,18.06,31089,0.04,0,1.223,8.06,-85.4,16.095,0.876,5.65,0
10/26/22,21:00:00,0,Deployment Site,1.08,39708.3,0.876,48565,105.4,105.6,8.6,1.274,31.24,47889.1,3.11,31128,-0.29,0,1.224,8.06,-85.4,16.056,0.876,5.65,0
10/26/22,22:00:00,0,Deployment Site,1.37,39753.1,0.881,48687.4,103,103.2,8.41,1.282,31.33,48006.8,3.38,31204,-0.28,0,1.226,8.05,-85.1,15.998,0.88,5.65,0
10/26/22,23:00:00,0,Deployment Site,1.07,39762,0.885,48725.3,102.9,103,8.39,1.288,31.36,48043.1,4.29,31228,-0.27,0,1.218,8.06,-85.2,15.975,0.885,5.65,0
10/27/22,0:00:00,0,Deployment Site,0.88,39768.6,0.883,48715.1,102.1,102.3,8.33,1.285,31.35,48033.8,1.85,31222,-0.32,0,1.221,8.05,-85,15.991,0.883,5.65,0
10/27/22,1:00:00,0,Deployment Site,1.05,39773.1,0.886,48739.6,102,102.2,8.33,1.289,31.37,48057.1,2.97,31237,-0.31,0,1.224,8.05,-85.1,15.975,0.885,5.65,0
10/27/22,2:00:00,0,Deployment Site,0.95,39777.2,0.889,48753.3,103,103.2,8.4,1.294,31.37,48070.3,2.38,31246,-0.38,0,1.227,8.06,-85.4,15.967,0.89,5.65,0
10/27/22,3:00:00,0,Deployment Site,0.96,39770.6,0.893,48756.6,101.7,101.8,8.3,1.3,31.38,48073,2.52,31247,-0.34,0,1.218,8.05,-84.8,15.958,0.896,5.65,0
10/27/22,4:00:00,0,Deployment Site,1.06,39747.6,0.898,48848.5,100.8,101,8.24,1.307,31.44,48158.5,4.09,31303,-0.35,0,1.223,8.05,-84.8,15.856,0.897,5.65,0
10/27/22,5:00:00,0,Deployment Site,1.09,39725.5,0.908,48822.1,100.1,100.3,8.19,1.321,31.42,48132.4,2.5,31286,-0.32,0,1.224,8.04,-84.5,15.855,0.908,5.65,0
10/27/22,6:00:00,0,Deployment Site,1.07,39701.8,0.916,48816.3,99.7,99.8,8.15,1.332,31.41,48125.8,2.09,31282,-0.33,0,1.224,8.04,-84.3,15.836,0.915,5.65,0
10/27/22,7:00:00,0,Deployment Site,1.23,39665.6,0.925,48808.5,99,99.2,8.11,1.346,31.41,48116.5,10.36,31276,-0.28,0,1.216,8.04,-84.1,15.804,0.925,5.65,0
10/27/22,8:00:00,0,Deployment Site,1.33,39678.3,0.934,48943.3,97.1,97.3,7.96,1.36,31.5,48244.4,5.25,31359,-0.43,0,1.223,8.02,-83.4,15.704,0.934,5.65,0
10/27/22,9:00:00,0,Deployment Site,0.52,39741.4,0.944,49105.9,94.2,94.3,7.72,1.374,31.61,48401.2,1.86,31461,-0.36,0,1.222,8,-82.2,15.633,0.944,5.65,0
10/27/22,10:00:00,0,Deployment Site,0.67,39793.3,0.952,49216.8,99.1,99.3,8.13,1.386,31.69,48508.5,1.22,31531,-0.36,0,1.226,8.03,-83.8,15.594,0.952,5.65,0
10/27/22,11:00:00,0,Deployment Site,0.53,39887.8,0.958,49210.6,100.3,100.4,8.21,1.394,31.69,48507.5,1.47,31530,-0.37,0,1.218,8.03,-84,15.697,0.958,5.65,0
10/27/22,12:00:00,0,Deployment Site,0.45,40018,0.964,49240.9,101,101.2,8.25,1.404,31.72,48542.8,1.67,31553,-0.39,0,1.226,8.04,-84,15.805,0.966,5.65,0
10/27/22,13:00:00,0,Deployment Site,0.48,40053,0.968,49266.7,101.6,101.7,8.29,1.409,31.74,48569,1.63,31570,-0.31,0,1.224,8.04,-84.2,15.82,0.967,5.65,0
10/27/22,14:00:00,0,Deployment Site,0.58,40005.9,0.971,49415.1,101.5,101.7,8.31,1.413,31.83,48706.7,1.79,31659,-0.29,0,1.225,8.04,-84.1,15.647,0.971,5.65,0
10/27/22,15:00:00,0,Deployment Site,0.62,40064.2,0.985,49530,101.9,102.1,8.34,1.435,31.91,48818.2,2.15,31732,-0.32,0,1.218,8.04,-84.4,15.612,0.984,5.65,0
10/27/22,16:00:00,0,Deployment Site,0.89,40026.3,0.998,49570.7,101.9,102.1,8.36,1.453,31.94,48854.6,2.49,31756,-0.37,0,1.228,8.05,-84.6,15.539,0.996,5.65,0
10/27/22,17:00:00,0,Deployment Site,1.07,39938,1.013,49629.5,102,102.1,8.38,1.475,31.97,48905.9,2.39,31789,-0.36,0,1.223,8.05,-84.8,15.399,1.014,5.65,0
10/27/22,18:00:00,0,Deployment Site,0.95,39840.2,1.028,49675.6,102.2,102.3,8.42,1.496,32,48944.7,2.71,31814,-0.33,0,1.231,8.06,-85.1,15.261,1.028,5.65,0
10/27/22,19:00:00,0,Deployment Site,1.13,39675.8,1.044,49507.7,101.9,102.1,8.41,1.519,31.88,48777.8,2.12,31706,-0.19,0,1.213,8.06,-85.3,15.23,1.043,5.65,0
10/27/22,20:00:00,0,Deployment Site,1.14,39579.9,1.048,49554.4,100.6,100.8,8.33,1.526,31.9,48817.6,3.16,31731,-0.01,0,1.231,8.06,-85,15.093,1.049,5.65,0
10/27/22,21:00:00,0,Deployment Site,0.94,39541.9,1.063,49552.3,96.8,97,8.02,1.548,31.9,48813.8,3.48,31729,-0.19,0,1.227,8.03,-83.3,15.055,1.062,5.65,0
10/27/22,22:00:00,0,Deployment Site,1.15,39537.8,1.074,49582.2,99.7,99.9,8.26,1.564,31.92,48841.9,3.46,31747,-0.26,0,1.22,8.05,-84.6,15.027,1.076,5.65,0
10/27/22,23:00:00,0,Deployment Site,1.11,39488.9,1.084,49587.6,98.8,99,8.2,1.579,31.92,48844.8,3.13,31749,-0.18,0,1.22,8.04,-84.3,14.972,1.081,5.65,0
10/28/22,0:00:00,0,Deployment Site,1.11,39482.8,1.091,49591.1,99.3,99.5,8.24,1.588,31.92,48847.8,2.64,31751,-0.31,0,1.219,8.05,-84.5,14.962,1.086,5.65,0
10/28/22,1:00:00,0,Deployment Site,0.98,39446.6,1.1,49599.6,98.5,98.7,8.18,1.601,31.92,48854.2,2.75,31755,-0.32,0,1.222,8.04,-84.2,14.918,1.096,5.65,0
10/28/22,2:00:00,0,Deployment Site,0.99,39415.7,1.108,49608.5,97.9,98.1,8.14,1.614,31.93,48861.2,2.89,31760,-0.3,0,1.22,8.04,-84,14.879,1.111,5.65,0
10/28/22,3:00:00,0,Deployment Site,0.99,39348.3,1.113,49634.8,97.4,97.6,8.11,1.621,31.94,48883.2,2.9,31774,-0.36,0,1.228,8.03,-83.8,14.788,1.11,5.65,0
10/28/22,4:00:00,0,Deployment Site,1.11,39286.7,1.119,49654,97.4,97.6,8.12,1.629,31.95,48898.6,3.09,31784,-0.35,0,1.223,8.03,-83.8,14.708,1.123,5.65,0
10/28/22,5:00:00,0,Deployment Site,1.12,39198.1,1.127,49651.8,97.4,97.6,8.14,1.641,31.95,48892.7,2.86,31780,-0.32,0,1.223,8.03,-83.7,14.619,1.133,5.65,0
10/28/22,6:00:00,0,Deployment Site,0.81,39061.4,1.134,49699,95.9,96.1,8.04,1.65,31.97,48931.7,2.44,31806,-0.36,0,1.219,8.02,-83,14.439,1.132,5.65,0
10/28/22,7:00:00,0,Deployment Site,1.04,38843,1.141,49750,95.4,95.5,8.04,1.661,31.99,48971.2,2.46,31831,-0.32,0,1.22,8.02,-82.8,14.172,1.143,5.65,0
10/28/22,8:00:00,0,Deployment Site,0.82,38831.5,1.15,49791.7,95.1,95.3,8.02,1.675,32.02,49010.5,2.76,31857,-0.33,0,1.221,8.02,-82.6,14.126,1.146,5.65,0
10/28/22,9:00:00,0,Deployment Site,0.61,38819,1.156,49795.8,95.2,95.4,8.03,1.683,32.02,49013.9,2.25,31859,-0.3,0,1.232,8.01,-82.5,14.11,1.158,5.65,0
10/28/22,10:00:00,0,Deployment Site,0.43,38913.6,1.16,49805.8,94.7,94.9,7.98,1.69,32.03,49027.3,1.91,31868,-0.27,0,1.222,8,-81.8,14.2,1.153,5.65,0
10/28/22,11:00:00,0,Deployment Site,0.43,38899.2,1.162,49804.8,95.7,95.9,8.06,1.692,32.03,49025.7,1.66,31867,-0.3,0,1.216,8,-82,14.186,1.158,5.65,0
10/28/22,12:00:00,0,Deployment Site,0.44,38965.6,1.16,49815.3,96.8,96.9,8.14,1.689,32.04,49038.4,1.76,31875,-0.28,0,1.23,8.01,-82.2,14.246,1.161,5.65,0
10/28/22,13:00:00,0,Deployment Site,0.51,39003.2,1.158,49856.2,97.4,97.5,8.19,1.686,32.07,49078.9,2.24,31901,-0.3,0,1.224,8.01,-82.3,14.252,1.157,5.65,0
10/28/22,14:00:00,0,Deployment Site,0.71,39010.1,1.153,49878.5,97.2,97.4,8.17,1.679,32.09,49100.4,2.34,31915,-0.35,0,1.222,8.01,-82.1,14.241,1.157,5.65,0
10/28/22,15:00:00,0,Deployment Site,0.85,39002.4,1.153,49890.7,97.9,98,8.23,1.679,32.09,49111.7,2.83,31923,-0.29,0,1.216,8.01,-82.5,14.223,1.15,5.65,0
10/28/22,16:00:00,0,Deployment Site,0.95,38996.2,1.157,49901.8,97.8,98,8.23,1.685,32.1,49122,2.6,31929,-0.31,0,1.224,8.01,-82.5,14.208,1.155,5.65,0
10/28/22,17:00:00,0,Deployment Site,1,38969.7,1.159,49865.4,99.6,99.7,8.38,1.688,32.07,49086.3,2.09,31906,-0.21,0,1.223,8.02,-83.1,14.21,1.16,5.65,0
10/28/22,18:00:00,0,Deployment Site,0.95,38613.6,1.157,49770.2,102.9,103.1,8.71,1.685,31.99,48981.4,2.69,31838,-0.15,0,1.224,8.04,-83.7,13.918,1.157,5.65,0
10/28/22,19:00:00,0,Deployment Site,0.99,37882.7,1.163,49716.9,106.5,106.7,9.16,1.694,31.91,48904.5,2.96,31788,-0.07,0,1.214,8.05,-84.4,13.2,1.166,5.64,0
10/28/22,20:00:00,0,Deployment Site,0.98,37766,1.164,49716.5,106,106.2,9.14,1.696,31.9,48900.5,2.95,31785,0.03,0,1.223,8.05,-84.3,13.079,1.162,5.65,0
10/28/22,21:00:00,0,Deployment Site,0.92,37919.2,1.154,49803.8,104.6,104.7,9,1.681,31.97,48989,3.84,31843,-0.14,0,1.224,8.05,-84.3,13.169,1.154,5.64,0
10/28/22,22:00:00,0,Deployment Site,0.96,37985.9,1.165,49830.3,102.4,102.5,8.8,1.696,31.99,49016.7,3.24,31861,-0.01,0,1.228,8.04,-83.7,13.218,1.166,5.65,0
10/28/22,23:00:00,0,Deployment Site,1.07,38143.4,1.157,49844.5,100,100.1,8.56,1.685,32.01,49035.5,2.17,31873,0.07,0,1.224,8.03,-83.2,13.37,1.156,5.65,0
10/29/22,0:00:00,0,Deployment Site,1.09,38323.5,1.152,49880.3,99.5,99.7,8.49,1.678,32.05,49076,4.01,31899,-0.14,0,1.221,8.03,-83.4,13.529,1.154,5.64,0
10/29/22,1:00:00,0,Deployment Site,1.23,38451.1,1.15,49887,98.4,98.5,8.37,1.675,32.06,49087,3.16,31907,-0.14,0,1.218,8.03,-83.2,13.656,1.148,5.65,0
10/29/22,2:00:00,0,Deployment Site,1.09,38470.3,1.149,49893.5,97.5,97.7,8.3,1.673,32.06,49093.9,3.01,31911,-0.27,0,1.226,8.02,-83,13.671,1.147,5.63,0
10/29/22,3:00:00,0,Deployment Site,1.25,38586.2,1.148,49900.7,97.1,97.3,8.25,1.672,32.08,49105,3.77,31918,-0.28,0,1.215,8.03,-83.1,13.785,1.147,5.65,0
10/29/22,4:00:00,0,Deployment Site,1.38,38595.4,1.145,49899.8,97.5,97.7,8.28,1.667,32.08,49104.5,4.02,31918,-0.21,0,1.222,8.03,-83.3,13.795,1.144,5.65,0
10/29/22,5:00:00,0,Deployment Site,1.81,38596.7,1.144,49902.2,97.3,97.4,8.26,1.667,32.08,49106.8,4.71,31919,-0.29,0,1.224,8.03,-83.2,13.794,1.144,5.64,0
10/29/22,6:00:00,0,Deployment Site,1.36,38639.7,1.139,49911.6,96.6,96.8,8.19,1.659,32.09,49117.5,5.06,31926,-0.16,0,1.229,8.03,-83.1,13.831,1.139,5.65,0
10/29/22,7:00:00,0,Deployment Site,1.19,38589.9,1.137,49919,95.2,95.4,8.08,1.656,32.09,49122.6,2.56,31930,-0.26,0,1.218,8.02,-82.6,13.774,1.137,5.63,0
10/29/22,8:00:00,0,Deployment Site,1.36,38448.4,1.143,49942.5,95.8,95.9,8.16,1.665,32.1,49139.9,3.61,31941,-0.23,0,1.223,8.02,-82.6,13.609,1.141,5.65,0
10/29/22,9:00:00,0,Deployment Site,1.06,38412.2,1.143,49953.5,96.2,96.4,8.2,1.664,32.1,49149.1,3.12,31947,-0.29,0,1.224,8.02,-82.6,13.562,1.142,5.65,0
10/29/22,10:00:00,0,Deployment Site,0.72,38407.1,1.146,49951,96.6,96.8,8.24,1.67,32.1,49146.6,2.35,31945,-0.28,0,1.225,8.02,-82.6,13.559,1.145,5.65,0
10/29/22,11:00:00,0,Deployment Site,0.64,38481.3,1.145,49927.6,98.8,98.9,8.41,1.667,32.09,49126.8,2.18,31932,-0.26,0,1.217,8.03,-83.1,13.655,1.145,5.65,0
10/29/22,12:00:00,0,Deployment Site,0.56,38583.5,1.142,49917.1,100.4,100.5,8.52,1.663,32.09,49120.5,2.17,31928,-0.3,0,1.226,8.03,-83.4,13.769,1.141,5.63,0
10/29/22,13:00:00,0,Deployment Site,0.62,38709.8,1.134,49912.1,102,102.2,8.64,1.652,32.09,49120.6,2.33,31928,-0.32,0,1.218,8.04,-83.8,13.904,1.133,5.65,0
10/29/22,14:00:00,0,Deployment Site,0.79,38773.3,1.126,49902.6,103.2,103.4,8.73,1.639,32.09,49113.9,2.51,31924,-0.32,0,1.226,8.04,-84.2,13.977,1.125,5.65,0
10/29/22,15:00:00,0,Deployment Site,2.31,38835.9,1.119,49898,103.8,103.9,8.76,1.63,32.09,49111.9,3.73,31923,-0.33,0,1.218,8.05,-84.4,14.045,1.118,5.64,0
10/29/22,16:00:00,0,Deployment Site,3.47,38850.5,1.117,49901.6,104.1,104.3,8.78,1.627,32.09,49116,3.42,31925,-0.33,0,1.225,8.05,-84.6,14.057,1.119,5.65,0
10/29/22,17:00:00,0,Deployment Site,1.86,38879.1,1.111,49908.1,105.9,106.1,8.93,1.617,32.1,49123.4,3.94,31930,-0.29,0,1.214,8.07,-85.4,14.082,1.112,5.64,0
10/29/22,18:00:00,0,Deployment Site,1.71,38733.6,1.111,49783.9,106.1,106.3,8.96,1.617,32.01,48999.1,3.53,31849,-0.22,0,1.226,8.07,-85.8,14.03,1.112,5.65,0
10/29/22,19:00:00,0,Deployment Site,1.54,38288.1,1.115,49668.8,109,109.2,9.29,1.624,31.9,48872.4,3.93,31767,-0.21,0,1.224,8.08,-86.1,13.661,1.115,5.65,0
10/29/22,20:00:00,0,Deployment Site,2.05,38289.7,1.116,49666.1,108.4,108.6,9.24,1.626,31.9,48869.9,6.78,31765,-0.14,0,1.228,8.08,-85.8,13.665,1.116,5.64,0
10/29/22,21:00:00,0,Deployment Site,2.81,38262,1.113,49678,107.8,108,9.19,1.621,31.91,48880.3,5.94,31772,0.23,0,1.218,8.07,-85.7,13.627,1.113,5.65,0
10/29/22,22:00:00,0,Deployment Site,1.57,38084.2,1.107,49645.7,106.7,106.9,9.13,1.611,31.87,48843.1,4.51,31748,-0.06,0,1.223,8.06,-85,13.467,1.106,5.64,0
10/29/22,23:00:00,0,Deployment Site,2.03,38388,1.102,49757.5,103,103.2,8.76,1.604,31.97,48960.8,5.46,31825,-0.2,0,1.224,8.05,-84.6,13.694,1.101,5.64,0
10/30/22,0:00:00,0,Deployment Site,2.2,38203.7,1.096,49694.7,104.8,105,8.95,1.596,31.91,48894.2,8.26,31781,-0.16,0,1.225,8.06,-85,13.553,1.096,5.65,0
10/30/22,1:00:00,0,Deployment Site,1.6,37983,1.093,49659,104.6,104.7,8.97,1.591,31.88,48852.4,4.28,31754,-0.15,0,1.218,8.06,-84.9,13.351,1.093,5.64,0
10/30/22,2:00:00,0,Deployment Site,1.39,38200,1.088,49751.1,103.7,103.9,8.86,1.584,31.95,48948,3.87,31816,-0.19,0,1.226,8.06,-84.9,13.504,1.088,5.65,0
10/30/22,3:00:00,0,Deployment Site,1.6,38264.2,1.08,49801,103.1,103.3,8.8,1.573,31.99,48998,7.83,31849,-0.23,0,1.222,8.06,-84.9,13.531,1.08,5.63,0
10/30/22,4:00:00,0,Deployment Site,1.81,38463.4,1.08,49870.9,101.8,101.9,8.66,1.573,32.05,49072,12.37,31897,-0.14,0,1.224,8.06,-85,13.681,1.08,5.64,0
10/30/22,5:00:00,0,Deployment Site,1.5,38366.6,1.077,49856.1,101.5,101.7,8.65,1.568,32.03,49054.4,3.73,31885,-0.26,0,1.218,8.05,-84.7,13.593,1.077,5.65,0
10/30/22,6:00:00,0,Deployment Site,2.09,38462.1,1.078,49898.5,100.9,101.1,8.59,1.57,32.07,49098.3,5.03,31914,-0.17,0,1.222,8.05,-84.7,13.658,1.078,5.64,0
10/30/22,7:00:00,0,Deployment Site,3,38070.2,1.08,49802.9,99.9,100.1,8.57,1.573,31.98,48993.2,5.6,31846,-0.2,0,1.217,8.05,-84.2,13.327,1.081,5.65,0
10/30/22,8:00:00,0,Deployment Site,1.92,37897.3,1.083,49782.7,100.5,100.7,8.65,1.577,31.95,48968.1,4.95,31829,-0.2,0,1.224,8.04,-84,13.163,1.083,5.63,0
10/30/22,9:00:00,0,Deployment Site,1.92,37942.8,1.081,49786.4,101.4,101.5,8.71,1.574,31.96,48973.2,3.76,31833,-0.29,0,1.23,8.05,-84.3,13.208,1.081,5.64,0
10/30/22,10:00:00,0,Deployment Site,1.01,37886.1,1.075,49775.6,101,101.2,8.69,1.565,31.95,48960.9,2.9,31825,-0.09,0,1.218,8.04,-83.6,13.157,1.074,5.65,0
10/30/22,11:00:00,0,Deployment Site,0.95,38079.4,1.072,49812.8,103.5,103.7,8.87,1.561,31.99,49002.9,7.69,31852,-0.22,0,1.23,8.05,-84.4,13.329,1.071,5.64,0
10/30/22,12:00:00,0,Deployment Site,0.89,38222,1.064,49804.7,104.1,104.3,8.9,1.549,31.99,49000.1,2.89,31850,-0.23,0,1.224,8.05,-84.4,13.484,1.064,5.65,0
10/30/22,13:00:00,0,Deployment Site,0.96,38294.1,1.061,49823.4,107.4,107.6,9.17,1.545,32.01,49020.5,2.95,31863,0.15,0,1.221,8.07,-85.4,13.544,1.061,5.62,0
10/30/22,14:00:00,0,Deployment Site,0.92,38408.6,1.054,49783.3,106.6,106.8,9.07,1.535,31.99,48986.3,2.81,31841,-0.27,0,1.213,8.06,-85,13.695,1.049,5.65,0
10/30/22,15:00:00,0,Deployment Site,1.17,38244.8,1.048,49777.4,106.9,107.1,9.13,1.526,31.97,48974.8,5.01,31834,-0.27,0,1.227,8.06,-85.2,13.529,1.046,5.65,0
10/30/22,16:00:00,0,Deployment Site,1.87,38725.6,1.044,49835,108.7,108.9,9.19,1.521,32.04,49047.6,5.07,31881,-0.31,0,1.214,8.08,-86.1,13.982,1.044,5.64,0
10/30/22,17:00:00,0,Deployment Site,1.65,38915.4,1.038,49836.7,111,111.1,9.35,1.511,32.05,49056.7,4.44,31887,-0.33,0,1.222,8.09,-87,14.177,1.039,5.65,0
10/30/22,18:00:00,0,Deployment Site,1.76,38879.6,1.036,49829.7,112.2,112.4,9.46,1.509,32.05,49048.6,4.13,31882,-0.33,0,1.217,8.1,-87.5,14.145,1.033,5.63,0
10/30/22,19:00:00,0,Deployment Site,1.96,38708,1.036,49802.6,114.7,114.9,9.7,1.509,32.02,49016,4.06,31860,-0.31,0,1.225,8.12,-88.5,13.99,1.038,5.64,0
10/30/22,20:00:00,0,Deployment Site,2.53,38693.1,1.037,49760.7,115.5,115.7,9.76,1.509,31.99,48975.5,4.8,31834,-0.2,0,1.224,8.13,-88.7,14.008,1.035,5.65,0
10/30/22,21:00:00,0,Deployment Site,1.95,38655.8,1.034,49791.6,114.1,114.3,9.66,1.506,32.01,49003.5,4.2,31852,-0.26,0,1.224,8.12,-88.4,13.944,1.033,5.64,0
10/30/22,22:00:00,0,Deployment Site,1.06,38612.2,1.042,49732.4,110,110.2,9.32,1.517,31.96,48945.3,2.58,31814,-0.29,0,1.217,8.09,-86.8,13.947,1.042,5.65,0
10/30/22,23:00:00,0,Deployment Site,1.43,38665.8,1.031,49731.5,111.7,111.9,9.45,1.502,31.97,48946.5,3.55,31815,-0.21,0,1.224,8.1,-87.4,14.003,1.032,5.63,0
10/31/22,0:00:00,0,Deployment Site,1.39,38618.7,1.031,49757.1,111.3,111.5,9.43,1.501,31.98,48969.2,3.69,31830,-0.29,0,1.224,8.1,-87.5,13.934,1.03,5.64,0
10/31/22,1:00:00,0,Deployment Site,1.52,38563.7,1.028,49786,110.2,110.4,9.35,1.498,32,48994.7,4.08,31847,-0.24,0,1.225,8.1,-87.1,13.853,1.029,5.65,0
10/31/22,2:00:00,0,Deployment Site,1.95,38539.4,1.024,49809,108.9,109.1,9.24,1.491,32.01,49015.7,6.87,31860,-0.2,0,1.218,8.09,-86.7,13.81,1.024,5.64,0
10/31/22,3:00:00,0,Deployment Site,1.47,38519.4,1.02,49814.3,107.8,107.9,9.15,1.485,32.01,49020,4.05,31863,-0.24,0,1.225,8.09,-86.6,13.785,1.019,5.65,0
10/31/22,4:00:00,0,Deployment Site,1.51,38525.3,1.016,49856.5,106.4,106.6,9.04,1.48,32.04,49060.5,3.85,31889,-0.27,0,1.213,8.08,-86.2,13.757,1.016,5.62,0
10/31/22,5:00:00,0,Deployment Site,1.32,38502.7,1.015,49866.8,105.9,106,9,1.479,32.05,49069.5,4.51,31895,-0.29,0,1.231,8.08,-86,13.725,1.015,5.64,0
10/31/22,6:00:00,0,Deployment Site,2.51,38596.6,1.011,49929.9,104.7,104.9,8.89,1.472,32.1,49133.3,7.92,31937,-0.24,0,1.217,8.07,-85.5,13.772,1.01,5.65,0
10/31/22,7:00:00,0,Deployment Site,1.49,38563.1,1.018,49934.2,103.3,103.5,8.78,1.483,32.1,49136.1,3.9,31938,-0.19,0,1.222,8.06,-85.2,13.734,1.021,5.63,0
10/31/22,8:00:00,0,Deployment Site,2.78,38490,1.018,49932.1,103.5,103.7,8.81,1.483,32.09,49131.5,4.89,31935,-0.11,0,1.228,8.06,-85.2,13.66,1.018,5.65,0
10/31/22,9:00:00,0,Deployment Site,1.84,38437.8,1.02,49901.2,104,104.2,8.86,1.486,32.07,49100,3.72,31915,-0.04,0,1.218,8.06,-85.3,13.631,1.021,5.62,0
10/31/22,10:00:00,0,Deployment Site,2.17,38455.5,1.016,49915.3,105.1,105.3,8.95,1.48,32.08,49114.2,4.5,31924,-0.19,0,1.225,8.07,-85.7,13.638,1.016,5.64,0
10/31/22,11:00:00,0,Deployment Site,1.16,38456.7,1.015,49915.6,105.9,106.1,9.02,1.478,32.08,49114.5,3.08,31924,-0.2,0,1.224,8.08,-85.9,13.639,1.015,5.65,0
10/31/22,12:00:00,0,Deployment Site,1.11,38502.3,1.007,49903.9,107.1,107.3,9.11,1.466,32.07,49104.9,9.49,31918,-0.31,0,1.228,8.08,-86,13.695,1.006,5.63,0
10/31/22,13:00:00,0,Deployment Site,1.81,38595,1,49897.5,107.7,107.9,9.15,1.457,32.07,49102.3,4.1,31917,-0.29,0,1.218,8.08,-86.1,13.796,1.001,5.65,0
10/31/22,14:00:00,0,Deployment Site,1.71,38591.4,0.995,49902.4,110.4,110.6,9.37,1.448,32.08,49106.8,4.94,31919,-0.26,0,1.225,8.1,-87.1,13.789,0.995,5.62,0
10/31/22,15:00:00,0,Deployment Site,1.88,38597.4,0.987,49909.5,111.3,111.5,9.45,1.438,32.08,49113.8,4.93,31924,-0.23,0,1.218,8.1,-87.3,13.789,0.988,5.64,0
10/31/22,16:00:00,0,Deployment Site,1.4,38648.9,0.983,49906.5,108.2,108.4,9.18,1.431,32.08,49112.9,3.75,31923,-0.36,0,1.222,8.06,-85.2,13.845,0.982,5.65,0
10/31/22,17:00:00,0,Deployment Site,4.89,38620.3,0.98,49906.8,111.8,112,9.48,1.428,32.08,49112.1,5.07,31923,-0.25,0,1.221,8.1,-87.5,13.815,0.98,5.63,0
10/31/22,18:00:00,0,Deployment Site,2.39,38665.7,0.983,49911.6,112.2,112.4,9.51,1.431,32.09,49118.4,4.88,31927,1.44,0,1.216,8.11,-87.7,13.858,0.983,5.65,0
10/31/22,19:00:00,0,Deployment Site,1.91,38707.9,0.983,49921.7,111.3,111.5,9.43,1.432,32.1,49129.6,5.35,31934,-0.29,0,1.226,8.1,-87.5,13.894,0.983,5.62,0
10/31/22,20:00:00,0,Deployment Site,2.61,38697,0.985,49916.4,111,111.2,9.4,1.435,32.09,49124.2,7.55,31931,-0.25,0,1.218,8.1,-87.4,13.887,0.986,5.64,0
10/31/22,21:00:00,0,Deployment Site,2.33,38698.8,0.984,49917.5,112.6,112.8,9.54,1.433,32.09,49125.3,6.95,31931,-0.25,0,1.223,8.12,-88.4,13.888,0.983,5.65,0
10/31/22,22:00:00,0,Deployment Site,5.72,38695.7,0.983,49904.4,112,112.2,9.49,1.431,32.08,49112.6,25.17,31923,-0.11,0,1.218,8.11,-87.9,13.895,0.983,5.64,0
10/31/22,23:00:00,0,Deployment Site,2.15,38712.9,0.985,49900.7,111.8,112,9.46,1.434,32.08,49109.8,6.33,31921,-0.23,0,1.224,8.11,-87.8,13.916,0.984,5.65,0
11/1/22,0:00:00,0,Deployment Site,2.44,38713.7,0.975,49913.5,110.1,110.2,9.32,1.42,32.09,49122.1,6.15,31929,-0.26,0,1.216,8.1,-87.4,13.906,0.975,5.62,0
11/1/22,1:00:00,0,Deployment Site,2.58,37067.8,0.979,47771.4,108.6,108.8,9.19,1.426,30.56,47014.5,6.3,30559,-0.22,0,1.213,8.09,-86.7,13.923,0.979,5.64,0
11/1/22,2:00:00,0,Deployment Site,2.08,38711.6,0.979,49934.1,106.5,106.7,9.02,1.425,32.11,49141.6,5.29,31942,-0.19,0,1.232,8.08,-86.1,13.888,0.978,5.65,0
11/1/22,3:00:00,0,Deployment Site,2.9,38711.7,0.979,49945.9,104.5,104.6,8.85,1.426,32.11,49152.9,8.23,31949,-0.14,0,1.214,8.07,-85.5,13.878,0.979,5.63,0
11/1/22,4:00:00,0,Deployment Site,1.97,38717.8,0.981,49982.1,103.4,103.5,8.76,1.428,32.14,49187.7,4.31,31972,-0.19,0,1.226,8.06,-85.1,13.856,0.981,5.65,0
11/1/22,5:00:00,0,Deployment Site,1.82,38725.1,0.979,50009.7,102.1,102.3,8.65,1.426,32.16,49214.3,4.96,31989,-0.24,0,1.217,8.05,-84.7,13.841,0.98,5.62,0
11/1/22,6:00:00,0,Deployment Site,2.19,38724.3,0.982,50012.6,101.9,102,8.63,1.43,32.16,49217,6.58,31991,-0.2,0,1.226,8.05,-84.7,13.838,0.984,5.64,0
11/1/22,7:00:00,0,Deployment Site,2.53,38727.4,0.982,50017,100.4,100.6,8.51,1.43,32.16,49221.3,5.65,31994,-0.22,0,1.218,8.05,-84.3,13.838,0.982,5.65,0
11/1/22,8:00:00,0,Deployment Site,2.04,38696.6,0.988,49994.7,100.1,100.3,8.49,1.44,32.15,49199,6.66,31979,-0.24,0,1.227,8.04,-83.9,13.824,0.989,5.62,0
11/1/22,9:00:00,0,Deployment Site,2.59,38674.2,0.988,49961.1,100.6,100.8,8.53,1.438,32.12,49166,6.78,31958,-0.25,0,1.219,8.04,-84,13.827,0.986,5.65,0
11/1/22,10:00:00,0,Deployment Site,1.36,38714,0.989,49975.2,100.3,100.5,8.5,1.44,32.13,49181,4.71,31968,-0.26,0,1.226,8.04,-83.7,13.857,0.989,5.62,0
11/1/22,11:00:00,0,Deployment Site,2.36,38717.2,0.989,49972.2,101.2,101.4,8.58,1.44,32.13,49178.2,5.65,31966,-0.21,0,1.218,8.04,-84.1,13.863,0.988,5.64,0
11/1/22,12:00:00,0,Deployment Site,3.26,38743,0.98,49989.2,101.9,102.1,8.63,1.428,32.14,49195.4,6.07,31977,-0.25,0,1.222,8.05,-84.3,13.876,0.98,5.65,0
11/1/22,13:00:00,0,Deployment Site,1.73,38791.8,0.968,49918,99.8,100,8.44,1.41,32.1,49129.4,4.53,31934,-0.26,0,1.213,8.02,-82.7,13.984,0.973,5.63,0
11/1/22,14:00:00,0,Deployment Site,1.21,38828,0.963,49936.3,98.5,98.7,8.32,1.402,32.11,49148.2,3.56,31946,-0.36,0,1.222,8.01,-82.2,14.006,0.966,5.65,0
11/1/22,15:00:00,0,Deployment Site,2.14,38820.7,0.959,49951.6,102.7,102.8,8.68,1.397,32.12,49162.5,5.58,31956,-0.26,0,1.224,8.04,-83.9,13.986,0.959,5.62,0
11/1/22,16:00:00,0,Deployment Site,2.12,38825.3,0.958,49951.4,102.4,102.6,8.65,1.396,32.12,49162.5,3.74,31956,-0.25,0,1.222,8.04,-83.9,13.991,0.958,5.64,0
11/1/22,17:00:00,0,Deployment Site,1.33,38807.9,0.958,49917.2,100.4,100.6,8.48,1.396,32.1,49129.2,3.33,31934,-0.39,0,1.217,8.03,-83.4,14.001,0.957,5.65,0
11/1/22,18:00:00,0,Deployment Site,2.39,38809.7,0.963,49840.7,105.5,105.7,8.91,1.402,32.05,49056.3,4.8,31887,-0.28,0,1.226,8.07,-85.6,14.064,0.962,5.63,0
11/1/22,19:00:00,0,Deployment Site,2.55,38827.6,0.967,49867.4,106.2,106.4,8.97,1.408,32.07,49082.5,5.91,31904,-0.32,0,1.223,8.08,-86,14.061,0.967,5.65,0
11/1/22,20:00:00,0,Deployment Site,2.35,38852.7,0.966,49884.9,106.6,106.8,9,1.407,32.08,49100.1,5.39,31915,-0.32,0,1.222,8.08,-86.1,14.073,0.966,5.62,0
11/1/22,21:00:00,0,Deployment Site,2.32,38853.1,0.967,49902.8,105.8,106,8.93,1.408,32.09,49117.3,5.08,31926,-0.28,0,1.216,8.07,-85.9,14.059,0.967,5.64,0
11/1/22,22:00:00,0,Deployment Site,3.22,38855.6,0.973,49918.6,105.5,105.7,8.9,1.417,32.1,49132.4,7.49,31936,-0.21,0,1.225,8.07,-85.7,14.049,0.973,5.65,0
11/1/22,23:00:00,0,Deployment Site,3.37,38827.2,0.972,49908.7,104.8,105,8.85,1.416,32.1,49121.9,10.03,31929,-0.24,0,1.218,8.07,-85.5,14.028,0.971,5.62,0
11/2/22,0:00:00,0,Deployment Site,3.07,38839.4,0.978,49954.8,102,102.2,8.62,1.424,32.13,49166.4,7.33,31958,-0.2,0,1.227,8.05,-84.6,14.003,0.977,5.64,0
11/2/22,1:00:00,0,Deployment Site,2.11,38825,0.981,49936.9,103,103.2,8.7,1.428,32.11,49148.7,6.51,31947,-0.26,0,1.214,8.05,-84.7,14.003,0.98,5.62,0
11/2/22,2:00:00,0,Deployment Site,2.01,38800.4,0.989,49921.5,102.1,102.2,8.63,1.441,32.1,49133,6.6,31936,-0.21,0,1.223,8.05,-84.5,13.99,0.989,5.64,0
11/2/22,3:00:00,0,Deployment Site,2.6,38791.5,0.996,49923.6,101.9,102.1,8.62,1.451,32.1,49134.7,7.15,31938,-0.21,0,1.219,8.05,-84.6,13.979,0.996,5.65,0
11/2/22,4:00:00,0,Deployment Site,1.87,38772.7,1.003,49904.7,102.9,103,8.7,1.46,32.09,49115.9,4,31925,-0.3,0,1.222,8.06,-85,13.975,1.002,5.61,0
11/2/22,5:00:00,0,Deployment Site,1.63,38764.4,1.014,49911.1,102,102.2,8.63,1.477,32.09,49121.7,4.36,31929,-0.26,0,1.223,8.05,-84.5,13.961,1.015,5.64,0
11/2/22,6:00:00,0,Deployment Site,1.37,38755.9,1.024,49914.4,100.4,100.6,8.49,1.492,32.09,49124.5,3.68,31931,-0.29,0,1.223,8.04,-83.9,13.949,1.024,5.61,0
11/2/22,7:00:00,0,Deployment Site,1.94,38617.2,1.025,49812.4,101.8,101.9,8.62,1.493,32.02,49021.8,4.93,31864,-0.35,0,1.218,8.04,-84.2,13.888,1.025,5.64,0
11/2/22,8:00:00,0,Deployment Site,1.17,38659.2,1.047,49852.1,100.4,100.5,8.5,1.524,32.05,49061.3,4.19,31890,-0.27,0,1.225,8.04,-83.9,13.899,1.048,5.65,0
11/2/22,9:00:00,0,Deployment Site,0.99,38557.7,1.059,49735.7,102.4,102.6,8.68,1.542,31.96,48946.4,2.99,31815,-0.39,0,1.224,8.05,-84.2,13.888,1.059,5.63,0
11/2/22,10:00:00,0,Deployment Site,0.94,38602.7,1.068,49770.8,103,103.2,8.73,1.555,31.99,48981.6,2.86,31838,-0.36,0,1.224,8.04,-84.2,13.906,1.069,5.65,0
11/2/22,11:00:00,0,Deployment Site,0.9,38611.6,1.076,49762.8,99.9,100.1,8.46,1.566,31.98,48974.3,2.93,31833,-0.4,0,1.218,8.02,-82.9,13.922,1.075,5.61,0
11/2/22,12:00:00,0,Deployment Site,1.28,38681.3,1.082,49781.9,104.5,104.7,8.84,1.575,32,48995.2,3.21,31847,-0.38,0,1.229,8.05,-84.6,13.979,1.082,5.64,0
11/2/22,13:00:00,0,Deployment Site,0.99,38953.3,1.078,49842.9,107.4,107.6,9.04,1.57,32.06,49064.2,3.01,31892,-0.25,0,1.215,8.07,-85.7,14.211,1.077,5.65,0
11/2/22,14:00:00,0,Deployment Site,1.22,39028.3,1.072,49847.9,108.2,108.4,9.1,1.561,32.07,49072,3.49,31897,1.63,0,1.224,8.07,-85.6,14.284,1.07,5.63,0
11/2/22,15:00:00,0,Deployment Site,1.22,39015.7,1.075,49836.1,109.5,109.6,9.2,1.565,32.06,49060.2,3.47,31889,-0.22,0,1.213,8.08,-86,14.281,1.074,5.65,0
11/2/22,16:00:00,0,Deployment Site,1.29,39003.8,1.078,49827.3,110.5,110.7,9.29,1.569,32.05,49051.4,4.33,31883,-0.25,0,1.232,8.08,-86.4,14.275,1.077,5.62,0
11/2/22,17:00:00,0,Deployment Site,1.37,38964.5,1.081,49819.9,109.6,109.8,9.22,1.574,32.04,49042.7,3.07,31878,-0.31,0,1.222,8.08,-86.2,14.241,1.081,5.64,0
11/2/22,18:00:00,0,Deployment Site,1.11,38850,1.083,49783.4,106.8,107,9,1.577,32.01,49003.3,4.08,31852,-0.31,0,1.222,8.07,-85.5,14.152,1.083,5.65,0
11/2/22,19:00:00,0,Deployment Site,2.26,38858.6,1.087,49796.6,106.4,106.6,8.97,1.583,32.02,49016.2,5.31,31861,-0.02,0,1.218,8.07,-85.5,14.15,1.087,5.62,0
11/2/22,20:00:00,0,Deployment Site,1.73,38843.9,1.096,49795.7,106.5,106.7,8.98,1.596,32.02,49014.8,5.16,31860,-0.34,0,1.226,8.07,-85.6,14.136,1.096,5.64,0
11/2/22,21:00:00,0,Deployment Site,1.63,38737.1,1.097,49762.9,105.1,105.3,8.88,1.598,31.99,48979.3,4.25,31837,-0.35,0,1.214,8.06,-85.2,14.052,1.097,5.62,0
11/2/22,22:00:00,0,Deployment Site,1.64,38746.7,1.105,49770,104.5,104.7,8.83,1.609,32,48986.4,4.09,31841,-0.32,0,1.223,8.06,-84.9,14.056,1.105,5.64,0
11/2/22,23:00:00,0,Deployment Site,1.84,38704.8,1.105,49770.4,103.8,104,8.78,1.61,32,48985.2,5.1,31840,-0.28,0,1.222,8.05,-84.6,14.012,1.106,5.64,0
11/3/22,0:00:00,0,Deployment Site,1.51,38743.3,1.106,49791.2,103.3,103.4,8.73,1.61,32.01,49006.5,4.23,31854,-0.35,0,1.232,8.05,-84.4,14.035,1.106,5.61,0
11/3/22,1:00:00,0,Deployment Site,1.75,38700,1.108,49799.6,103.9,104.1,8.79,1.614,32.01,49012.9,5.1,31858,-0.09,0,1.224,8.06,-85,13.984,1.108,5.65,0
11/3/22,2:00:00,0,Deployment Site,1.82,38665.2,1.104,49813.5,104.6,104.8,8.86,1.607,32.02,49024.8,5.99,31866,-0.27,0,1.223,8.06,-85.1,13.937,1.104,5.61,0
11/3/22,3:00:00,0,Deployment Site,1.51,38651.1,1.108,49824.8,104.5,104.7,8.85,1.614,32.03,49035,3.98,31873,-0.21,0,1.219,8.06,-85.2,13.913,1.108,5.64,0
11/3/22,4:00:00,0,Deployment Site,1.48,38626.6,1.109,49819.3,103,103.1,8.72,1.615,32.02,49028.8,4.15,31869,-0.28,0,1.226,8.05,-84.7,13.892,1.109,5.64,0
11/3/22,5:00:00,0,Deployment Site,1.32,38602.6,1.115,49827.6,102.4,102.6,8.69,1.623,32.03,49035.8,3.83,31873,-0.34,0,1.213,8.05,-84.5,13.86,1.114,5.61,0
11/3/22,6:00:00,0,Deployment Site,1.96,38560.9,1.123,49826.5,101.9,102.1,8.65,1.635,32.02,49033.2,4.61,31872,-0.33,0,1.22,8.05,-84.4,13.818,1.123,5.65,0
11/3/22,7:00:00,0,Deployment Site,1.21,38503.6,1.125,49810.8,100,100.2,8.5,1.639,32.01,49016.1,3.23,31860,0.95,0,1.224,8.04,-83.6,13.771,1.125,5.61,0
11/3/22,8:00:00,0,Deployment Site,1.23,38499.8,1.122,49804,101.3,101.5,8.6,1.634,32.01,49009.4,3.17,31856,-0.4,0,1.225,8.04,-84.1,13.773,1.123,5.63,0
11/3/22,9:00:00,0,Deployment Site,0.97,38520.6,1.127,49792.5,102,102.2,8.66,1.641,32,48999.2,2.58,31850,-0.37,0,1.218,8.05,-84.2,13.804,1.126,5.63,0
11/3/22,10:00:00,0,Deployment Site,0.83,38392.3,1.126,49746.5,101.7,101.9,8.66,1.639,31.96,48950.5,2.87,31818,-0.34,0,1.224,8.03,-83.6,13.707,1.127,5.61,0
11/3/22,11:00:00,0,Deployment Site,1.29,38463,1.122,49756.3,102.4,102.6,8.7,1.634,31.97,48962.5,2.13,31826,-0.28,0,1.224,8.04,-83.6,13.773,1.122,5.62,0
11/3/22,12:00:00,0,Deployment Site,1.04,38566.4,1.119,49725,106.6,106.8,9.03,1.629,31.96,48936.4,2.56,31809,-0.35,0,1.225,8.05,-84.6,13.905,1.119,5.6,0
11/3/22,13:00:00,0,Deployment Site,1.85,38695.7,1.111,49707.4,109.8,110,9.28,1.618,31.95,48924.7,3.72,31801,-0.26,0,1.218,8.07,-85.4,14.053,1.111,5.62,0
11/3/22,14:00:00,0,Deployment Site,0.87,38862.5,1.103,49707.1,109.8,110,9.24,1.606,31.96,48931.1,2.7,31805,-0.33,0,1.225,8.06,-85.4,14.227,1.103,5.64,0
11/3/22,15:00:00,0,Deployment Site,0.78,38977.4,1.098,49694.9,112.8,113,9.47,1.599,31.96,48924.3,2.42,31801,-0.26,0,1.213,8.08,-86.2,14.355,1.098,5.62,0
11/3/22,16:00:00,0,Deployment Site,1.12,38933.9,1.1,49705.2,112.9,113.1,9.49,1.601,31.97,48932.3,2.95,31806,-0.34,0,1.233,8.08,-86.3,14.302,1.1,5.63,0
11/3/22,17:00:00,0,Deployment Site,1.02,38761.8,1.096,49691.2,111.9,112.1,9.44,1.596,31.95,48911.9,2.94,31793,-0.33,0,1.231,8.08,-86.1,14.135,1.098,5.61,0
11/3/22,18:00:00,0,Deployment Site,1.22,38749.9,1.097,49732.3,111.6,111.8,9.42,1.598,31.97,48950.6,3.68,31818,-0.33,0,1.217,8.08,-86.4,14.09,1.1,5.63,0
11/3/22,19:00:00,0,Deployment Site,1.34,38760.9,1.1,49753.3,110.8,111,9.36,1.602,31.99,48971.1,3.12,31831,-0.33,0,1.232,8.08,-86.5,14.084,1.096,5.65,0
11/3/22,20:00:00,0,Deployment Site,1.24,38740.3,1.103,49762.3,110.1,110.3,9.3,1.606,31.99,48978.8,2.89,31836,-0.3,0,1.213,8.08,-86.4,14.056,1.106,5.61,0
11/3/22,21:00:00,0,Deployment Site,1.26,38704.5,1.099,49773.4,108.9,109.1,9.21,1.601,32,48988,2.94,31842,-0.35,0,1.225,8.08,-86.2,14.01,1.101,5.64,0
11/3/22,22:00:00,0,Deployment Site,1.52,38616.8,1.104,49773.6,107.3,107.5,9.09,1.607,31.99,48984.8,3.42,31840,-0.3,0,1.224,8.07,-85.8,13.918,1.104,5.61,0
11/3/22,23:00:00,0,Deployment Site,1.47,38591.6,1.105,49828.6,104.4,104.6,8.86,1.609,32.03,49036.4,3.68,31874,-0.29,0,1.224,8.07,-85.3,13.848,1.106,5.63,0
11/4/22,0:00:00,0,Deployment Site,1.92,38497.8,1.109,49839.3,101.8,101.9,8.65,1.615,32.03,49043.1,3.67,31878,-0.33,0,1.215,8.05,-84.5,13.742,1.108,5.65,0
11/4/22,1:00:00,0,Deployment Site,1.51,38503.3,1.109,49856.2,101.9,102.1,8.66,1.615,32.04,49059.4,3.86,31889,-0.31,0,1.222,8.05,-84.6,13.735,1.11,5.62,0
11/4/22,2:00:00,0,Deployment Site,1.68,38468,1.112,49854.7,101.1,101.2,8.6,1.619,32.04,49056.7,4.45,31887,-0.27,0,1.224,8.05,-84.3,13.699,1.112,5.63,0
11/4/22,3:00:00,0,Deployment Site,1.17,38347.4,1.103,49784.5,101.4,101.6,8.64,1.606,31.98,48985.2,2.98,31840,-0.34,0,1.227,8.06,-85,13.63,1.103,5.6,0
11/4/22,4:00:00,0,Deployment Site,1.16,38413.5,1.101,49831.2,100,100.1,8.51,1.603,32.02,49032.2,3.18,31871,-0.36,0,1.219,8.05,-84.2,13.661,1.1,5.63,0
11/4/22,5:00:00,0,Deployment Site,1.17,38331,1.103,49822.3,100.3,100.5,8.56,1.606,32.01,49020.8,2.98,31864,-0.32,0,1.232,8.05,-84.4,13.583,1.102,5.63,0
11/4/22,6:00:00,0,Deployment Site,1.18,38343.5,1.102,49855.6,98.6,98.8,8.41,1.605,32.03,49053.1,2.57,31884,-0.33,0,1.215,8.04,-83.7,13.569,1.101,5.6,0
11/4/22,7:00:00,0,Deployment Site,1.06,38347.9,1.104,49877.1,96.9,97.1,8.27,1.608,32.05,49073.8,3.22,31898,-0.33,0,1.221,8.03,-83.2,13.557,1.101,5.62,0
11/4/22,8:00:00,0,Deployment Site,1.05,38384,1.106,49925.9,97.1,97.3,8.28,1.611,32.08,49121.7,2.83,31929,-0.28,0,1.213,8.03,-83,13.555,1.108,5.61,0
11/4/22,9:00:00,0,Deployment Site,0.86,38587.2,1.109,49914.8,100.5,100.6,8.53,1.615,32.09,49118.5,2.93,31927,-0.34,0,1.225,8.04,-84,13.774,1.109,5.63,0
11/4/22,10:00:00,0,Deployment Site,0.64,38644.5,1.109,49925.9,101.8,101.9,8.63,1.615,32.1,49131.2,2.17,31935,-0.33,0,1.214,8.05,-84.3,13.825,1.109,5.63,0
11/4/22,11:00:00,0,Deployment Site,0.72,38697.9,1.109,49926.2,102.2,102.3,8.66,1.615,32.1,49133.6,2.42,31937,-0.35,0,1.221,8.04,-84.1,13.88,1.109,5.61,0
11/4/22,12:00:00,0,Deployment Site,0.66,38770.1,1.103,49926.2,105.3,105.5,8.9,1.607,32.1,49136.3,2.42,31939,-0.33,0,1.214,8.06,-84.9,13.954,1.103,5.62,0
11/4/22,13:00:00,0,Deployment Site,0.9,38949.8,1.093,49951.2,106.7,106.9,9,1.592,32.13,49167.3,3.03,31959,-0.36,0,1.225,8.06,-85.2,14.12,1.095,5.61,0
11/4/22,14:00:00,0,Deployment Site,0.67,39144.3,1.088,49928.1,110.3,110.4,9.25,1.585,32.13,49153.2,2.37,31950,-0.31,0,1.215,8.08,-86.3,14.339,1.089,5.63,0
11/4/22,15:00:00,0,Deployment Site,0.66,39207.1,1.081,49872.8,108.8,109,9.11,1.574,32.09,49103.1,2.19,31917,-0.33,0,1.221,8.04,-83.8,14.448,1.08,5.64,0
11/4/22,16:00:00,0,Deployment Site,1.01,39306.1,1.082,49908.3,112,112.2,9.37,1.576,32.12,49141.1,5.94,31942,-0.31,0,1.224,8.08,-86.4,14.522,1.082,5.62,0
11/4/22,17:00:00,0,Deployment Site,1.01,39288.3,1.082,49894.4,111.1,111.3,9.29,1.576,32.11,49127.2,2.77,31933,-0.04,0,1.225,8.07,-85.7,14.515,1.081,5.63,0
11/4/22,18:00:00,0,Deployment Site,1.67,39056.3,1.087,49894.3,108,108.2,9.08,1.583,32.1,49117.3,3.78,31926,-0.26,0,1.219,8.07,-85.7,14.275,1.085,5.61,0
11/4/22,19:00:00,0,Deployment Site,1.38,39004,1.089,49904.5,106.9,107.1,8.99,1.586,32.1,49124.9,4,31931,-0.33,0,1.226,8.07,-85.6,14.213,1.09,5.62,0
11/4/22,20:00:00,0,Deployment Site,1.61,38968.8,1.091,49898.5,106.7,106.9,8.99,1.588,32.1,49117.7,3.85,31927,-0.31,0,1.215,8.07,-85.8,14.182,1.093,5.64,0
11/4/22,21:00:00,0,Deployment Site,1.48,38962.7,1.09,49896.2,106,106.2,8.93,1.587,32.1,49115.4,3.87,31925,-0.14,0,1.222,8.07,-85.6,14.177,1.094,5.61,0
11/4/22,22:00:00,0,Deployment Site,1.45,38943.2,1.091,49891.7,105,105.2,8.84,1.589,32.09,49110.2,3.58,31922,0.04,0,1.224,8.07,-85.6,14.161,1.095,5.62,0
11/4/22,23:00:00,0,Deployment Site,1.62,38918.2,1.087,49885.9,105.8,105.9,8.91,1.583,32.09,49103.7,4.14,31917,0.33,0,1.224,8.08,-86,14.14,1.086,5.6,0
11/5/22,0:00:00,0,Deployment Site,1.34,38908.4,1.085,49869,104.8,105,8.83,1.581,32.07,49087.2,3.49,31907,-0.24,0,1.214,8.07,-85.7,14.143,1.087,5.63,0
11/5/22,1:00:00,0,Deployment Site,2.7,38856.2,1.084,49861.6,103.7,103.9,8.75,1.578,32.07,49078.1,4,31901,-0.33,0,1.228,8.06,-85.3,14.095,1.083,5.64,0
11/5/22,2:00:00,0,Deployment Site,1.49,38846.2,1.081,49870.8,102.4,102.6,8.64,1.574,32.07,49086.5,5.14,31906,-0.31,0,1.213,8.06,-84.9,14.078,1.08,5.61,0
11/5/22,3:00:00,0,Deployment Site,1.75,38818.7,1.086,49865.8,102.1,102.2,8.62,1.581,32.07,49080.6,4.36,31902,-0.33,0,1.231,8.06,-84.8,14.053,1.086,5.62,0
11/5/22,4:00:00,0,Deployment Site,1.04,39021.9,1.074,49865.3,97,97.2,8.15,1.564,32.08,49088.3,2.96,31907,-0.33,0,1.221,8.05,-84.5,14.264,1.074,5.6,0
11/5/22,5:00:00,0,Deployment Site,1.19,38852.6,1.078,49883.1,97.3,97.4,8.21,1.57,32.08,49098.4,3.12,31914,-0.28,0,1.213,8.03,-83.4,14.074,1.078,5.61,0
11/5/22,6:00:00,0,Deployment Site,1.05,38874.8,1.078,49884.6,95.4,95.6,8.05,1.571,32.08,49100.7,2.01,31915,-0.19,0,1.219,8.02,-83,14.096,1.079,5.64,0
11/5/22,7:00:00,0,Deployment Site,1.35,38846.7,1.079,49857.9,97.9,98.1,8.26,1.571,32.06,49074.2,3.58,31898,-0.32,0,1.227,8.03,-83.6,14.089,1.08,5.6,0
11/5/22,8:00:00,0,Deployment Site,1.1,38853.7,1.079,49854.1,99.6,99.8,8.4,1.572,32.06,49070.9,3.09,31896,0.08,0,1.221,8.04,-84.1,14.099,1.083,5.62,0
11/5/22,9:00:00,0,Deployment Site,1.2,38883.1,1.079,49845.9,100.5,100.6,8.47,1.571,32.06,49064.2,3.3,31892,0.21,0,1.221,8.05,-84.3,14.136,1.079,5.6,0
11/5/22,10:00:00,0,Deployment Site,0.68,38930.5,1.078,49839.7,100.2,100.4,8.44,1.57,32.06,49060.2,2.68,31889,0.18,0,1.219,8.03,-83.6,14.19,1.079,5.63,0
11/5/22,11:00:00,0,Deployment Site,0.86,39047.1,1.079,49809.9,106.2,106.4,8.92,1.571,32.04,49036.6,2.54,31874,-0.3,0,1.216,8.07,-85.7,14.334,1.079,5.64,0
11/5/22,12:00:00,0,Deployment Site,0.86,39175.2,1.075,49799.6,108.6,108.8,9.09,1.566,32.04,49032.1,2.61,31871,-0.34,0,1.217,8.08,-86.3,14.475,1.077,5.61,0
11/5/22,13:00:00,0,Deployment Site,0.89,39246.8,1.07,49798.1,109.5,109.7,9.15,1.558,32.05,49033.9,2.54,31872,-0.31,0,1.215,8.08,-86.5,14.55,1.069,5.62,0
11/5/22,14:00:00,0,Deployment Site,0.74,39512.3,1.066,49777.6,112.7,112.8,9.36,1.552,32.05,49026.1,2.36,31867,-0.17,0,1.217,8.1,-87.5,14.84,1.065,5.61,0
11/5/22,15:00:00,0,Deployment Site,0.62,39947.7,1.064,49716.3,111.4,111.6,9.17,1.549,32.03,48988.5,2.13,31843,-0.4,0,1.213,8.06,-85.5,15.338,1.064,5.62,0
11/5/22,16:00:00,0,Deployment Site,0.95,40223.9,1.06,49708,120.2,120.4,9.84,1.544,32.04,48994.4,2.63,31846,-0.33,0,1.232,8.12,-88.6,15.628,1.061,5.63,0
11/5/22,17:00:00,0,Deployment Site,1.31,39964.9,1.06,49719.3,119.5,119.7,9.83,1.543,32.03,48992.2,2.7,31845,-0.35,0,1.221,8.16,-90.9,15.353,1.059,5.6,0
11/5/22,18:00:00,0,Deployment Site,1.61,39797.9,1.066,49751.6,118.7,118.9,9.81,1.552,32.05,49014.7,4.64,31860,-0.36,0,1.217,8.14,-90.1,15.155,1.067,5.63,0
11/5/22,19:00:00,0,Deployment Site,1.32,39446.3,1.076,49760.5,111.3,111.5,9.26,1.566,32.03,49006.9,3.36,31854,-0.34,0,1.224,8.1,-87.5,14.786,1.076,5.6,0
11/5/22,20:00:00,0,Deployment Site,1.23,39446.4,1.072,49778.7,111,111.2,9.24,1.561,32.04,49024.2,3.3,31866,-0.32,0,1.215,8.1,-87.6,14.771,1.071,5.63,0
11/5/22,21:00:00,0,Deployment Site,1.24,39341.9,1.069,49784.8,109.5,109.7,9.13,1.556,32.04,49025.3,2.48,31866,-0.32,0,1.224,8.1,-87.2,14.659,1.068,5.63,0
11/5/22,22:00:00,0,Deployment Site,1.14,39321.2,1.078,49786.6,107.6,107.8,8.98,1.57,32.04,49026.2,3.08,31867,-0.31,0,1.222,8.09,-86.7,14.636,1.073,5.6,0
11/5/22,23:00:00,0,Deployment Site,1.64,39310,1.079,49786.6,106.1,106.3,8.86,1.571,32.04,49025.7,3.32,31867,-0.34,0,1.223,8.08,-86.5,14.624,1.082,5.62,0
11/6/22,0:00:00,0,Deployment Site,1.26,39305.1,1.076,49780.7,105.8,105.9,8.83,1.566,32.04,49019.9,3.56,31863,-0.32,0,1.217,8.08,-86.3,14.624,1.078,5.6,0
11/6/22,1:00:00,0,Deployment Site,1.13,39356,1.074,49708.2,106.4,106.5,8.86,1.564,31.99,48953.2,3.03,31820,-0.38,0,1.225,8.09,-86.8,14.736,1.072,5.62,0
11/6/22,2:00:00,0,Deployment Site,1.15,39300.2,1.071,49703.9,104.6,104.7,8.72,1.56,31.99,48946.7,3.04,31815,-0.36,0,1.213,8.07,-86,14.682,1.07,5.62,0
11/6/22,3:00:00,0,Deployment Site,1.2,39334.1,1.071,49723.8,105.4,105.6,8.79,1.56,32,48967.1,3.17,31829,-0.4,0,1.222,8.08,-86.4,14.7,1.07,5.6,0
11/6/22,4:00:00,0,Deployment Site,1.07,39310.1,1.07,49733.2,100.2,100.3,8.35,1.558,32.01,48974.9,2.83,31834,-0.36,0,1.224,8.05,-84.5,14.668,1.069,5.62,0
11/6/22,5:00:00,0,Deployment Site,1.09,39308.2,1.063,49754.7,94.7,94.8,7.9,1.548,32.02,48995.2,3.52,31847,-0.29,0,1.223,8.01,-82.2,14.649,1.063,5.6,0
11/6/22,6:00:00,0,Deployment Site,0.94,39257.2,1.064,49753.1,96.5,96.7,8.06,1.55,32.02,48991.5,2.85,31844,-0.23,0,1.219,8.02,-83,14.597,1.066,5.61,0
11/6/22,7:00:00,0,Deployment Site,0.96,39255.6,1.062,49745,97.2,97.4,8.12,1.546,32.01,48983.8,2.76,31839,-0.33,0,1.224,8.02,-83.1,14.602,1.065,5.61,0
11/6/22,8:00:00,0,Deployment Site,0.92,39248.8,1.068,49744.7,98.5,98.7,8.23,1.555,32.01,48983.1,2.2,31839,-0.34,0,1.213,8.03,-83.5,14.595,1.077,5.61,0
11/6/22,9:00:00,0,Deployment Site,0.68,39283.6,1.076,49728.2,99.3,99.5,8.29,1.567,32,48969,2.3,31830,-0.42,0,1.232,8.03,-83.5,14.645,1.077,5.61,0
11/6/22,10:00:00,0,Deployment Site,0.63,39323.2,1.076,49723,101.9,102,8.49,1.566,32,48965.8,2.18,31828,-0.36,0,1.218,8.04,-84.2,14.69,1.072,5.6,0
11/6/22,11:00:00,0,Deployment Site,0.69,39358.3,1.07,49691.7,101.7,101.8,8.47,1.558,31.98,48937.6,2.25,31809,-0.39,0,1.223,8.04,-84.1,14.752,1.07,5.61,0
11/6/22,12:00:00,0,Deployment Site,0.69,39452.2,1.063,49678.7,106.7,106.9,8.87,1.547,31.98,48929.6,2.22,31804,-0.38,0,1.215,8.07,-85.8,14.859,1.058,5.63,0
11/6/22,13:00:00,0,Deployment Site,0.83,39656.3,1.057,49671.5,109.7,109.9,9.08,1.539,31.98,48932.1,2.52,31806,-0.37,0,1.225,8.08,-86.7,15.075,1.059,5.6,0
11/6/22,14:00:00,0,Deployment Site,1.13,39819.6,1.053,49674.9,113.6,113.8,9.37,1.533,32,48943,2.59,31813,-0.35,0,1.213,8.11,-88,15.24,1.055,5.61,0
11/6/22,15:00:00,0,Deployment Site,1.1,40022.5,1.05,49683.5,117,117.2,9.61,1.529,32.01,48961.1,3.29,31825,-0.36,0,1.232,8.12,-88.9,15.442,1.05,5.6,0
11/6/22,16:00:00,0,Deployment Site,1.06,40119.4,1.054,49650.6,117.5,117.8,9.63,1.534,32,48934.8,2.74,31808,-0.36,0,1.216,8.12,-88.9,15.568,1.053,5.61,0
11/6/22,17:00:00,0,Deployment Site,0.97,40412.1,1.047,49604.8,121.7,121.9,9.91,1.525,31.98,48906.7,2.71,31789,-0.34,0,1.229,8.13,-89.6,15.906,1.047,5.63,0
11/6/22,18:00:00,0,Deployment Site,0.99,40285.7,1.049,49631.4,120.2,120.4,9.81,1.527,31.99,48925.2,2.59,31801,-0.3,0,1.22,8.13,-89.6,15.755,1.05,5.6,0
11/6/22,19:00:00,0,Deployment Site,1.01,40072.7,1.053,49653,117.5,117.7,9.63,1.533,32,48934.8,3.42,31808,-0.38,0,1.223,8.13,-89.1,15.518,1.053,5.62,0
11/6/22,20:00:00,0,Deployment Site,0.94,40064.3,1.05,49649.3,116.1,116.3,9.52,1.528,31.99,48930.9,3.4,31805,-0.35,0,1.216,8.12,-88.9,15.513,1.046,5.6,0
11/6/22,21:00:00,0,Deployment Site,0.87,40011.1,1.045,49651.1,114.4,114.6,9.4,1.521,31.99,48929.9,3.1,31804,-0.37,0,1.225,8.12,-88.7,15.457,1.048,5.61,0
11/6/22,22:00:00,0,Deployment Site,0.88,39987.6,1.045,49656.2,113.1,113.3,9.29,1.521,31.99,48933.6,2.58,31807,-0.34,0,1.218,8.11,-88.3,15.428,1.044,5.63,0
11/6/22,23:00:00,0,Deployment Site,0.92,39941.1,1.043,49656.2,112.5,112.7,9.25,1.519,31.99,48931.3,2.69,31805,-0.32,0,1.222,8.11,-88.2,15.38,1.05,5.61,0
11/7/22,0:00:00,0,Deployment Site,1.01,39889.2,1.042,49639,111.6,111.8,9.19,1.516,31.98,48912.4,3.37,31793,-0.35,0,1.213,8.11,-88,15.341,1.035,5.62,0
11/7/22,1:00:00,0,Deployment Site,1.02,39685.3,1.041,49598.8,107.1,107.3,8.85,1.516,31.94,48864.6,2.72,31762,-0.37,0,1.222,8.09,-86.7,15.165,1.04,5.6,0
11/7/22,2:00:00,0,Deployment Site,1.08,39746.5,1.04,49626.1,107.7,107.8,8.89,1.514,31.96,48893.4,2.99,31781,-0.33,0,1.222,8.09,-86.9,15.205,1.042,5.61,0
11/7/22,3:00:00,0,Deployment Site,1.17,39681.7,1.037,49611.6,105.9,106.1,8.75,1.51,31.95,48876.6,4.66,31770,-0.4,0,1.225,8.08,-86.2,15.151,1.036,5.63,0
11/7/22,4:00:00,0,Deployment Site,1,39591.7,1.037,49588.9,102.9,103,8.51,1.51,31.93,48850.8,2.76,31753,-0.37,0,1.218,8.06,-85.1,15.077,1.036,5.6,0
11/7/22,5:00:00,0,Deployment Site,0.96,39607.7,1.033,49600,101,101.1,8.36,1.504,31.93,48862.1,2.72,31760,-0.39,0,1.232,8.04,-84.3,15.084,1.032,5.62,0
11/7/22,6:00:00,0,Deployment Site,0.8,39646.6,1.028,49590.8,95.1,95.2,7.86,1.497,31.93,48855.2,2.38,31756,-0.36,0,1.214,8,-81.7,15.132,1.027,5.6,0
11/7/22,7:00:00,0,Deployment Site,0.8,39637.1,1.024,49587.5,97,97.1,8.02,1.491,31.93,48851.6,2.39,31754,-0.32,0,1.226,8.01,-82.6,15.124,1.025,5.61,0
11/7/22,8:00:00,0,Deployment Site,0.75,39609,1.027,49590.5,95.5,95.6,7.9,1.494,31.93,48853.2,2.27,31755,-0.29,0,1.218,8,-82,15.093,1.023,5.62,0
11/7/22,9:00:00,0,Deployment Site,0.69,39622.1,1.025,49588,96.7,96.9,8,1.493,31.93,48851.4,2.35,31753,-0.32,0,1.221,8.01,-82.3,15.109,1.025,5.6,0
11/7/22,10:00:00,0,Deployment Site,0.85,39620.2,1.022,49582.1,98.8,98.9,8.17,1.488,31.92,48845.7,2.35,31750,-0.36,0,1.213,8.02,-83.1,15.112,1.02,5.61,0
11/7/22,11:00:00,0,Deployment Site,0.78,39654.2,1.019,49560.3,102.5,102.7,8.47,1.484,31.91,48826.7,2.39,31737,-0.36,0,1.222,8.05,-84.6,15.165,1.026,5.6,0
11/7/22,12:00:00,0,Deployment Site,0.66,39697.3,1.01,49530,104.6,104.8,8.63,1.471,31.89,48800,2.09,31720,-0.41,0,1.224,8.06,-85.3,15.234,1.011,5.62,0
11/7/22,13:00:00,0,Deployment Site,9.38,105.7,0.143,113.5,86.3,86.5,7.59,0.203,0.05,112.8,24.56,73,14.12,0,1.222,8.59,-117.3,21.729,0.143,5.6,0