#,Date-Time (EDT),Ch: 1 - Temperature   (Â°C),Ch: 2 - Millivolts   (mv),Ch: 3 - pH   (pH),Button Down,Button Up,Host Connected,End of File
1,4/17/23 12:00,21.17,96.46,4.82,,,,
2,4/17/23 12:15,21.84,96.67,4.82,,,,
3,4/17/23 12:30,22.13,96.92,4.82,,,,
4,4/17/23 12:45,22.2,97.14,4.82,,,,
5,4/17/23 13:00,22.3,97.21,4.82,,,,
6,4/17/23 13:15,22.35,97.28,4.82,,,,
7,4/17/23 13:30,22.44,97.35,4.81,,,,
8,4/17/23 13:45,22.49,97.41,4.81,,,,
9,4/17/23 14:00,22.44,97.39,4.81,,,,
10,4/17/23 14:15,22.47,97.39,4.81,,,,
11,4/17/23 14:30,22.47,97.44,4.81,,,,
12,4/17/23 14:45,22.49,97.49,4.81,,,,
13,4/17/23 15:00,20.82,97.17,4.81,,,,
14,4/17/23 15:15,13.45,-70.36,7.87,,,,
15,4/17/23 15:30,12.51,-79.44,8.05,,,,
16,4/17/23 15:45,12.61,-82.44,8.1,,,,
17,4/17/23 16:00,12.82,-85.16,8.15,,,,
18,4/17/23 16:15,12.99,-87.25,8.19,,,,
19,4/17/23 16:30,13.09,-87.03,8.19,,,,
20,4/17/23 16:45,12.99,-83.36,8.12,,,,
21,4/17/23 17:00,12.85,-84.71,8.14,,,,
22,4/17/23 17:15,12.77,-86.58,8.18,,,,
23,4/17/23 17:30,12.56,-86.91,8.19,,,,
24,4/17/23 17:45,12.29,-87.16,8.19,,,,
25,4/17/23 18:00,11.95,-86.05,8.17,,,,
26,4/17/23 18:15,11.73,-85.72,8.17,,,,
27,4/17/23 18:30,11.61,-86.03,8.17,,,,
28,4/17/23 18:45,11.56,-85.85,8.17,,,,
29,4/17/23 19:00,11.52,-85.83,8.17,,,,
30,4/17/23 19:15,11.42,-86.14,8.18,,,,
31,4/17/23 19:30,11.39,-86.02,8.17,,,,
32,4/17/23 19:45,11.37,-86.17,8.18,,,,
33,4/17/23 20:00,11.35,-86.58,8.18,,,,
34,4/17/23 20:15,11.32,-86.6,8.18,,,,
35,4/17/23 20:30,11.3,-86.74,8.19,,,,
36,4/17/23 20:45,11.3,-86.88,8.19,,,,
37,4/17/23 21:00,11.27,-86.96,8.19,,,,
38,4/17/23 21:15,11.25,-87.02,8.19,,,,
39,4/17/23 21:30,11.25,-86.91,8.19,,,,
40,4/17/23 21:45,11.25,-86.94,8.19,,,,
41,4/17/23 22:00,11.25,-86.92,8.19,,,,
42,4/17/23 22:15,11.25,-86.92,8.19,,,,
43,4/17/23 22:30,11.27,-86.92,8.19,,,,
44,4/17/23 22:45,11.3,-86.88,8.19,,,,
45,4/17/23 23:00,11.3,-86.89,8.19,,,,
46,4/17/23 23:15,11.32,-86.69,8.19,,,,
47,4/17/23 23:30,11.35,-86.52,8.18,,,,
48,4/17/23 23:45,11.35,-86.69,8.19,,,,
49,4/18/23 0:00,11.44,-86.61,8.18,,,,
50,4/18/23 0:15,11.52,-86.36,8.18,,,,
51,4/18/23 0:30,11.64,-86.1,8.17,,,,
52,4/18/23 0:45,11.78,-85.88,8.17,,,,
53,4/18/23 1:00,11.81,-85.67,8.17,,,,
54,4/18/23 1:15,11.81,-85.53,8.16,,,,
55,4/18/23 1:30,11.76,-85.39,8.16,,,,
56,4/18/23 1:45,11.71,-85.17,8.16,,,,
57,4/18/23 2:00,11.66,-85.21,8.16,,,,
58,4/18/23 2:15,11.71,-85.1,8.15,,,,
59,4/18/23 2:30,11.76,-84.82,8.15,,,,
60,4/18/23 2:45,11.71,-84.25,8.14,,,,
61,4/18/23 3:00,11.69,-82.28,8.1,,,,
62,4/18/23 3:15,11.61,-79.17,8.04,,,,
63,4/18/23 3:30,11.3,-62.53,7.73,,,,
64,4/18/23 3:45,11,-55.61,7.6,,,,
65,4/18/23 4:00,11,-70.61,7.89,,,,
66,4/18/23 4:15,10.98,-73.69,7.94,,,,
67,4/18/23 4:30,10.81,-72.38,7.92,,,,
68,4/18/23 4:45,10.69,-72.69,7.93,,,,
69,4/18/23 5:00,10.61,-72.97,7.93,,,,
70,4/18/23 5:15,10.47,-66.49,7.81,,,,
71,4/18/23 5:30,11.03,-81.21,8.08,,,,
72,4/18/23 5:45,11.08,-80.05,8.06,,,,
73,4/18/23 6:00,10.98,-79.28,8.05,,,,
74,4/18/23 6:15,10.91,-77.31,8.01,,,,
75,4/18/23 6:30,10.81,-76.35,7.99,,,,
76,4/18/23 6:45,10.86,-77.64,8.02,,,,
77,4/18/23 7:00,11.15,-80.52,8.07,,,,
78,4/18/23 7:15,11.32,-81.47,8.09,,,,
79,4/18/23 7:30,11.42,-81.97,8.1,,,,
80,4/18/23 7:45,11.42,-82.21,8.1,,,,
81,4/18/23 8:00,11.44,-82.99,8.12,,,,
82,4/18/23 8:15,11.47,-83.16,8.12,,,,
83,4/18/23 8:30,11.47,-83.1,8.12,,,,
84,4/18/23 8:45,11.47,-83.3,8.12,,,,
85,4/18/23 9:00,11.49,-83.35,8.12,,,,
86,4/18/23 9:15,11.47,-83.72,8.13,,,,
87,4/18/23 9:30,11.44,-83.99,8.14,,,,
88,4/18/23 9:45,11.39,-84.57,8.15,,,,
89,4/18/23 10:00,11.39,-84.66,8.15,,,,
90,4/18/23 10:15,11.42,-84.96,8.15,,,,
91,4/18/23 10:30,11.49,-84.57,8.15,,,,
92,4/18/23 10:45,11.49,-84.63,8.15,,,,
93,4/18/23 11:00,11.59,-84.19,8.14,,,,
94,4/18/23 11:15,11.59,-84.55,8.14,,,,
95,4/18/23 11:30,11.64,-84.57,8.15,,,,
96,4/18/23 11:45,11.61,-84.99,8.15,,,,
97,4/18/23 12:00,11.56,-84.78,8.15,,,,
98,4/18/23 12:15,11.56,-85.19,8.16,,,,
99,4/18/23 12:30,11.35,-85.16,8.16,,,,
100,4/18/23 12:45,11.3,-85.78,8.17,,,,
101,4/18/23 13:00,11.37,-85.64,8.17,,,,
102,4/18/23 13:15,11.44,-85.71,8.17,,,,
103,4/18/23 13:30,11.54,-85.53,8.16,,,,
104,4/18/23 13:45,11.66,-85.32,8.16,,,,
105,4/18/23 14:00,11.73,-85.14,8.16,,,,
106,4/18/23 14:15,11.81,-84.78,8.15,,,,
107,4/18/23 14:30,11.9,-84.82,8.15,,,,
108,4/18/23 14:45,11.98,-85.24,8.16,,,,
109,4/18/23 15:00,12.19,-85.27,8.16,,,,
110,4/18/23 15:15,12.49,-84.66,8.14,,,,
111,4/18/23 15:30,12.61,-83.99,8.13,,,,
112,4/18/23 15:45,12.65,-80.31,8.06,,,,
113,4/18/23 16:00,12.75,-84.05,8.13,,,,
114,4/18/23 16:15,12.58,-87.71,8.2,,,,
115,4/18/23 16:30,12.44,-90.67,8.26,,,,
116,4/18/23 16:45,12.1,-95.86,8.35,,,,
117,4/18/23 17:00,11.69,-96.96,8.38,,,,
118,4/18/23 17:15,11.32,-95.53,8.35,,,,
119,4/18/23 17:30,11.39,-95.14,8.34,,,,
120,4/18/23 17:45,11.44,-93.03,8.3,,,,
121,4/18/23 18:00,11.59,-91.27,8.27,,,,
122,4/18/23 18:15,11.81,-89.42,8.24,,,,
123,4/18/23 18:30,11.83,-89.52,8.24,,,,
124,4/18/23 18:45,11.76,-88.19,8.21,,,,
125,4/18/23 19:00,11.73,-87.53,8.2,,,,
126,4/18/23 19:15,11.73,-87.19,8.19,,,,
127,4/18/23 19:30,11.69,-86.83,8.19,,,,
128,4/18/23 19:45,11.69,-86.77,8.19,,,,
129,4/18/23 20:00,11.61,-86.24,8.18,,,,
130,4/18/23 20:15,11.52,-85.41,8.16,,,,
131,4/18/23 20:30,11.52,-85.03,8.15,,,,
132,4/18/23 20:45,11.49,-84.74,8.15,,,,
133,4/18/23 21:00,11.44,-84.46,8.14,,,,
134,4/18/23 21:15,11.39,-84.33,8.14,,,,
135,4/18/23 21:30,11.37,-84.27,8.14,,,,
136,4/18/23 21:45,11.35,-84.14,8.14,,,,
137,4/18/23 22:00,11.32,-84.25,8.14,,,,
138,4/18/23 22:15,11.22,-84.32,8.14,,,,
139,4/18/23 22:30,11.13,-84.3,8.14,,,,
140,4/18/23 22:45,11.05,-84.6,8.15,,,,
141,4/18/23 23:00,11.05,-84.6,8.15,,,,
142,4/18/23 23:15,11.05,-84.85,8.15,,,,
143,4/18/23 23:30,11.03,-85.03,8.16,,,,
144,4/18/23 23:45,11,-85.08,8.16,,,,
145,4/19/23 0:00,10.93,-85.07,8.16,,,,
146,4/19/23 0:15,10.83,-84.89,8.15,,,,
147,4/19/23 0:30,10.76,-84.72,8.15,,,,
148,4/19/23 0:45,10.69,-84.57,8.15,,,,
149,4/19/23 1:00,10.52,-84.03,8.14,,,,
150,4/19/23 1:15,10.44,-84.13,8.14,,,,
151,4/19/23 1:30,10.42,-84.03,8.14,,,,
152,4/19/23 1:45,10.42,-84.05,8.14,,,,
153,4/19/23 2:00,10.44,-84.03,8.14,,,,
154,4/19/23 2:15,10.44,-83.92,8.14,,,,
155,4/19/23 2:30,10.44,-83.96,8.14,,,,
156,4/19/23 2:45,10.44,-83.91,8.14,,,,
157,4/19/23 3:00,10.47,-83.71,8.13,,,,
158,4/19/23 3:15,10.52,-83.11,8.12,,,,
159,4/19/23 3:30,10.57,-81.8,8.1,,,,
160,4/19/23 3:45,10.49,-76.81,8,,,,
161,4/19/23 4:00,10.32,-70.13,7.88,,,,
162,4/19/23 4:15,10.17,-68.6,7.85,,,,
163,4/19/23 4:30,9.98,-73.63,7.95,,,,
164,4/19/23 4:45,9.58,-73.19,7.94,,,,
165,4/19/23 5:00,8.72,-71.19,7.9,,,,
166,4/19/23 5:15,8.14,-75.91,7.99,,,,
167,4/19/23 5:30,7.79,-77.52,8.03,,,,
168,4/19/23 5:45,7.59,-78.06,8.04,,,,
169,4/19/23 6:00,7.42,-68.05,7.85,,,,
170,4/19/23 6:15,8.94,-54.92,7.59,,,,
171,4/19/23 6:30,8.94,-58.7,7.67,,,,
172,4/19/23 6:45,9.29,-65.28,7.79,,,,
173,4/19/23 7:00,9.44,-70.14,7.88,,,,
174,4/19/23 7:15,9.76,-81.28,8.09,,,,
175,4/19/23 7:30,9.85,-82.39,8.11,,,,
176,4/19/23 7:45,9.98,-83.27,8.13,,,,
177,4/19/23 8:00,10,-83.5,8.13,,,,
178,4/19/23 8:15,10.08,-83.53,8.13,,,,
179,4/19/23 8:30,10.2,-84.02,8.14,,,,
180,4/19/23 8:45,10.25,-84.38,8.15,,,,
181,4/19/23 9:00,10.3,-84.27,8.14,,,,
182,4/19/23 9:15,10.32,-84.11,8.14,,,,
183,4/19/23 9:30,10.34,-84.83,8.16,,,,
184,4/19/23 9:45,10.37,-84.96,8.16,,,,
185,4/19/23 10:00,10.39,-84.53,8.15,,,,
186,4/19/23 10:15,10.42,-84.72,8.15,,,,
187,4/19/23 10:30,10.44,-84.8,8.15,,,,
188,4/19/23 10:45,10.44,-84.49,8.15,,,,
189,4/19/23 11:00,10.47,-84.49,8.15,,,,
190,4/19/23 11:15,10.44,-84.44,8.15,,,,
191,4/19/23 11:30,10.44,-84.53,8.15,,,,
192,4/19/23 11:45,10.47,-84.61,8.15,,,,
193,4/19/23 12:00,10.52,-84.74,8.15,,,,
194,4/19/23 12:15,10.57,-84.64,8.15,,,,
195,4/19/23 12:30,10.61,-84.89,8.16,,,,
196,4/19/23 12:45,10.66,-84.99,8.16,,,,
197,4/19/23 13:00,10.69,-85.05,8.16,,,,
198,4/19/23 13:15,10.71,-85.11,8.16,,,,
199,4/19/23 13:30,10.74,-84.78,8.15,,,,
200,4/19/23 13:45,10.76,-84.78,8.15,,,,
201,4/19/23 14:00,10.79,-85.22,8.16,,,,
202,4/19/23 14:15,10.81,-85.16,8.16,,,,
203,4/19/23 14:30,10.86,-85.47,8.17,,,,
204,4/19/23 14:45,10.88,-85.53,8.17,,,,
205,4/19/23 15:00,10.93,-85.69,8.17,,,,
206,4/19/23 15:15,10.98,-86,8.17,,,,
207,4/19/23 15:30,11.08,-86.27,8.18,,,,
208,4/19/23 15:45,11.18,-86.66,8.19,,,,
209,4/19/23 16:00,11.25,-87.47,8.2,,,,
210,4/19/23 16:15,11.42,-90.17,8.25,,,,
211,4/19/23 16:30,11.56,-93.86,8.32,,,,
212,4/19/23 16:45,11.86,-89.41,8.24,,,,
213,4/19/23 17:00,11.81,-97.07,8.38,,,,
214,4/19/23 17:15,11.05,-107.77,8.58,,,,
215,4/19/23 17:30,9.85,-105.74,8.55,,,,
216,4/19/23 17:45,9.14,-92.69,8.31,,,,
217,4/19/23 18:00,8.74,-89.61,8.25,,,,
218,4/19/23 18:15,8.42,-86.77,8.2,,,,
219,4/19/23 18:30,9.83,-81.5,8.09,,,,
220,4/19/23 18:45,10.12,-92.44,8.3,,,,
221,4/19/23 19:00,11,-98.13,8.4,,,,
222,4/19/23 19:15,10.93,-91.08,8.27,,,,
223,4/19/23 19:30,10.93,-89.3,8.24,,,,
224,4/19/23 19:45,10.83,-87.82,8.21,,,,
225,4/19/23 20:00,10.79,-87.32,8.2,,,,
226,4/19/23 20:15,10.76,-87.13,8.2,,,,
227,4/19/23 20:30,10.66,-86.83,8.19,,,,
228,4/19/23 20:45,10.34,-85.77,8.17,,,,
229,4/19/23 21:00,10.15,-85.25,8.16,,,,
230,4/19/23 21:15,10.08,-85.14,8.16,,,,
231,4/19/23 21:30,10.05,-84.86,8.16,,,,
232,4/19/23 21:45,10.03,-84.83,8.16,,,,
233,4/19/23 22:00,9.95,-84.49,8.15,,,,
234,4/19/23 22:15,9.9,-84.11,8.14,,,,
235,4/19/23 22:30,9.78,-84.55,8.15,,,,
236,4/19/23 22:45,9.73,-84.11,8.14,,,,
237,4/19/23 23:00,9.63,-84.08,8.14,,,,
238,4/19/23 23:15,9.56,-83.96,8.14,,,,
239,4/19/23 23:30,9.51,-83.96,8.14,,,,
240,4/19/23 23:45,9.48,-83.67,8.14,,,,
241,4/20/23 0:00,9.44,-83.97,8.14,,,,
242,4/20/23 0:15,9.34,-84.05,8.14,,,,
243,4/20/23 0:30,9.31,-84.6,8.16,,,,
244,4/20/23 0:45,9.29,-84.19,8.15,,,,
245,4/20/23 1:00,9.29,-84.28,8.15,,,,
246,4/20/23 1:15,9.29,-84.11,8.15,,,,
247,4/20/23 1:30,9.21,-84.05,8.15,,,,
248,4/20/23 1:45,9.14,-83.88,8.14,,,,
249,4/20/23 2:00,9.11,-83.86,8.14,,,,
250,4/20/23 2:15,9.09,-83.91,8.14,,,,
251,4/20/23 2:30,9.04,-83.96,8.14,,,,
252,4/20/23 2:45,9.01,-83.78,8.14,,,,
253,4/20/23 3:00,8.99,-83.72,8.14,,,,
254,4/20/23 3:15,8.94,-84.08,8.15,,,,
255,4/20/23 3:30,8.92,-83.96,8.14,,,,
256,4/20/23 3:45,8.87,-83.89,8.14,,,,
257,4/20/23 4:00,8.82,-83.75,8.14,,,,
258,4/20/23 4:15,8.72,-83.25,8.13,,,,
259,4/20/23 4:30,8.64,-81.99,8.11,,,,
260,4/20/23 4:45,8.49,-77.78,8.03,,,,
261,4/20/23 5:00,8.42,-53.5,7.57,,,,
262,4/20/23 5:15,7.44,-60.33,7.7,,,,
263,4/20/23 5:30,6.43,-57.63,7.65,,,,
264,4/20/23 5:45,6.03,-69.42,7.88,,,,
265,4/20/23 6:00,5.82,-72.72,7.94,,,,
266,4/20/23 6:15,5.67,-73.49,7.96,,,,
267,4/20/23 6:30,5.59,-73.28,7.95,,,,
268,4/20/23 6:45,5.74,-72.56,7.94,,,,
269,4/20/23 7:00,5.69,-71.66,7.92,,,,
270,4/20/23 7:15,5.59,-69.49,7.88,,,,
271,4/20/23 7:30,7.49,-65.36,7.8,,,,
272,4/20/23 7:45,7.49,-69.21,7.87,,,,
273,4/20/23 8:00,8.07,-82.61,8.12,,,,
274,4/20/23 8:15,8.34,-83.35,8.14,,,,
275,4/20/23 8:30,8.49,-83.85,8.14,,,,
276,4/20/23 8:45,8.64,-83.94,8.15,,,,
277,4/20/23 9:00,8.62,-84,8.15,,,,
278,4/20/23 9:15,8.79,-83.63,8.14,,,,
279,4/20/23 9:30,8.97,-83.6,8.14,,,,
280,4/20/23 9:45,9.09,-83.55,8.14,,,,
281,4/20/23 10:00,9.19,-83.32,8.13,,,,
282,4/20/23 10:15,9.24,-83.33,8.13,,,,
283,4/20/23 10:30,9.26,-83.41,8.13,,,,
284,4/20/23 10:45,9.21,-83.58,8.14,,,,
285,4/20/23 11:00,9.24,-83.69,8.14,,,,
286,4/20/23 11:15,9.26,-83.6,8.14,,,,
287,4/20/23 11:30,9.21,-83.44,8.13,,,,
288,4/20/23 11:45,9.21,-83.44,8.13,,,,
289,4/20/23 12:00,9.21,-83.3,8.13,,,,
290,4/20/23 12:15,9.24,-83.99,8.14,,,,
291,4/20/23 12:30,9.26,-83.64,8.14,,,,
292,4/20/23 12:45,9.31,-83.42,8.13,,,,
293,4/20/23 13:00,9.34,-83.52,8.13,,,,
294,4/20/23 13:15,9.39,-83.72,8.14,,,,
295,4/20/23 13:30,9.44,-83.74,8.14,,,,
296,4/20/23 13:45,9.48,-83.55,8.13,,,,
297,4/20/23 14:00,9.56,-83.64,8.14,,,,
298,4/20/23 14:15,9.63,-83.57,8.13,,,,
299,4/20/23 14:30,9.68,-83.46,8.13,,,,
300,4/20/23 14:45,9.73,-83.88,8.14,,,,
301,4/20/23 15:00,9.83,-84.36,8.15,,,,
302,4/20/23 15:15,9.93,-84.36,8.15,,,,
303,4/20/23 15:30,10.03,-84.14,8.14,,,,
304,4/20/23 15:45,10.1,-84.05,8.14,,,,
305,4/20/23 16:00,10.22,-84.11,8.14,,,,
306,4/20/23 16:15,10.34,-84.71,8.15,,,,
307,4/20/23 16:30,10.52,-85.25,8.16,,,,
308,4/20/23 16:45,10.76,-86.89,8.19,,,,
309,4/20/23 17:00,11.03,-88.19,8.22,,,,
310,4/20/23 17:15,11.27,-90.11,8.25,,,,
311,4/20/23 17:30,11.69,-91.99,8.28,,,,
312,4/20/23 17:45,11.54,-93.44,8.31,,,,
313,4/20/23 18:00,10.2,-86.99,8.2,,,,
314,4/20/23 18:15,8.89,-84.35,8.15,,,,
315,4/20/23 18:30,8.44,-84.08,8.15,,,,
316,4/20/23 18:45,8.14,-82.67,8.12,,,,
317,4/20/23 19:00,7.79,-83.36,8.14,,,,
318,4/20/23 19:15,9.26,-83.99,8.14,,,,
319,4/20/23 19:30,10.15,-99.83,8.44,,,,
320,4/20/23 19:45,10.3,-95.64,8.36,,,,
321,4/20/23 20:00,10.49,-97.61,8.4,,,,
322,4/20/23 20:15,10.49,-94.86,8.34,,,,
323,4/20/23 20:30,10.27,-90.05,8.25,,,,
324,4/20/23 20:45,10.32,-88.57,8.23,,,,
325,4/20/23 21:00,10.15,-86.61,8.19,,,,
326,4/20/23 21:15,10.03,-86.36,8.19,,,,
327,4/20/23 21:30,9.93,-86.61,8.19,,,,
328,4/20/23 21:45,9.9,-86.5,8.19,,,,
329,4/20/23 22:00,9.9,-86.11,8.18,,,,
330,4/20/23 22:15,9.88,-86.11,8.18,,,,
331,4/20/23 22:30,9.85,-86.14,8.18,,,,
332,4/20/23 22:45,9.83,-86.14,8.18,,,,
333,4/20/23 23:00,9.78,-86.13,8.18,,,,
334,4/20/23 23:15,9.76,-86.1,8.18,,,,
335,4/20/23 23:30,9.76,-86.1,8.18,,,,
336,4/20/23 23:45,9.76,-86.08,8.18,,,,
337,4/21/23 0:00,9.73,-85.83,8.18,,,,
338,4/21/23 0:15,9.73,-85.85,8.18,,,,
339,4/21/23 0:30,9.73,-85.96,8.18,,,,
340,4/21/23 0:45,9.71,-85.85,8.18,,,,
341,4/21/23 1:00,9.71,-85.66,8.17,,,,
342,4/21/23 1:15,9.71,-85.53,8.17,,,,
343,4/21/23 1:30,9.68,-85.69,8.17,,,,
344,4/21/23 1:45,9.68,-85.77,8.18,,,,
345,4/21/23 2:00,9.66,-85.72,8.17,,,,
346,4/21/23 2:15,9.66,-86.03,8.18,,,,
347,4/21/23 2:30,9.68,-86.52,8.19,,,,
348,4/21/23 2:45,9.66,-87.08,8.2,,,,
349,4/21/23 3:00,9.63,-87.22,8.2,,,,
350,4/21/23 3:15,9.63,-87.02,8.2,,,,
351,4/21/23 3:30,9.58,-86.57,8.19,,,,
352,4/21/23 3:45,9.56,-86.27,8.19,,,,
353,4/21/23 4:00,9.53,-85.78,8.18,,,,
354,4/21/23 4:15,9.51,-85.28,8.17,,,,
355,4/21/23 4:30,9.44,-84.83,8.16,,,,
356,4/21/23 4:45,9.41,-84.32,8.15,,,,
357,4/21/23 5:00,9.29,-82.91,8.12,,,,
358,4/21/23 5:15,9.14,-82.13,8.11,,,,
359,4/21/23 5:30,9.04,-81.06,8.09,,,,
360,4/21/23 5:45,8.92,-79.55,8.06,,,,
361,4/21/23 6:00,8.54,-77.36,8.02,,,,
362,4/21/23 6:15,8,-78.92,8.05,,,,
363,4/21/23 6:30,7.72,-79.19,8.06,,,,
364,4/21/23 6:45,7.69,-79.49,8.06,,,,
365,4/21/23 7:00,7.69,-79.69,8.07,,,,
366,4/21/23 7:15,7.74,-79.77,8.07,,,,
367,4/21/23 7:30,7.59,-79.27,8.06,,,,
368,4/21/23 7:45,7.64,-79.25,8.06,,,,
369,4/21/23 8:00,7.69,-84.47,8.16,,,,
370,4/21/23 8:15,8.92,-82.83,8.12,,,,
371,4/21/23 8:30,9.01,-76.6,8,,,,
372,4/21/23 8:45,9.09,-80.66,8.08,,,,
373,4/21/23 9:00,9.34,-86.21,8.19,,,,
374,4/21/23 9:15,9.41,-86.27,8.19,,,,
375,4/21/23 9:30,9.51,-86.17,8.18,,,,
376,4/21/23 9:45,9.56,-86.08,8.18,,,,
377,4/21/23 10:00,9.63,-86.03,8.18,,,,
378,4/21/23 10:15,9.68,-86.22,8.18,,,,
379,4/21/23 10:30,9.76,-86.44,8.19,,,,
380,4/21/23 10:45,9.8,-86.63,8.19,,,,
381,4/21/23 11:00,9.88,-86.08,8.18,,,,
382,4/21/23 11:15,9.93,-86.1,8.18,,,,
383,4/21/23 11:30,9.9,-85.85,8.18,,,,
384,4/21/23 11:45,9.9,-85.97,8.18,,,,
385,4/21/23 12:00,9.88,-85.86,8.18,,,,
386,4/21/23 12:15,9.9,-85.83,8.18,,,,
387,4/21/23 12:30,9.95,-85.72,8.17,,,,
388,4/21/23 12:45,9.98,-85.67,8.17,,,,
389,4/21/23 13:00,10.03,-86.1,8.18,,,,
390,4/21/23 13:15,10.05,-86.22,8.18,,,,
391,4/21/23 13:30,10.15,-86.07,8.18,,,,
392,4/21/23 13:45,10.25,-85.91,8.18,,,,
393,4/21/23 14:00,10.34,-85.86,8.17,,,,
394,4/21/23 14:15,10.37,-85.89,8.18,,,,
395,4/21/23 14:30,10.42,-85.97,8.18,,,,
396,4/21/23 14:45,10.44,-85.92,8.18,,,,
397,4/21/23 15:00,10.49,-86.14,8.18,,,,
398,4/21/23 15:15,10.52,-86.21,8.18,,,,
399,4/21/23 15:30,10.57,-86.38,8.18,,,,
400,4/21/23 15:45,10.59,-86.42,8.18,,,,
401,4/21/23 16:00,10.64,-86.8,8.19,,,,
402,4/21/23 16:15,10.64,-86.8,8.19,,,,
403,4/21/23 16:30,10.69,-86.96,8.19,,,,
404,4/21/23 16:45,10.71,-87.13,8.2,,,,
405,4/21/23 17:00,10.74,-87.52,8.2,,,,
406,4/21/23 17:15,10.79,-88.13,8.22,,,,
407,4/21/23 17:30,10.88,-89.13,8.23,,,,
408,4/21/23 17:45,11,-90.21,8.25,,,,
409,4/21/23 18:00,11.22,-91.28,8.27,,,,
410,4/21/23 18:15,11.39,-92.58,8.3,,,,
411,4/21/23 18:30,11.22,-94.8,8.34,,,,
412,4/21/23 18:45,11,-94.05,8.33,,,,
413,4/21/23 19:00,10.57,-96.61,8.38,,,,
414,4/21/23 19:15,10.22,-96.07,8.37,,,,
415,4/21/23 19:30,9.9,-94.21,8.33,,,,
416,4/21/23 19:45,10,-89.61,8.25,,,,
417,4/21/23 20:00,10.22,-89.8,8.25,,,,
418,4/21/23 20:15,10.27,-90.39,8.26,,,,
419,4/21/23 20:30,10.25,-90.35,8.26,,,,
420,4/21/23 20:45,10.17,-89.32,8.24,,,,
421,4/21/23 21:00,10.17,-88.32,8.22,,,,
422,4/21/23 21:15,10.22,-87.96,8.21,,,,
423,4/21/23 21:30,10.27,-87.46,8.21,,,,
424,4/21/23 21:45,10.27,-87.89,8.21,,,,
425,4/21/23 22:00,10.27,-87.74,8.21,,,,
426,4/21/23 22:15,10.27,-87.64,8.21,,,,
427,4/21/23 22:30,10.25,-87.55,8.21,,,,
428,4/21/23 22:45,10.25,-87.38,8.2,,,,
429,4/21/23 23:00,10.22,-87.13,8.2,,,,
430,4/21/23 23:15,10.22,-86.96,8.2,,,,
431,4/21/23 23:30,10.22,-86.69,8.19,,,,
432,4/21/23 23:45,10.2,-86.38,8.19,,,,
433,4/22/23 0:00,10.2,-86.16,8.18,,,,
434,4/22/23 0:15,10.17,-85.85,8.18,,,,
435,4/22/23 0:30,10.17,-85.57,8.17,,,,
436,4/22/23 0:45,10.17,-85.52,8.17,,,,
437,4/22/23 1:00,10.15,-85.69,8.17,,,,
438,4/22/23 1:15,10.12,-85.92,8.18,,,,
439,4/22/23 1:30,10.12,-85.85,8.18,,,,
440,4/22/23 1:45,10.12,-85.44,8.17,,,,
441,4/22/23 2:00,10.1,-85.13,8.16,,,,
442,4/22/23 2:15,10.12,-85.13,8.16,,,,
443,4/22/23 2:30,10.15,-85.27,8.16,,,,
444,4/22/23 2:45,10.15,-85.03,8.16,,,,
445,4/22/23 3:00,10.15,-84.71,8.15,,,,
446,4/22/23 3:15,10.12,-84.72,8.15,,,,
447,4/22/23 3:30,10.12,-84.75,8.15,,,,
448,4/22/23 3:45,10.12,-84.66,8.15,,,,
449,4/22/23 4:00,10.15,-84.67,8.15,,,,
450,4/22/23 4:15,10.15,-84.6,8.15,,,,
451,4/22/23 4:30,10.12,-84.57,8.15,,,,
452,4/22/23 4:45,10.12,-84.61,8.15,,,,
453,4/22/23 5:00,10.1,-84.52,8.15,,,,
454,4/22/23 5:15,10.1,-84.36,8.15,,,,
455,4/22/23 5:30,10.08,-84.22,8.14,,,,
456,4/22/23 5:45,10.05,-83.96,8.14,,,,
457,4/22/23 6:00,10.03,-83.67,8.13,,,,
458,4/22/23 6:15,9.98,-83.13,8.12,,,,
459,4/22/23 6:30,9.73,-78.63,8.04,,,,
460,4/22/23 6:45,9.61,-76.33,8,,,,
461,4/22/23 7:00,9.09,-77.75,8.03,,,,
462,4/22/23 7:15,8.52,-79.16,8.06,,,,
463,4/22/23 7:30,8.24,-79.46,8.06,,,,
464,4/22/23 7:45,8.07,-78.81,8.05,,,,
465,4/22/23 8:00,8.12,-78.99,8.05,,,,
466,4/22/23 8:15,8.29,-79.16,8.06,,,,
467,4/22/23 8:30,9.11,-85.57,8.17,,,,
468,4/22/23 8:45,10.3,-84.3,8.15,,,,
469,4/22/23 9:00,10.2,-83.3,8.13,,,,
470,4/22/23 9:15,10.15,-76.35,8,,,,
471,4/22/23 9:30,10.12,-82.24,8.11,,,,
472,4/22/23 9:45,10.27,-86.83,8.19,,,,
473,4/22/23 10:00,10.22,-86.77,8.19,,,,
474,4/22/23 10:15,10.25,-87.17,8.2,,,,
475,4/22/23 10:30,10.25,-86.99,8.2,,,,
476,4/22/23 10:45,10.27,-86.53,8.19,,,,
477,4/22/23 11:00,10.3,-86.86,8.19,,,,
478,4/22/23 11:15,10.32,-87,8.2,,,,
479,4/22/23 11:30,10.34,-86.8,8.19,,,,
480,4/22/23 11:45,10.37,-86.77,8.19,,,,
481,4/22/23 12:00,10.37,-86.58,8.19,,,,
482,4/22/23 12:15,10.39,-86.58,8.19,,,,
483,4/22/23 12:30,10.39,-86.78,8.19,,,,
484,4/22/23 12:45,10.42,-86.78,8.19,,,,
485,4/22/23 13:00,10.44,-87.13,8.2,,,,
486,4/22/23 13:15,10.47,-87.46,8.2,,,,
487,4/22/23 13:30,10.47,-87.24,8.2,,,,
488,4/22/23 13:45,10.49,-87.03,8.2,,,,
489,4/22/23 14:00,10.49,-87.38,8.2,,,,
490,4/22/23 14:15,10.52,-87.72,8.21,,,,
491,4/22/23 14:30,10.57,-87.58,8.21,,,,
492,4/22/23 14:45,10.61,-87.13,8.2,,,,
493,4/22/23 15:00,10.64,-87.03,8.2,,,,
494,4/22/23 15:15,10.61,-87.28,8.2,,,,
495,4/22/23 15:30,10.64,-87.1,8.2,,,,
496,4/22/23 15:45,10.66,-87.5,8.2,,,,
497,4/22/23 16:00,10.66,-87.49,8.2,,,,
498,4/22/23 16:15,10.66,-87.58,8.21,,,,
499,4/22/23 16:30,10.69,-87.64,8.21,,,,
500,4/22/23 16:45,10.71,-87.82,8.21,,,,
501,4/22/23 17:00,10.71,-87.86,8.21,,,,
502,4/22/23 17:15,10.71,-87.83,8.21,,,,
503,4/22/23 17:30,10.71,-87.86,8.21,,,,
504,4/22/23 17:45,10.71,-88.03,8.21,,,,
505,4/22/23 18:00,10.74,-88.33,8.22,,,,
506,4/22/23 18:15,10.74,-88.57,8.22,,,,
507,4/22/23 18:30,10.76,-88.85,8.23,,,,
508,4/22/23 18:45,10.74,-88.85,8.23,,,,
509,4/22/23 19:00,10.74,-88.6,8.22,,,,
510,4/22/23 19:15,10.64,-88.91,8.23,,,,
511,4/22/23 19:30,10.57,-88.75,8.23,,,,
512,4/22/23 19:45,10.47,-87.86,8.21,,,,
513,4/22/23 20:00,10.39,-85.25,8.16,,,,
514,4/22/23 20:15,10.32,-86.47,8.19,,,,
515,4/22/23 20:30,10.34,-87.11,8.2,,,,
516,4/22/23 20:45,10.37,-87.14,8.2,,,,
517,4/22/23 21:00,10.37,-86.66,8.19,,,,
518,4/22/23 21:15,10.37,-86.39,8.18,,,,
519,4/22/23 21:30,10.37,-86.36,8.18,,,,
520,4/22/23 21:45,10.34,-86.36,8.18,,,,
521,4/22/23 22:00,10.34,-86.55,8.19,,,,
522,4/22/23 22:15,10.32,-86.58,8.19,,,,
523,4/22/23 22:30,10.32,-86.47,8.19,,,,
524,4/22/23 22:45,10.32,-86.36,8.18,,,,
525,4/22/23 23:00,10.32,-86.08,8.18,,,,
526,4/22/23 23:15,10.3,-85.88,8.18,,,,
527,4/22/23 23:30,10.3,-85.64,8.17,,,,
528,4/22/23 23:45,10.3,-85.47,8.17,,,,
529,4/23/23 0:00,10.34,-85.42,8.17,,,,
530,4/23/23 0:15,10.34,-85.5,8.17,,,,
531,4/23/23 0:30,10.34,-85.41,8.17,,,,
532,4/23/23 0:45,10.34,-85.39,8.17,,,,
533,4/23/23 1:00,10.34,-85.27,8.16,,,,
534,4/23/23 1:15,10.32,-85.16,8.16,,,,
535,4/23/23 1:30,10.32,-85.08,8.16,,,,
536,4/23/23 1:45,10.3,-84.89,8.16,,,,
537,4/23/23 2:00,10.3,-84.69,8.15,,,,
538,4/23/23 2:15,10.27,-84.63,8.15,,,,
539,4/23/23 2:30,10.25,-84.39,8.15,,,,
540,4/23/23 2:45,10.25,-84.36,8.15,,,,
541,4/23/23 3:00,10.25,-84.32,8.15,,,,
542,4/23/23 3:15,10.22,-84.16,8.14,,,,
543,4/23/23 3:30,10.22,-84.07,8.14,,,,
544,4/23/23 3:45,10.2,-83.96,8.14,,,,
545,4/23/23 4:00,10.2,-83.97,8.14,,,,
546,4/23/23 4:15,10.2,-83.94,8.14,,,,
547,4/23/23 4:30,10.2,-83.94,8.14,,,,
548,4/23/23 4:45,10.2,-83.99,8.14,,,,
549,4/23/23 5:00,10.22,-84.08,8.14,,,,
550,4/23/23 5:15,10.22,-84,8.14,,,,
551,4/23/23 5:30,10.2,-83.91,8.14,,,,
552,4/23/23 5:45,10.2,-83.8,8.14,,,,
553,4/23/23 6:00,10.17,-83.71,8.13,,,,
554,4/23/23 6:15,10.12,-83.6,8.13,,,,
555,4/23/23 6:30,10.1,-83.58,8.13,,,,
556,4/23/23 6:45,10.05,-83.58,8.13,,,,
557,4/23/23 7:00,10,-83.57,8.13,,,,
558,4/23/23 7:15,9.93,-83.39,8.13,,,,
559,4/23/23 7:30,9.83,-81.78,8.1,,,,
560,4/23/23 7:45,9.83,-80.03,8.07,,,,
561,4/23/23 8:00,9.9,-82.57,8.11,,,,
562,4/23/23 8:15,9.93,-92.35,8.3,,,,
563,4/23/23 8:30,9.63,-93.75,8.33,,,,
564,4/23/23 8:45,9.68,-92.13,8.3,,,,
565,4/23/23 9:00,9.85,-91.86,8.29,,,,
566,4/23/23 9:15,9.9,-86.28,8.18,,,,
567,4/23/23 9:30,9.93,-82.16,8.11,,,,
568,4/23/23 9:45,10.03,-85.92,8.18,,,,
569,4/23/23 10:00,10.15,-86.75,8.19,,,,
570,4/23/23 10:15,10.22,-86.72,8.19,,,,
571,4/23/23 10:30,10.2,-86.08,8.18,,,,
572,4/23/23 10:45,10.25,-87.16,8.2,,,,
573,4/23/23 11:00,10.3,-87.5,8.21,,,,
574,4/23/23 11:15,10.3,-87.52,8.21,,,,
575,4/23/23 11:30,10.32,-87.47,8.21,,,,
576,4/23/23 11:45,10.32,-87.33,8.2,,,,
577,4/23/23 12:00,10.34,-86.97,8.2,,,,
578,4/23/23 12:15,10.32,-86.69,8.19,,,,
579,4/23/23 12:30,10.27,-86.58,8.19,,,,
580,4/23/23 12:45,10.25,-86.42,8.19,,,,
581,4/23/23 13:00,10.22,-86.35,8.18,,,,
582,4/23/23 13:15,10.2,-86.3,8.18,,,,
583,4/23/23 13:30,10.2,-86.35,8.18,,,,
584,4/23/23 13:45,10.22,-86.42,8.19,,,,
585,4/23/23 14:00,10.25,-86.5,8.19,,,,
586,4/23/23 14:15,10.25,-86.52,8.19,,,,
587,4/23/23 14:30,10.25,-86.36,8.18,,,,
588,4/23/23 14:45,10.22,-86.35,8.18,,,,
589,4/23/23 15:00,10.22,-86.28,8.18,,,,
590,4/23/23 15:15,10.25,-86.39,8.19,,,,
591,4/23/23 15:30,10.25,-86.33,8.18,,,,
592,4/23/23 15:45,10.27,-86.32,8.18,,,,
593,4/23/23 16:00,10.27,-86.41,8.19,,,,
594,4/23/23 16:15,10.27,-86.44,8.19,,,,
595,4/23/23 16:30,10.27,-86.36,8.18,,,,
596,4/23/23 16:45,10.3,-86.22,8.18,,,,
597,4/23/23 17:00,10.32,-86.19,8.18,,,,
598,4/23/23 17:15,10.34,-86.07,8.18,,,,
599,4/23/23 17:30,10.37,-85.96,8.18,,,,
600,4/23/23 17:45,10.37,-85.85,8.17,,,,
601,4/23/23 18:00,10.37,-85.64,8.17,,,,
602,4/23/23 18:15,10.37,-85.5,8.17,,,,
603,4/23/23 18:30,10.34,-85.35,8.17,,,,
604,4/23/23 18:45,10.34,-85.22,8.16,,,,
605,4/23/23 19:00,10.32,-84.97,8.16,,,,
606,4/23/23 19:15,10.3,-84.72,8.15,,,,
607,4/23/23 19:30,10.27,-84.35,8.15,,,,
608,4/23/23 19:45,10.22,-83.41,8.13,,,,
609,4/23/23 20:00,10.2,-83.27,8.13,,,,
610,4/23/23 20:15,10.17,-82.57,8.11,,,,
611,4/23/23 20:30,10.17,-82.46,8.11,,,,
612,4/23/23 20:45,10.17,-82.63,8.11,,,,
613,4/23/23 21:00,10.15,-82.61,8.11,,,,
614,4/23/23 21:15,10.17,-82.88,8.12,,,,
615,4/23/23 21:30,10.2,-82.89,8.12,,,,
616,4/23/23 21:45,10.2,-83.17,8.12,,,,
617,4/23/23 22:00,10.2,-83.44,8.13,,,,
618,4/23/23 22:15,10.2,-83.44,8.13,,,,
619,4/23/23 22:30,10.2,-83.44,8.13,,,,
620,4/23/23 22:45,10.17,-83.36,8.13,,,,
621,4/23/23 23:00,10.17,-83.35,8.13,,,,
622,4/23/23 23:15,10.15,-83.3,8.13,,,,
623,4/23/23 23:30,10.1,-83.25,8.13,,,,
624,4/23/23 23:45,10.08,-83.13,8.12,,,,
625,4/24/23 0:00,10.08,-83.07,8.12,,,,
626,4/24/23 0:15,10.08,-82.91,8.12,,,,
627,4/24/23 0:30,10.05,-82.92,8.12,,,,
628,4/24/23 0:45,10.05,-82.74,8.12,,,,
629,4/24/23 1:00,10.03,-82.58,8.11,,,,
630,4/24/23 1:15,10,-82.49,8.11,,,,
631,4/24/23 1:30,10,-82.42,8.11,,,,
632,4/24/23 1:45,10,-82.35,8.11,,,,
633,4/24/23 2:00,10,-82.28,8.11,,,,
634,4/24/23 2:15,10,-82.25,8.11,,,,
635,4/24/23 2:30,10,-82.21,8.11,,,,
636,4/24/23 2:45,10.03,-82.17,8.11,,,,
637,4/24/23 3:00,10.03,-82.1,8.1,,,,
638,4/24/23 3:15,10.03,-82.1,8.1,,,,
639,4/24/23 3:30,10.03,-81.97,8.1,,,,
640,4/24/23 3:45,10.03,-81.69,8.1,,,,
641,4/24/23 4:00,10.03,-81.41,8.09,,,,
642,4/24/23 4:15,10.05,-80.67,8.08,,,,
643,4/24/23 4:30,10.05,-80.38,8.07,,,,
644,4/24/23 4:45,10.05,-79.56,8.06,,,,
645,4/24/23 5:00,10.05,-79.44,8.05,,,,
646,4/24/23 5:15,10.03,-79.41,8.05,,,,
647,4/24/23 5:30,10,-80.19,8.07,,,,
648,4/24/23 5:45,9.95,-79.99,8.07,,,,
649,4/24/23 6:00,9.95,-79.67,8.06,,,,
650,4/24/23 6:15,9.95,-79.56,8.06,,,,
651,4/24/23 6:30,9.95,-79.86,8.06,,,,
652,4/24/23 6:45,9.98,-79.17,8.05,,,,
653,4/24/23 7:00,10,-80.33,8.07,,,,
654,4/24/23 7:15,10.08,-80.52,8.08,,,,
655,4/24/23 7:30,10.1,-80.85,8.08,,,,
656,4/24/23 7:45,10.15,-79.56,8.06,,,,
657,4/24/23 8:00,10.2,-79.39,8.05,,,,
658,4/24/23 8:15,10.27,-78.21,8.03,,,,
659,4/24/23 8:30,10.39,-79.6,8.06,,,,
660,4/24/23 8:45,10.52,-79.28,8.05,,,,
661,4/24/23 9:00,10.61,-82.22,8.11,,,,
662,4/24/23 9:15,10.74,-81.55,8.09,,,,
663,4/24/23 9:30,10.83,-82.63,8.11,,,,
664,4/24/23 9:45,10.88,-81.55,8.09,,,,
665,4/24/23 10:00,11,-81.52,8.09,,,,
666,4/24/23 10:15,11,-83.35,8.12,,,,
667,4/24/23 10:30,10.91,-82.96,8.12,,,,
668,4/24/23 10:45,11.13,-85.88,8.17,,,,
669,4/24/23 11:00,10.79,-86.86,8.19,,,,
670,4/24/23 11:15,10.69,-84.91,8.16,,,,
671,4/24/23 11:30,10.59,-85.05,8.16,,,,
672,4/24/23 11:45,10.54,-84.49,8.15,,,,
673,4/24/23 12:00,10.52,-84.55,8.15,,,,
674,4/24/23 12:15,10.49,-83.38,8.13,,,,
675,4/24/23 12:30,10.49,-84.07,8.14,,,,
676,4/24/23 12:45,10.44,-83.16,8.12,,,,
677,4/24/23 13:00,10.49,-82.91,8.12,,,,
678,4/24/23 13:15,10.52,-82.83,8.12,,,,
679,4/24/23 13:30,10.54,-83.39,8.13,,,,
680,4/24/23 13:45,10.54,-83.21,8.12,,,,
681,4/24/23 14:00,10.54,-82.92,8.12,,,,
682,4/24/23 14:15,10.52,-83.07,8.12,,,,
683,4/24/23 14:30,10.52,-82.69,8.11,,,,
684,4/24/23 14:45,10.54,-82.49,8.11,,,,
685,4/24/23 15:00,10.52,-82.24,8.11,,,,
686,4/24/23 15:15,10.47,-83.25,8.13,,,,
687,4/24/23 15:30,10.39,-82.61,8.11,,,,
688,4/24/23 15:45,10.39,-83.11,8.12,,,,
689,4/24/23 16:00,10.37,-83.58,8.13,,,,
690,4/24/23 16:15,10.37,-83.07,8.12,,,,
691,4/24/23 16:30,10.34,-83.24,8.13,,,,
692,4/24/23 16:45,10.37,-83.22,8.12,,,,
693,4/24/23 17:00,10.37,-83.78,8.14,,,,
694,4/24/23 17:15,10.44,-84.19,8.14,,,,
695,4/24/23 17:30,10.54,-85.85,8.17,,,,
696,4/24/23 17:45,10.76,-86.25,8.18,,,,
697,4/24/23 18:00,10.83,-86.86,8.19,,,,
698,4/24/23 18:15,10.88,-87.39,8.2,,,,
699,4/24/23 18:30,10.88,-87.61,8.21,,,,
700,4/24/23 18:45,10.86,-87.42,8.2,,,,
701,4/24/23 19:00,10.83,-87.57,8.2,,,,
702,4/24/23 19:15,10.81,-87.66,8.21,,,,
703,4/24/23 19:30,10.76,-87.88,8.21,,,,
704,4/24/23 19:45,10.74,-88.08,8.21,,,,
705,4/24/23 20:00,10.69,-88.19,8.22,,,,
706,4/24/23 20:15,10.64,-88.1,8.22,,,,
707,4/24/23 20:30,10.59,-87.86,8.21,,,,
708,4/24/23 20:45,10.52,-88.1,8.22,,,,
709,4/24/23 21:00,10.47,-88.16,8.22,,,,
710,4/24/23 21:15,10.37,-87.58,8.21,,,,
711,4/24/23 21:30,10.32,-87.46,8.2,,,,
712,4/24/23 21:45,10.27,-86.85,8.19,,,,
713,4/24/23 22:00,10.25,-87.03,8.2,,,,
714,4/24/23 22:15,10.2,-87.22,8.2,,,,
715,4/24/23 22:30,10.2,-87.05,8.2,,,,
716,4/24/23 22:45,10.2,-87.02,8.2,,,,
717,4/24/23 23:00,10.22,-86.92,8.2,,,,
718,4/24/23 23:15,10.2,-86.91,8.2,,,,
719,4/24/23 23:30,10.2,-86.75,8.19,,,,
720,4/24/23 23:45,10.2,-86.72,8.19,,,,
721,4/25/23 0:00,10.17,-86.72,8.19,,,,
722,4/25/23 0:15,10.17,-86.89,8.19,,,,
723,4/25/23 0:30,10.17,-86.52,8.19,,,,
724,4/25/23 0:45,10.17,-86.49,8.19,,,,
725,4/25/23 1:00,10.17,-86.17,8.18,,,,
726,4/25/23 1:15,10.15,-85.99,8.18,,,,
727,4/25/23 1:30,10.12,-85.66,8.17,,,,
728,4/25/23 1:45,10.12,-85.42,8.17,,,,
729,4/25/23 2:00,10.12,-84.88,8.16,,,,
730,4/25/23 2:15,10.1,-84.75,8.15,,,,
731,4/25/23 2:30,10.08,-84.53,8.15,,,,
732,4/25/23 2:45,10.05,-84.13,8.14,,,,
733,4/25/23 3:00,10.03,-83.86,8.14,,,,
734,4/25/23 3:15,10.03,-83.52,8.13,,,,
735,4/25/23 3:30,10.03,-82.91,8.12,,,,
736,4/25/23 3:45,10.03,-82.3,8.11,,,,
737,4/25/23 4:00,10.03,-82.55,8.11,,,,
738,4/25/23 4:15,10.03,-82.52,8.11,,,,
739,4/25/23 4:30,10,-82.35,8.11,,,,
740,4/25/23 4:45,10,-82.07,8.1,,,,
741,4/25/23 5:00,10,-82.08,8.1,,,,
742,4/25/23 5:15,10,-81.97,8.1,,,,
743,4/25/23 5:30,10,-81.67,8.1,,,,
744,4/25/23 5:45,10,-81.53,8.09,,,,
745,4/25/23 6:00,10.03,-81.97,8.1,,,,
746,4/25/23 6:15,10,-82.38,8.11,,,,
747,4/25/23 6:30,10,-82.8,8.12,,,,
748,4/25/23 6:45,10,-82.97,8.12,,,,
749,4/25/23 7:00,10.03,-82.8,8.12,,,,
750,4/25/23 7:15,10.03,-83.25,8.13,,,,
751,4/25/23 7:30,10.05,-84.05,8.14,,,,
752,4/25/23 7:45,10.05,-84.08,8.14,,,,
753,4/25/23 8:00,10.08,-84.77,8.16,,,,
754,4/25/23 8:15,10.1,-84.83,8.16,,,,
755,4/25/23 8:30,10.12,-84.88,8.16,,,,
756,4/25/23 8:45,10.2,-85.11,8.16,,,,
757,4/25/23 9:00,10.3,-85.52,8.17,,,,
758,4/25/23 9:15,10.42,-85.25,8.16,,,,
759,4/25/23 9:30,10.59,-85.83,8.17,,,,
760,4/25/23 9:45,10.76,-85.72,8.17,,,,
761,4/25/23 10:00,10.96,-84.8,8.15,,,,
762,4/25/23 10:15,11.2,-85.61,8.17,,,,
763,4/25/23 10:30,11.56,-83.47,8.12,,,,
764,4/25/23 10:45,11.73,-84.82,8.15,,,,
765,4/25/23 11:00,11.56,-85.66,8.17,,,,
766,4/25/23 11:15,11.88,-86.42,8.18,,,,
767,4/25/23 11:30,11.95,-86.22,8.17,,,,
768,4/25/23 11:45,11.81,-86.78,8.19,,,,
769,4/25/23 12:00,11.73,-86.5,8.18,,,,
770,4/25/23 12:15,11.64,-86.21,8.18,,,,
771,4/25/23 12:30,11.64,-86.17,8.18,,,,
772,4/25/23 12:45,11.64,-86.41,8.18,,,,
773,4/25/23 13:00,11.66,-86.66,8.18,,,,
774,4/25/23 13:15,11.71,-87.05,8.19,,,,
775,4/25/23 13:30,11.73,-86.69,8.18,,,,
776,4/25/23 13:45,11.69,-86.52,8.18,,,,
777,4/25/23 14:00,11.69,-86.6,8.18,,,,
778,4/25/23 14:15,11.64,-86.64,8.18,,,,
779,4/25/23 14:30,11.59,-85.96,8.17,,,,
780,4/25/23 14:45,11.49,-85.5,8.16,,,,
781,4/25/23 15:00,11.47,-85.74,8.17,,,,
782,4/25/23 15:15,11.39,-85.74,8.17,,,,
783,4/25/23 15:30,11.32,-85.77,8.17,,,,
784,4/25/23 15:45,11.35,-86.21,8.18,,,,
785,4/25/23 16:00,11.35,-86.91,8.19,,,,
786,4/25/23 16:15,11.3,-87.47,8.2,,,,
787,4/25/23 16:30,11.35,-86.11,8.18,,,,
788,4/25/23 16:45,11.44,-86.58,8.18,,,,
789,4/25/23 17:00,11.59,-86.82,8.19,,,,
790,4/25/23 17:15,11.61,-86.28,8.18,,,,
791,4/25/23 17:30,11.61,-86.13,8.17,,,,
792,4/25/23 17:45,11.64,-86.92,8.19,,,,
793,4/25/23 18:00,11.69,-86.75,8.19,,,,
794,4/25/23 18:15,11.69,-86.69,8.18,,,,
795,4/25/23 18:30,11.66,-86.74,8.19,,,,
796,4/25/23 18:45,11.66,-87.03,8.19,,,,
797,4/25/23 19:00,11.64,-87.14,8.19,,,,
798,4/25/23 19:15,11.61,-87.97,8.21,,,,
799,4/25/23 19:30,11.61,-87.94,8.21,,,,
800,4/25/23 19:45,11.56,-88.28,8.22,,,,
801,4/25/23 20:00,11.54,-88.72,8.22,,,,
802,4/25/23 20:15,11.49,-88.77,8.22,,,,
803,4/25/23 20:30,11.47,-88.85,8.23,,,,
804,4/25/23 20:45,11.42,-88.72,8.22,,,,
805,4/25/23 21:00,11.37,-88.94,8.23,,,,
806,4/25/23 21:15,11.35,-88.86,8.23,,,,
807,4/25/23 21:30,11.35,-88.86,8.23,,,,
808,4/25/23 21:45,11.3,-89.02,8.23,,,,
809,4/25/23 22:00,11.27,-88.88,8.23,,,,
810,4/25/23 22:15,11.22,-88.8,8.23,,,,
811,4/25/23 22:30,11.22,-88.28,8.22,,,,
812,4/25/23 22:45,11.13,-87.97,8.21,,,,
813,4/25/23 23:00,11.05,-86.97,8.19,,,,
814,4/25/23 23:15,11,-86.8,8.19,,,,
815,4/25/23 23:30,10.98,-87.16,8.2,,,,
816,4/25/23 23:45,10.96,-86.89,8.19,,,,
817,4/26/23 0:00,10.96,-86.69,8.19,,,,
818,4/26/23 0:15,10.96,-86.32,8.18,,,,
819,4/26/23 0:30,10.96,-85.82,8.17,,,,
820,4/26/23 0:45,10.93,-85.46,8.16,,,,
821,4/26/23 1:00,10.93,-85.42,8.16,,,,
822,4/26/23 1:15,10.93,-85.27,8.16,,,,
823,4/26/23 1:30,10.93,-84.91,8.15,,,,
824,4/26/23 1:45,10.91,-84.58,8.15,,,,
825,4/26/23 2:00,10.88,-84.03,8.14,,,,
826,4/26/23 2:15,10.86,-84.42,8.15,,,,
827,4/26/23 2:30,10.83,-83.92,8.14,,,,
828,4/26/23 2:45,10.81,-83.21,8.12,,,,
829,4/26/23 3:00,10.79,-83.17,8.12,,,,
830,4/26/23 3:15,10.79,-82.49,8.11,,,,
831,4/26/23 3:30,10.76,-82.94,8.12,,,,
832,4/26/23 3:45,10.76,-82.53,8.11,,,,
833,4/26/23 4:00,10.76,-82.38,8.11,,,,
834,4/26/23 4:15,10.74,-82.24,8.1,,,,
835,4/26/23 4:30,10.66,-82.24,8.11,,,,
836,4/26/23 4:45,10.64,-82.52,8.11,,,,
837,4/26/23 5:00,10.61,-83.08,8.12,,,,
838,4/26/23 5:15,10.61,-82.36,8.11,,,,
839,4/26/23 5:30,10.61,-82.46,8.11,,,,
840,4/26/23 5:45,10.61,-82.25,8.11,,,,
841,4/26/23 6:00,10.61,-82.32,8.11,,,,
842,4/26/23 6:15,10.61,-82.66,8.11,,,,
843,4/26/23 6:30,10.61,-82.83,8.12,,,,
844,4/26/23 6:45,10.64,-83.05,8.12,,,,
845,4/26/23 7:00,10.64,-83.19,8.12,,,,
846,4/26/23 7:15,10.64,-83.33,8.13,,,,
847,4/26/23 7:30,10.64,-83.16,8.12,,,,
848,4/26/23 7:45,10.64,-83.3,8.13,,,,
849,4/26/23 8:00,10.64,-82.86,8.12,,,,
850,4/26/23 8:15,10.64,-83.38,8.13,,,,
851,4/26/23 8:30,10.64,-84.13,8.14,,,,
852,4/26/23 8:45,10.66,-83.89,8.14,,,,
853,4/26/23 9:00,10.69,-84.55,8.15,,,,
854,4/26/23 9:15,10.71,-84.8,8.15,,,,
855,4/26/23 9:30,10.76,-85.57,8.17,,,,
856,4/26/23 9:45,10.76,-85.41,8.16,,,,
857,4/26/23 10:00,10.81,-85.13,8.16,,,,
858,4/26/23 10:15,10.83,-84.88,8.15,,,,
859,4/26/23 10:30,10.86,-85.38,8.16,,,,
860,4/26/23 10:45,10.86,-85.69,8.17,,,,
861,4/26/23 11:00,10.91,-86.33,8.18,,,,
862,4/26/23 11:15,10.88,-87.44,8.2,,,,
863,4/26/23 11:30,10.88,-87.92,8.21,,,,
864,4/26/23 11:45,10.91,-88.33,8.22,,,,
865,4/26/23 12:00,10.93,-88.25,8.22,,,,
866,4/26/23 12:15,10.93,-89.3,8.24,,,,
867,4/26/23 12:30,10.91,-88.58,8.22,,,,
868,4/26/23 12:45,10.91,-88.05,8.21,,,,
869,4/26/23 13:00,10.91,-88.3,8.22,,,,
870,4/26/23 13:15,10.91,-88.94,8.23,,,,
871,4/26/23 13:30,10.91,-87.92,8.21,,,,
872,4/26/23 13:45,10.91,-86.89,8.19,,,,
873,4/26/23 14:00,10.93,-86.77,8.19,,,,
874,4/26/23 14:15,10.96,-86.38,8.18,,,,
875,4/26/23 14:30,10.96,-86.46,8.18,,,,
876,4/26/23 14:45,10.98,-86.53,8.18,,,,
877,4/26/23 15:00,10.98,-86.35,8.18,,,,
878,4/26/23 15:15,10.93,-85.99,8.17,,,,
879,4/26/23 15:30,10.96,-85.46,8.16,,,,
880,4/26/23 15:45,10.96,-86.53,8.18,,,,
881,4/26/23 16:00,10.86,-86.13,8.18,,,,
882,4/26/23 16:15,10.83,-84.91,8.15,,,,
883,4/26/23 16:30,10.81,-84.71,8.15,,,,
884,4/26/23 16:45,10.81,-84.55,8.15,,,,
885,4/26/23 17:00,10.83,-84.8,8.15,,,,
886,4/26/23 17:15,10.83,-85.33,8.16,,,,
887,4/26/23 17:30,10.86,-85.41,8.16,,,,
888,4/26/23 17:45,10.88,-86.07,8.18,,,,
889,4/26/23 18:00,10.88,-85.94,8.17,,,,
890,4/26/23 18:15,10.88,-85.14,8.16,,,,
891,4/26/23 18:30,10.88,-85.64,8.17,,,,
892,4/26/23 18:45,10.86,-85.99,8.17,,,,
893,4/26/23 19:00,10.83,-86.42,8.18,,,,
894,4/26/23 19:15,10.81,-85.89,8.17,,,,
895,4/26/23 19:30,10.81,-85.61,8.17,,,,
896,4/26/23 19:45,10.79,-85.61,8.17,,,,
897,4/26/23 20:00,10.76,-85.11,8.16,,,,
898,4/26/23 20:15,10.74,-85.41,8.16,,,,
899,4/26/23 20:30,10.74,-85.07,8.16,,,,
900,4/26/23 20:45,10.71,-85.14,8.16,,,,
901,4/26/23 21:00,10.71,-85.47,8.17,,,,
902,4/26/23 21:15,10.69,-87.27,8.2,,,,
903,4/26/23 21:30,10.64,-86.52,8.19,,,,
904,4/26/23 21:45,10.61,-87.63,8.21,,,,
905,4/26/23 22:00,10.57,-87.83,8.21,,,,
906,4/26/23 22:15,10.52,-88.03,8.21,,,,
907,4/26/23 22:30,10.47,-88.02,8.21,,,,
908,4/26/23 22:45,10.39,-88.19,8.22,,,,
909,4/26/23 23:00,10.34,-88.11,8.22,,,,
910,4/26/23 23:15,10.27,-88.13,8.22,,,,
911,4/26/23 23:30,10.22,-87.96,8.21,,,,
912,4/26/23 23:45,10.25,-87.32,8.2,,,,
913,4/27/23 0:00,10.25,-87.16,8.2,,,,
914,4/27/23 0:15,10.22,-86.78,8.19,,,,
915,4/27/23 0:30,10.2,-87.21,8.2,,,,
916,4/27/23 0:45,10.2,-86.78,8.19,,,,
917,4/27/23 1:00,10.17,-86.55,8.19,,,,
918,4/27/23 1:15,10.15,-85.96,8.18,,,,
919,4/27/23 1:30,10.1,-85.6,8.17,,,,
920,4/27/23 1:45,10.12,-84.83,8.16,,,,
921,4/27/23 2:00,10.12,-83.86,8.14,,,,
922,4/27/23 2:15,10.12,-83.46,8.13,,,,
923,4/27/23 2:30,10.12,-82.71,8.12,,,,
924,4/27/23 2:45,10.12,-82.11,8.1,,,,
925,4/27/23 3:00,10.1,-82.03,8.1,,,,
926,4/27/23 3:15,10.1,-82.02,8.1,,,,
927,4/27/23 3:30,10.1,-81.5,8.09,,,,
928,4/27/23 3:45,10.12,-80.99,8.08,,,,
929,4/27/23 4:00,10.12,-80.88,8.08,,,,
930,4/27/23 4:15,10.1,-81.06,8.09,,,,
931,4/27/23 4:30,10.1,-80.92,8.08,,,,
932,4/27/23 4:45,10.08,-81.05,8.09,,,,
933,4/27/23 5:00,10.08,-80.3,8.07,,,,
934,4/27/23 5:15,10.08,-80.33,8.07,,,,
935,4/27/23 5:30,10.08,-80.22,8.07,,,,
936,4/27/23 5:45,10.08,-79.8,8.06,,,,
937,4/27/23 6:00,10.08,-79.97,8.06,,,,
938,4/27/23 6:15,10.1,-80.13,8.07,,,,
939,4/27/23 6:30,10.08,-79.97,8.06,,,,
940,4/27/23 6:45,10.08,-80.36,8.07,,,,
941,4/27/23 7:00,10.08,-80.39,8.07,,,,
942,4/27/23 7:15,10.08,-80.64,8.08,,,,
943,4/27/23 7:30,10.08,-80.71,8.08,,,,
944,4/27/23 7:45,10.08,-80.69,8.08,,,,
945,4/27/23 8:00,10.1,-81.08,8.09,,,,
946,4/27/23 8:15,10.1,-81.28,8.09,,,,
947,4/27/23 8:30,10.1,-82.38,8.11,,,,
948,4/27/23 8:45,10.1,-82.55,8.11,,,,
949,4/27/23 9:00,10.12,-84.21,8.14,,,,
950,4/27/23 9:15,10.12,-85.36,8.17,,,,
951,4/27/23 9:30,10.05,-84.85,8.16,,,,
952,4/27/23 9:45,10,-84.47,8.15,,,,
953,4/27/23 10:00,10.03,-85.13,8.16,,,,
954,4/27/23 10:15,10.03,-86.03,8.18,,,,
955,4/27/23 10:30,10.1,-86.67,8.19,,,,
956,4/27/23 10:45,10.25,-87.19,8.2,,,,
957,4/27/23 11:00,10.66,-82.8,8.12,,,,
958,4/27/23 11:15,10.96,-85.85,8.17,,,,
959,4/27/23 11:30,11.13,-86.92,8.19,,,,
960,4/27/23 11:45,11.22,-88.92,8.23,,,,
961,4/27/23 12:00,11.42,-88.89,8.23,,,,
962,4/27/23 12:15,11.71,-87.52,8.2,,,,
963,4/27/23 12:30,11.9,-87.6,8.2,,,,
964,4/27/23 12:45,11.81,-87.57,8.2,,,,
965,4/27/23 13:00,11.9,-87.5,8.2,,,,
966,4/27/23 13:15,11.95,-87.71,8.2,,,,
967,4/27/23 13:30,11.9,-86.71,8.18,,,,
968,4/27/23 13:45,11.81,-85.72,8.17,,,,
969,4/27/23 14:00,11.83,-85.44,8.16,,,,
970,4/27/23 14:15,11.88,-84.85,8.15,,,,
971,4/27/23 14:30,11.93,-84.25,8.14,,,,
972,4/27/23 14:45,11.95,-84.38,8.14,,,,
973,4/27/23 15:00,11.98,-83.83,8.13,,,,
974,4/27/23 15:15,11.95,-86.22,8.17,,,,
975,4/27/23 15:30,11.95,-87.58,8.2,,,,
976,4/27/23 15:45,11.93,-88.74,8.22,,,,
977,4/27/23 16:00,11.9,-89.1,8.23,,,,
978,4/27/23 16:15,11.81,-89.39,8.23,,,,
979,4/27/23 16:30,11.71,-89.22,8.23,,,,
980,4/27/23 16:45,11.69,-89.08,8.23,,,,
981,4/27/23 17:00,11.78,-89.5,8.24,,,,
982,4/27/23 17:15,11.88,-89.67,8.24,,,,
983,4/27/23 17:30,11.83,-88.88,8.23,,,,
984,4/27/23 17:45,11.81,-88.91,8.23,,,,
985,4/27/23 18:00,11.83,-89.13,8.23,,,,
986,4/27/23 18:15,11.86,-89.1,8.23,,,,
987,4/27/23 18:30,11.86,-88.89,8.23,,,,
988,4/27/23 18:45,11.88,-89.1,8.23,,,,
989,4/27/23 19:00,11.88,-89.36,8.23,,,,
990,4/27/23 19:15,11.93,-89.36,8.23,,,,
991,4/27/23 19:30,11.93,-89.58,8.24,,,,
992,4/27/23 19:45,11.93,-89.19,8.23,,,,
993,4/27/23 20:00,12.1,-89.32,8.23,,,,
994,4/27/23 20:15,12.19,-88.99,8.23,,,,
995,4/27/23 20:30,12.44,-89.35,8.23,,,,
996,4/27/23 20:45,12.41,-89.3,8.23,,,,
997,4/27/23 21:00,12.36,-89.27,8.23,,,,
998,4/27/23 21:15,12.51,-89.5,8.23,,,,
999,4/27/23 21:30,12.56,-89.22,8.23,,,,
1000,4/27/23 21:45,12.58,-89.14,8.23,,,,
1001,4/27/23 22:00,12.65,-89.22,8.23,,,,
1002,4/27/23 22:15,12.61,-89.42,8.23,,,,
1003,4/27/23 22:30,12.56,-89.17,8.23,,,,
1004,4/27/23 22:45,12.51,-88.91,8.22,,,,
1005,4/27/23 23:00,12.41,-88.39,8.21,,,,
1006,4/27/23 23:15,12.24,-88.22,8.21,,,,
1007,4/27/23 23:30,12.1,-87.74,8.2,,,,
1008,4/27/23 23:45,11.98,-87.41,8.2,,,,
1009,4/28/23 0:00,11.88,-87.24,8.19,,,,
1010,4/28/23 0:15,11.88,-87.22,8.19,,,,
1011,4/28/23 0:30,11.71,-87.35,8.2,,,,
1012,4/28/23 0:45,11.71,-87.33,8.2,,,,
1013,4/28/23 1:00,11.69,-87.47,8.2,,,,
1014,4/28/23 1:15,11.71,-87.28,8.2,,,,
1015,4/28/23 1:30,11.69,-87.11,8.19,,,,
1016,4/28/23 1:45,11.69,-86.75,8.19,,,,
1017,4/28/23 2:00,11.71,-85.82,8.17,,,,
1018,4/28/23 2:15,11.71,-85,8.15,,,,
1019,4/28/23 2:30,11.73,-83.32,8.12,,,,
1020,4/28/23 2:45,11.69,-80.64,8.07,,,,
1021,4/28/23 3:00,11.61,-78.21,8.03,,,,
1022,4/28/23 3:15,11.59,-76.77,8,,,,
1023,4/28/23 3:30,11.54,-76.22,7.99,,,,
1024,4/28/23 3:45,11.49,-74.85,7.96,,,,
1025,4/28/23 4:00,11.42,-74.53,7.96,,,,
1026,4/28/23 4:15,11.35,-73.72,7.94,,,,
1027,4/28/23 4:30,11.3,-72.58,7.92,,,,
1028,4/28/23 4:45,11.27,-73.47,7.94,,,,
1029,4/28/23 5:00,11.25,-73.16,7.93,,,,
1030,4/28/23 5:15,11.22,-71.96,7.91,,,,
1031,4/28/23 5:30,11.15,-71.31,7.9,,,,
1032,4/28/23 5:45,11.13,-71.1,7.89,,,,
1033,4/28/23 6:00,11.1,-70.33,7.88,,,,
1034,4/28/23 6:15,11.1,-70.88,7.89,,,,
1035,4/28/23 6:30,11.1,-70.91,7.89,,,,
1036,4/28/23 6:45,11.1,-70.24,7.88,,,,
1037,4/28/23 7:00,11.1,-69.88,7.87,,,,
1038,4/28/23 7:15,11.1,-71.63,7.9,,,,
1039,4/28/23 7:30,11.1,-72.39,7.92,,,,
1040,4/28/23 7:45,11.13,-72.28,7.92,,,,
1041,4/28/23 8:00,11.13,-71.08,7.89,,,,
1042,4/28/23 8:15,11.15,-72.06,7.91,,,,
1043,4/28/23 8:30,11.18,-71.17,7.9,,,,
1044,4/28/23 8:45,11.2,-71.52,7.9,,,,
1045,4/28/23 9:00,11.25,-70.86,7.89,,,,
1046,4/28/23 9:15,11.3,-73.22,7.93,,,,
1047,4/28/23 9:30,11.35,-73.88,7.95,,,,
1048,4/28/23 9:45,11.39,-74.42,7.96,,,,
1049,4/28/23 10:00,11.44,-73.97,7.95,,,,
1050,4/28/23 10:15,11.52,-74.99,7.97,,,,
1051,4/28/23 10:30,11.64,-75.96,7.98,,,,
1052,4/28/23 10:45,11.76,-76.86,8,,,,
1053,4/28/23 11:00,11.95,-76.3,7.99,,,,
1054,4/28/23 11:15,12.27,-75.44,7.97,,,,
1055,4/28/23 11:30,12.63,-75.02,7.96,,,,
1056,4/28/23 11:45,13.18,-76.71,7.99,,,,
1057,4/28/23 12:00,13.67,-78.13,8.02,,,,
1058,4/28/23 12:15,14.27,-80.69,8.06,,,,
1059,4/28/23 12:30,13.69,-79.46,8.04,,,,
1060,4/28/23 12:45,13.93,-79.58,8.04,,,,
1061,4/28/23 13:00,14.15,-80.8,8.07,,,,
1062,4/28/23 13:15,14.46,-83.67,8.12,,,,
1063,4/28/23 13:30,14.36,-81.81,8.08,,,,
1064,4/28/23 13:45,14.12,-79.55,8.04,,,,
1065,4/28/23 14:00,14.36,-79.53,8.04,,,,
1066,4/28/23 14:15,14.29,-80.05,8.05,,,,
1067,4/28/23 14:30,14.07,-79.3,8.04,,,,
1068,4/28/23 14:45,14.03,-81.17,8.07,,,,
1069,4/28/23 15:00,14,-79.52,8.04,,,,
1070,4/28/23 15:15,13.88,-79.97,8.05,,,,
1071,4/28/23 15:30,13.79,-80.35,8.06,,,,
1072,4/28/23 15:45,13.69,-80.24,8.06,,,,
1073,4/28/23 16:00,13.45,-79.02,8.03,,,,
1074,4/28/23 16:15,13.35,-78.78,8.03,,,,
1075,4/28/23 16:30,13.26,-79.11,8.04,,,,
1076,4/28/23 16:45,13.21,-80.17,8.06,,,,
1077,4/28/23 17:00,13.14,-78.61,8.03,,,,
1078,4/28/23 17:15,12.97,-78.56,8.03,,,,
1079,4/28/23 17:30,12.87,-78.63,8.03,,,,
1080,4/28/23 17:45,12.82,-77.63,8.01,,,,
1081,4/28/23 18:00,12.8,-78.67,8.03,,,,
1082,4/28/23 18:15,12.77,-78.35,8.02,,,,
1083,4/28/23 18:30,12.77,-79.06,8.04,,,,
1084,4/28/23 18:45,12.8,-79,8.04,,,,
1085,4/28/23 19:00,12.85,-78.78,8.03,,,,
1086,4/28/23 19:15,12.85,-79.56,8.05,,,,
1087,4/28/23 19:30,12.85,-78.24,8.02,,,,
1088,4/28/23 19:45,12.82,-78.22,8.02,,,,
1089,4/28/23 20:00,12.87,-77.52,8.01,,,,
1090,4/28/23 20:15,13.11,-78.64,8.03,,,,
1091,4/28/23 20:30,13.16,-78.05,8.02,,,,
1092,4/28/23 20:45,13.16,-77.63,8.01,,,,
1093,4/28/23 21:00,13.14,-76.85,8,,,,
1094,4/28/23 21:15,13.09,-76.24,7.98,,,,
1095,4/28/23 21:30,13.09,-75.91,7.98,,,,
1096,4/28/23 21:45,13.09,-79.11,8.04,,,,
1097,4/28/23 22:00,13.09,-81.02,8.07,,,,
1098,4/28/23 22:15,13.06,-82.53,8.1,,,,
1099,4/28/23 22:30,13.02,-80.67,8.07,,,,
1100,4/28/23 22:45,12.99,-80.69,8.07,,,,
1101,4/28/23 23:00,12.94,-79.6,8.05,,,,
1102,4/28/23 23:15,12.9,-78.75,8.03,,,,
1103,4/28/23 23:30,12.85,-78.35,8.02,,,,
1104,4/28/23 23:45,12.8,-79.08,8.04,,,,
1105,4/29/23 0:00,12.77,-80.36,8.06,,,,
1106,4/29/23 0:15,12.73,-81.25,8.08,,,,
1107,4/29/23 0:30,12.7,-80.38,8.06,,,,
1108,4/29/23 0:45,12.65,-79.31,8.04,,,,
1109,4/29/23 1:00,12.61,-78.28,8.02,,,,
1110,4/29/23 1:15,12.56,-77.16,8,,,,
1111,4/29/23 1:30,12.53,-77,8,,,,
1112,4/29/23 1:45,12.49,-76.91,8,,,,
1113,4/29/23 2:00,12.44,-76.61,7.99,,,,
1114,4/29/23 2:15,12.44,-73.06,7.93,,,,
1115,4/29/23 2:30,12.39,-71.36,7.89,,,,
1116,4/29/23 2:45,12.39,-70.14,7.87,,,,
1117,4/29/23 3:00,12.34,-68.88,7.85,,,,
1118,4/29/23 3:15,12.32,-69.44,7.86,,,,
1119,4/29/23 3:30,12.32,-69.19,7.85,,,,
1120,4/29/23 3:45,12.29,-71.25,7.89,,,,
1121,4/29/23 4:00,12.27,-70.88,7.89,,,,
1122,4/29/23 4:15,12.29,-69.88,7.87,,,,
1123,4/29/23 4:30,12.27,-70.85,7.89,,,,
1124,4/29/23 4:45,12.27,-71.08,7.89,,,,
1125,4/29/23 5:00,12.27,-71.14,7.89,,,,
1126,4/29/23 5:15,12.27,-70.24,7.87,,,,
1127,4/29/23 5:30,12.24,-71.41,7.9,,,,
1128,4/29/23 5:45,12.22,-70.31,7.88,,,,
1129,4/29/23 6:00,12.17,-69.13,7.85,,,,
1130,4/29/23 6:15,12.12,-70.1,7.87,,,,
1131,4/29/23 6:30,12.05,-69.97,7.87,,,,
1132,4/29/23 6:45,11.95,-72.11,7.91,,,,
1133,4/29/23 7:00,11.9,-72.52,7.92,,,,
1134,4/29/23 7:15,11.9,-73.03,7.93,,,,
1135,4/29/23 7:30,11.88,-74.81,7.96,,,,
1136,4/29/23 7:45,11.88,-73.86,7.94,,,,
1137,4/29/23 8:00,11.93,-73.17,7.93,,,,
1138,4/29/23 8:15,11.93,-73.91,7.94,,,,
1139,4/29/23 8:30,11.9,-76.46,7.99,,,,
1140,4/29/23 8:45,11.88,-77.78,8.02,,,,
1141,4/29/23 9:00,11.88,-78.22,8.03,,,,
1142,4/29/23 9:15,11.93,-79.35,8.05,,,,
1143,4/29/23 9:30,12,-79.44,8.05,,,,
1144,4/29/23 9:45,12.05,-80.11,8.06,,,,
1145,4/29/23 10:00,12.1,-79.91,8.06,,,,
1146,4/29/23 10:15,12.15,-80.89,8.07,,,,
1147,4/29/23 10:30,12.24,-80.5,8.07,,,,
1148,4/29/23 10:45,12.32,-81.21,8.08,,,,
1149,4/29/23 11:00,12.39,-81.17,8.08,,,,
1150,4/29/23 11:15,12.46,-81.92,8.09,,,,
1151,4/29/23 11:30,12.51,-82.25,8.1,,,,
1152,4/29/23 11:45,12.63,-82.88,8.11,,,,
1153,4/29/23 12:00,12.73,-83.5,8.12,,,,
1154,4/29/23 12:15,12.85,-83.5,8.12,,,,
1155,4/29/23 12:30,12.94,-84.3,8.13,,,,
1156,4/29/23 12:45,13.06,-85.08,8.15,,,,
1157,4/29/23 13:00,13.16,-85.41,8.15,,,,
1158,4/29/23 13:15,13.18,-86.11,8.17,,,,
1159,4/29/23 13:30,13.18,-85.92,8.16,,,,
1160,4/29/23 13:45,13.14,-85.82,8.16,,,,
1161,4/29/23 14:00,13.06,-85.16,8.15,,,,
1162,4/29/23 14:15,13.02,-84.96,8.15,,,,
1163,4/29/23 14:30,12.94,-84.78,8.14,,,,
1164,4/29/23 14:45,12.87,-84.58,8.14,,,,
1165,4/29/23 15:00,12.85,-85.02,8.15,,,,
1166,4/29/23 15:15,12.8,-85.24,8.15,,,,
1167,4/29/23 15:30,12.73,-85.64,8.16,,,,
1168,4/29/23 15:45,12.73,-86.07,8.17,,,,
1169,4/29/23 16:00,12.7,-86.32,8.17,,,,
1170,4/29/23 16:15,12.68,-87.17,8.19,,,,
1171,4/29/23 16:30,12.65,-87.08,8.19,,,,
1172,4/29/23 16:45,12.56,-87.16,8.19,,,,
1173,4/29/23 17:00,12.49,-86.55,8.18,,,,
1174,4/29/23 17:15,12.46,-86.5,8.18,,,,
1175,4/29/23 17:30,12.41,-86.17,8.17,,,,
1176,4/29/23 17:45,12.34,-86.05,8.17,,,,
1177,4/29/23 18:00,12.27,-85.24,8.16,,,,
1178,4/29/23 18:15,12.17,-84.47,8.14,,,,
1179,4/29/23 18:30,12.15,-84.5,8.14,,,,
1180,4/29/23 18:45,12.07,-83.72,8.13,,,,
1181,4/29/23 19:00,12.03,-83.63,8.13,,,,
1182,4/29/23 19:15,12,-82.63,8.11,,,,
1183,4/29/23 19:30,12,-82.5,8.1,,,,
1184,4/29/23 19:45,12,-82.22,8.1,,,,
1185,4/29/23 20:00,12,-82.63,8.11,,,,
1186,4/29/23 20:15,11.98,-82.33,8.1,,,,
1187,4/29/23 20:30,11.98,-82.32,8.1,,,,
1188,4/29/23 20:45,11.98,-82.03,8.1,,,,
1189,4/29/23 21:00,11.98,-82.11,8.1,,,,
1190,4/29/23 21:15,11.98,-81.8,8.09,,,,
1191,4/29/23 21:30,12,-82.14,8.1,,,,
1192,4/29/23 21:45,12.03,-81.89,8.09,,,,
1193,4/29/23 22:00,12.1,-81.64,8.09,,,,
1194,4/29/23 22:15,12.15,-81.75,8.09,,,,
1195,4/29/23 22:30,12.15,-81.77,8.09,,,,
1196,4/29/23 22:45,12.12,-81.66,8.09,,,,
1197,4/29/23 23:00,12.12,-81.58,8.09,,,,
1198,4/29/23 23:15,12.1,-81.5,8.09,,,,
1199,4/29/23 23:30,12.1,-80.97,8.08,,,,
1200,4/29/23 23:45,12.07,-81.27,8.08,,,,
1201,4/30/23 0:00,12.05,-81.17,8.08,,,,
1202,4/30/23 0:15,12.03,-81.72,8.09,,,,
1203,4/30/23 0:30,11.98,-81.78,8.09,,,,
1204,4/30/23 0:45,11.95,-81.72,8.09,,,,
1205,4/30/23 1:00,11.9,-81.46,8.09,,,,
1206,4/30/23 1:15,11.86,-81.28,8.08,,,,
1207,4/30/23 1:30,11.83,-80.99,8.08,,,,
1208,4/30/23 1:45,11.81,-80.66,8.07,,,,
1209,4/30/23 2:00,11.76,-80.47,8.07,,,,
1210,4/30/23 2:15,11.73,-80.49,8.07,,,,
1211,4/30/23 2:30,11.66,-80.39,8.07,,,,
1212,4/30/23 2:45,11.56,-80.21,8.06,,,,
1213,4/30/23 3:00,11.49,-80.02,8.06,,,,
1214,4/30/23 3:15,11.44,-80.05,8.06,,,,
1215,4/30/23 3:30,11.39,-80.16,8.06,,,,
1216,4/30/23 3:45,11.37,-79.71,8.05,,,,
1217,4/30/23 4:00,11.35,-79.58,8.05,,,,
1218,4/30/23 4:15,11.27,-79.63,8.05,,,,
1219,4/30/23 4:30,11.13,-79.77,8.06,,,,
1220,4/30/23 4:45,11.05,-79.63,8.05,,,,
1221,4/30/23 5:00,11.05,-79.72,8.06,,,,
1222,4/30/23 5:15,11.08,-79.16,8.05,,,,
1223,4/30/23 5:30,11,-79.44,8.05,,,,
1224,4/30/23 5:45,10.98,-79.46,8.05,,,,
1225,4/30/23 6:00,10.98,-79.31,8.05,,,,
1226,4/30/23 6:15,11,-79.05,8.04,,,,
1227,4/30/23 6:30,11,-78.86,8.04,,,,
1228,4/30/23 6:45,10.96,-78.97,8.04,,,,
1229,4/30/23 7:00,10.91,-79.08,8.04,,,,
1230,4/30/23 7:15,10.88,-79.1,8.05,,,,
1231,4/30/23 7:30,10.86,-78.85,8.04,,,,
1232,4/30/23 7:45,10.83,-79.49,8.05,,,,
1233,4/30/23 8:00,10.81,-79.27,8.05,,,,
1234,4/30/23 8:15,10.79,-79.69,8.06,,,,
1235,4/30/23 8:30,10.79,-79.64,8.06,,,,
1236,4/30/23 8:45,10.79,-79.55,8.05,,,,
1237,4/30/23 9:00,10.81,-79.5,8.05,,,,
1238,4/30/23 9:15,10.83,-79.86,8.06,,,,
1239,4/30/23 9:30,10.88,-79.69,8.06,,,,
1240,4/30/23 9:45,10.91,-79.99,8.06,,,,
1241,4/30/23 10:00,10.93,-79.74,8.06,,,,
1242,4/30/23 10:15,10.96,-79.49,8.05,,,,
1243,4/30/23 10:30,10.96,-79.46,8.05,,,,
1244,4/30/23 10:45,10.98,-79.49,8.05,,,,
1245,4/30/23 11:00,11,-79.77,8.06,,,,
1246,4/30/23 11:15,11.03,-79.81,8.06,,,,
1247,4/30/23 11:30,11.05,-80.35,8.07,,,,
1248,4/30/23 11:45,11.1,-80.25,8.07,,,,
1249,4/30/23 12:00,11.15,-80.33,8.07,,,,
1250,4/30/23 12:15,11.18,-80.36,8.07,,,,
1251,4/30/23 12:30,11.2,-80.17,8.06,,,,
1252,4/30/23 12:45,11.22,-80.35,8.07,,,,
1253,4/30/23 13:00,11.25,-80.06,8.06,,,,
1254,4/30/23 13:15,11.3,-80.31,8.07,,,,
1255,4/30/23 13:30,11.35,-80.27,8.07,,,,
1256,4/30/23 13:45,11.39,-80.14,8.06,,,,
1257,4/30/23 14:00,11.44,-80.3,8.07,,,,
1258,4/30/23 14:15,11.49,-80.71,8.07,,,,
1259,4/30/23 14:30,11.54,-80.89,8.08,,,,
1260,4/30/23 14:45,11.59,-81.08,8.08,,,,
1261,4/30/23 15:00,11.61,-81.41,8.09,,,,
1262,4/30/23 15:15,11.66,-81.72,8.09,,,,
1263,4/30/23 15:30,11.69,-81.88,8.09,,,,
1264,4/30/23 15:45,11.69,-82.24,8.1,,,,
1265,4/30/23 16:00,11.71,-82.63,8.11,,,,
1266,4/30/23 16:15,11.71,-83.13,8.12,,,,
1267,4/30/23 16:30,11.73,-83.8,8.13,,,,
1268,4/30/23 16:45,11.73,-83.85,8.13,,,,
1269,4/30/23 17:00,11.76,-83.99,8.13,,,,
1270,4/30/23 17:15,11.76,-83.88,8.13,,,,
1271,4/30/23 17:30,11.76,-84.35,8.14,,,,
1272,4/30/23 17:45,11.78,-84.05,8.13,,,,
1273,4/30/23 18:00,11.78,-83.69,8.13,,,,
1274,4/30/23 18:15,11.78,-83.89,8.13,,,,
1275,4/30/23 18:30,11.81,-83.78,8.13,,,,
1276,4/30/23 18:45,11.83,-83.3,8.12,,,,
1277,4/30/23 19:00,11.83,-83.11,8.12,,,,
1278,4/30/23 19:15,11.81,-83.19,8.12,,,,
1279,4/30/23 19:30,11.78,-82.82,8.11,,,,
1280,4/30/23 19:45,11.73,-82.55,8.11,,,,
1281,4/30/23 20:00,11.71,-82.05,8.1,,,,
1282,4/30/23 20:15,11.64,-81.99,8.1,,,,
1283,4/30/23 20:30,11.61,-82.33,8.1,,,,
1284,4/30/23 20:45,11.64,-82.11,8.1,,,,
1285,4/30/23 21:00,11.69,-81.53,8.09,,,,
1286,4/30/23 21:15,11.66,-81.46,8.09,,,,
1287,4/30/23 21:30,11.64,-81.22,8.08,,,,
1288,4/30/23 21:45,11.56,-81.24,8.08,,,,
1289,4/30/23 22:00,11.52,-81.05,8.08,,,,
1290,4/30/23 22:15,11.52,-80.85,8.08,,,,
1291,4/30/23 22:30,11.52,-81.06,8.08,,,,
1292,4/30/23 22:45,11.52,-80.99,8.08,,,,
1293,4/30/23 23:00,11.59,-80.88,8.08,,,,
1294,4/30/23 23:15,11.66,-80.92,8.08,,,,
1295,4/30/23 23:30,11.69,-81.19,8.08,,,,
1296,4/30/23 23:45,11.61,-81.14,8.08,,,,
1297,5/1/23 0:00,11.56,-81.41,8.09,,,,
1298,5/1/23 0:15,11.54,-81.6,8.09,,,,
1299,5/1/23 0:30,11.32,-82.19,8.1,,,,
1300,5/1/23 0:45,11.2,-81.72,8.09,,,,
1301,5/1/23 1:00,11.2,-81.74,8.09,,,,
1302,5/1/23 1:15,11.2,-81.75,8.09,,,,
1303,5/1/23 1:30,11.18,-81.49,8.09,,,,
1304,5/1/23 1:45,11.25,-81.47,8.09,,,,
1305,5/1/23 2:00,11.37,-81.27,8.08,,,,
1306,5/1/23 2:15,11.37,-80.99,8.08,,,,
1307,5/1/23 2:30,11.39,-80.52,8.07,,,,
1308,5/1/23 2:45,11.42,-80.08,8.06,,,,
1309,5/1/23 3:00,11.44,-80.22,8.06,,,,
1310,5/1/23 3:15,11.44,-80.17,8.06,,,,
1311,5/1/23 3:30,11.44,-79.99,8.06,,,,
1312,5/1/23 3:45,11.42,-80.17,8.06,,,,
1313,5/1/23 4:00,11.42,-79.92,8.06,,,,
1314,5/1/23 4:15,11.37,-79.99,8.06,,,,
1315,5/1/23 4:30,11.32,-79.88,8.06,,,,
1316,5/1/23 4:45,11.32,-79.71,8.06,,,,
1317,5/1/23 5:00,11.3,-79.25,8.05,,,,
1318,5/1/23 5:15,11.3,-79.53,8.05,,,,
1319,5/1/23 5:30,11.27,-79.35,8.05,,,,
1320,5/1/23 5:45,11.22,-78.55,8.03,,,,
1321,5/1/23 6:00,11.2,-78.81,8.04,,,,
1322,5/1/23 6:15,11.18,-78.81,8.04,,,,
1323,5/1/23 6:30,11.15,-78.64,8.04,,,,
1324,5/1/23 6:45,11.15,-78.85,8.04,,,,
1325,5/1/23 7:00,11.18,-78.81,8.04,,,,
1326,5/1/23 7:15,11.18,-78.17,8.03,,,,
1327,5/1/23 7:30,11.2,-78.16,8.03,,,,
1328,5/1/23 7:45,11.2,-78.14,8.03,,,,
1329,5/1/23 8:00,11.2,-78.97,8.04,,,,
1330,5/1/23 8:15,11.2,-78.85,8.04,,,,
1331,5/1/23 8:30,11.22,-79.31,8.05,,,,
1332,5/1/23 8:45,11.22,-78.94,8.04,,,,
1333,5/1/23 9:00,11.27,-79.02,8.04,,,,
1334,5/1/23 9:15,11.32,-79.3,8.05,,,,
1335,5/1/23 9:30,11.39,-79.17,8.04,,,,
1336,5/1/23 9:45,11.47,-79.21,8.05,,,,
1337,5/1/23 10:00,11.54,-79.22,8.05,,,,
1338,5/1/23 10:15,11.49,-79.44,8.05,,,,
1339,5/1/23 10:30,11.52,-79.55,8.05,,,,
1340,5/1/23 10:45,11.64,-79.49,8.05,,,,
1341,5/1/23 11:00,11.81,-79.21,8.04,,,,
1342,5/1/23 11:15,11.78,-79.46,8.05,,,,
1343,5/1/23 11:30,11.9,-79.49,8.05,,,,
1344,5/1/23 11:45,12.12,-78.3,8.03,,,,
1345,5/1/23 12:00,12.32,-77.5,8.01,,,,
1346,5/1/23 12:15,12.49,-77,8,,,,
1347,5/1/23 12:30,12.63,-76.99,8,,,,
1348,5/1/23 12:45,12.73,-77.77,8.01,,,,
1349,5/1/23 13:00,12.87,-78,8.02,,,,
1350,5/1/23 13:15,13.09,-78.13,8.02,,,,
1351,5/1/23 13:30,13.35,-78.33,8.02,,,,
1352,5/1/23 13:45,13.62,-78.74,8.03,,,,
1353,5/1/23 14:00,13.79,-78.92,8.03,,,,
1354,5/1/23 14:15,14.07,-79.39,8.04,,,,
1355,5/1/23 14:30,14.29,-80.11,8.05,,,,
1356,5/1/23 14:45,14.41,-80.52,8.06,,,,
1357,5/1/23 15:00,14.51,-80.92,8.07,,,,
1358,5/1/23 15:15,14.65,-81.1,8.07,,,,
1359,5/1/23 15:30,14.79,-81.99,8.08,,,,
1360,5/1/23 15:45,14.96,-82.58,8.1,,,,
1361,5/1/23 16:00,14.98,-82.02,8.08,,,,
1362,5/1/23 16:15,14.96,-82.21,8.09,,,,
1363,5/1/23 16:30,15.03,-82.83,8.1,,,,
1364,5/1/23 16:45,15.01,-83.38,8.11,,,,
1365,5/1/23 17:00,15.15,-83.64,8.11,,,,
1366,5/1/23 17:15,15.13,-83.94,8.12,,,,
1367,5/1/23 17:30,15.06,-83.6,8.11,,,,
1368,5/1/23 17:45,14.96,-84.33,8.13,,,,
1369,5/1/23 18:00,14.94,-84.42,8.13,,,,
1370,5/1/23 18:15,14.79,-84.27,8.13,,,,
1371,5/1/23 18:30,14.29,-81.02,8.07,,,,
1372,5/1/23 18:45,14.07,-80.55,8.06,,,,
1373,5/1/23 19:00,13.98,-79.89,8.05,,,,
1374,5/1/23 19:15,13.95,-79.96,8.05,,,,
1375,5/1/23 19:30,13.95,-79.81,8.05,,,,
1376,5/1/23 19:45,13.95,-80.41,8.06,,,,
1377,5/1/23 20:00,13.93,-80.71,8.06,,,,
1378,5/1/23 20:15,13.88,-80.92,8.07,,,,
1379,5/1/23 20:30,13.79,-80.71,8.06,,,,
1380,5/1/23 20:45,13.62,-80.8,8.07,,,,
1381,5/1/23 21:00,13.62,-79.66,8.05,,,,
1382,5/1/23 21:15,13.62,-78.77,8.03,,,,
1383,5/1/23 21:30,13.57,-77.53,8.01,,,,
1384,5/1/23 21:45,13.55,-76.8,7.99,,,,
1385,5/1/23 22:00,13.52,-76.41,7.99,,,,
1386,5/1/23 22:15,13.52,-77.02,8,,,,
1387,5/1/23 22:30,13.5,-77.25,8,,,,
1388,5/1/23 22:45,13.5,-77.22,8,,,,
1389,5/1/23 23:00,13.5,-77.49,8.01,,,,
1390,5/1/23 23:15,13.5,-78.02,8.02,,,,
1391,5/1/23 23:30,13.52,-77.25,8,,,,
1392,5/1/23 23:45,13.52,-77.64,8.01,,,,
1393,5/2/23 0:00,13.52,-77.24,8,,,,
1394,5/2/23 0:15,13.55,-77.56,8.01,,,,
1395,5/2/23 0:30,13.57,-77.49,8.01,,,,
1396,5/2/23 0:45,13.59,-77.05,8,,,,
1397,5/2/23 1:00,13.62,-76.53,7.99,,,,
1398,5/2/23 1:15,13.62,-76.77,7.99,,,,
1399,5/2/23 1:30,13.55,-76.92,8,,,,
1400,5/2/23 1:45,13.45,-77.39,8,,,,
1401,5/2/23 2:00,13.43,-77.35,8,,,,
1402,5/2/23 2:15,13.45,-77.44,8,,,,
1403,5/2/23 2:30,13.47,-78.03,8.02,,,,
1404,5/2/23 2:45,13.43,-77.86,8.01,,,,
1405,5/2/23 3:00,13.23,-77.24,8,,,,
1406,5/2/23 3:15,12.9,-76.36,7.99,,,,
1407,5/2/23 3:30,12.8,-76.22,7.98,,,,
1408,5/2/23 3:45,12.8,-76.41,7.99,,,,
1409,5/2/23 4:00,12.75,-76.08,7.98,,,,
1410,5/2/23 4:15,12.53,-74.83,7.96,,,,
1411,5/2/23 4:30,12.65,-75.44,7.97,,,,
1412,5/2/23 4:45,12.41,-73.86,7.94,,,,
1413,5/2/23 5:00,12.36,-74.06,7.95,,,,
1414,5/2/23 5:15,12.34,-75.24,7.97,,,,
1415,5/2/23 5:30,12.34,-75.55,7.97,,,,
1416,5/2/23 5:45,12.34,-75.63,7.97,,,,
1417,5/2/23 6:00,12.34,-75.77,7.98,,,,
1418,5/2/23 6:15,12.32,-76.21,7.99,,,,
1419,5/2/23 6:30,12.32,-76.13,7.98,,,,
1420,5/2/23 6:45,12.34,-76.47,7.99,,,,
1421,5/2/23 7:00,12.29,-76.41,7.99,,,,
1422,5/2/23 7:15,12.24,-76.33,7.99,,,,
1423,5/2/23 7:30,12.17,-76.41,7.99,,,,
1424,5/2/23 7:45,12.15,-76.27,7.99,,,,
1425,5/2/23 8:00,12.12,-76.46,7.99,,,,
1426,5/2/23 8:15,12.15,-77.05,8,,,,
1427,5/2/23 8:30,12.19,-76.99,8,,,,
1428,5/2/23 8:45,12.22,-76.41,7.99,,,,
1429,5/2/23 9:00,12.19,-76.27,7.99,,,,
1430,5/2/23 9:15,12.22,-76.08,7.98,,,,
1431,5/2/23 9:30,12.27,-75.74,7.98,,,,
1432,5/2/23 9:45,12.32,-74.83,7.96,,,,
1433,5/2/23 10:00,12.39,-74.46,7.95,,,,
1434,5/2/23 10:15,12.46,-74.11,7.95,,,,
1435,5/2/23 10:30,12.56,-73.77,7.94,,,,
1436,5/2/23 10:45,12.68,-73.03,7.93,,,,
1437,5/2/23 11:00,12.77,-74.42,7.95,,,,
1438,5/2/23 11:15,12.85,-74.88,7.96,,,,
1439,5/2/23 11:30,12.99,-75.42,7.97,,,,
1440,5/2/23 11:45,13.09,-77.44,8.01,,,,
1441,5/2/23 12:00,13.14,-78.94,8.03,,,,
1442,5/2/23 12:15,13.35,-79.56,8.04,,,,
1443,5/2/23 12:30,13.5,-80.39,8.06,,,,
1444,5/2/23 12:45,13.57,-80.41,8.06,,,,
1445,5/2/23 13:00,13.64,-79.96,8.05,,,,
1446,5/2/23 13:15,13.67,-80.28,8.06,,,,
1447,5/2/23 13:30,13.71,-80.46,8.06,,,,
1448,5/2/23 13:45,13.74,-80.46,8.06,,,,
1449,5/2/23 14:00,13.71,-80.35,8.06,,,,
1450,5/2/23 14:15,13.69,-80.44,8.06,,,,
1451,5/2/23 14:30,13.69,-81.61,8.08,,,,
1452,5/2/23 14:45,13.79,-82.27,8.09,,,,
1453,5/2/23 15:00,13.69,-81.61,8.08,,,,
1454,5/2/23 15:15,13.52,-80.96,8.07,,,,
1455,5/2/23 15:30,13.52,-81.42,8.08,,,,
1456,5/2/23 15:45,13.52,-81.86,8.09,,,,
1457,5/2/23 16:00,13.59,-82.55,8.1,,,,
1458,5/2/23 16:15,13.64,-83.49,8.12,,,,
1459,5/2/23 16:30,13.74,-83.96,8.13,,,,
1460,5/2/23 16:45,13.71,-83.88,8.12,,,,
1461,5/2/23 17:00,13.67,-83.38,8.11,,,,
1462,5/2/23 17:15,13.69,-83.97,8.13,,,,
1463,5/2/23 17:30,13.69,-84.42,8.13,,,,
1464,5/2/23 17:45,13.67,-84.25,8.13,,,,
1465,5/2/23 18:00,13.64,-84.96,8.14,,,,
1466,5/2/23 18:15,13.55,-86.91,8.18,,,,
1467,5/2/23 18:30,13.57,-84.33,8.13,,,,
1468,5/2/23 18:45,13.55,-84.19,8.13,,,,
1469,5/2/23 19:00,13.52,-83.67,8.12,,,,
1470,5/2/23 19:15,13.5,-83.89,8.13,,,,
1471,5/2/23 19:30,13.45,-83.24,8.11,,,,
1472,5/2/23 19:45,13.35,-82.72,8.1,,,,
1473,5/2/23 20:00,13.23,-82.16,8.09,,,,
1474,5/2/23 20:15,13.23,-81.47,8.08,,,,
1475,5/2/23 20:30,13.21,-81.46,8.08,,,,
1476,5/2/23 20:45,13.11,-80.44,8.06,,,,
1477,5/2/23 21:00,13.04,-80.27,8.06,,,,
1478,5/2/23 21:15,13.02,-79.75,8.05,,,,
1479,5/2/23 21:30,12.99,-79.06,8.04,,,,
1480,5/2/23 21:45,12.99,-78.24,8.02,,,,
1481,5/2/23 22:00,12.97,-78.1,8.02,,,,
1482,5/2/23 22:15,12.97,-78.39,8.02,,,,
1483,5/2/23 22:30,12.92,-78.41,8.02,,,,
1484,5/2/23 22:45,12.92,-78.24,8.02,,,,
1485,5/2/23 23:00,12.9,-78.11,8.02,,,,
1486,5/2/23 23:15,12.87,-78.39,8.02,,,,
1487,5/2/23 23:30,12.87,-77.94,8.02,,,,
1488,5/2/23 23:45,12.9,-77.99,8.02,,,,
1489,5/3/23 0:00,12.92,-77.69,8.01,,,,
1490,5/3/23 0:15,13.02,-77.99,8.02,,,,
1491,5/3/23 0:30,13.06,-78.08,8.02,,,,
1492,5/3/23 0:45,13.09,-78.21,8.02,,,,
1493,5/3/23 1:00,13.04,-78.53,8.03,,,,
1494,5/3/23 1:15,12.97,-78.22,8.02,,,,
1495,5/3/23 1:30,12.85,-78.3,8.02,,,,
1496,5/3/23 1:45,12.77,-78.11,8.02,,,,
1497,5/3/23 2:00,12.73,-77.31,8.01,,,,
1498,5/3/23 2:15,12.68,-76.6,7.99,,,,
1499,5/3/23 2:30,12.65,-76.6,7.99,,,,
1500,5/3/23 2:45,12.61,-76.88,8,,,,
1501,5/3/23 3:00,12.53,-76.92,8,,,,
1502,5/3/23 3:15,12.41,-77.13,8,,,,
1503,5/3/23 3:30,12.36,-76.75,8,,,,
1504,5/3/23 3:45,12.29,-76.42,7.99,,,,
1505,5/3/23 4:00,12.24,-75.83,7.98,,,,
1506,5/3/23 4:15,12.17,-75.41,7.97,,,,
1507,5/3/23 4:30,12.15,-74.86,7.96,,,,
1508,5/3/23 4:45,12.1,-75.17,7.97,,,,
1509,5/3/23 5:00,12.03,-74.71,7.96,,,,
1510,5/3/23 5:15,12.03,-74.36,7.95,,,,
1511,5/3/23 5:30,11.98,-74.47,7.95,,,,
1512,5/3/23 5:45,11.93,-74.21,7.95,,,,
1513,5/3/23 6:00,11.93,-74.55,7.96,,,,
1514,5/3/23 6:15,12.17,-73.88,7.94,,,,
1515,5/3/23 6:30,12.15,-73.89,7.94,,,,
1516,5/3/23 6:45,12.19,-73.75,7.94,,,,
1517,5/3/23 7:00,12.27,-73.41,7.93,,,,
1518,5/3/23 7:15,12.32,-74.49,7.95,,,,
1519,5/3/23 7:30,12.34,-73.06,7.93,,,,
1520,5/3/23 7:45,12.39,-72.86,7.92,,,,
1521,5/3/23 8:00,12.44,-73.92,7.94,,,,
1522,5/3/23 8:15,12.46,-74.38,7.95,,,,
1523,5/3/23 8:30,12.53,-74.61,7.96,,,,
1524,5/3/23 8:45,12.56,-74.21,7.95,,,,
1525,5/3/23 9:00,12.58,-73.39,7.93,,,,
1526,5/3/23 9:15,12.61,-75.1,7.96,,,,
1527,5/3/23 9:30,12.65,-75.16,7.97,,,,
1528,5/3/23 9:45,12.7,-73.21,7.93,,,,
1529,5/3/23 10:00,12.75,-70.08,7.87,,,,
1530,5/3/23 10:15,12.8,-69.47,7.86,,,,
1531,5/3/23 10:30,12.85,-67.75,7.83,,,,
1532,5/3/23 10:45,12.85,-68.02,7.83,,,,
1533,5/3/23 11:00,12.85,-67.75,7.83,,,,
1534,5/3/23 11:15,12.85,-67.94,7.83,,,,
1535,5/3/23 11:30,12.9,-69.88,7.87,,,,
1536,5/3/23 11:45,12.92,-70.25,7.87,,,,
1537,5/3/23 12:00,12.97,-69.61,7.86,,,,
1538,5/3/23 12:15,12.99,-68.36,7.84,,,,
1539,5/3/23 12:30,13.11,-69.06,7.85,,,,
1540,5/3/23 12:45,13.28,-70.38,7.87,,,,
1541,5/3/23 13:00,13.43,-73.53,7.93,,,,
1542,5/3/23 13:15,13.52,-74.25,7.95,,,,
1543,5/3/23 13:30,13.59,-74.74,7.95,,,,
1544,5/3/23 13:45,13.79,-76.81,7.99,,,,
1545,5/3/23 14:00,13.88,-77.39,8,,,,
1546,5/3/23 14:15,13.95,-77.69,8.01,,,,
1547,5/3/23 14:30,14.05,-78.06,8.01,,,,
1548,5/3/23 14:45,14.15,-79.03,8.03,,,,
1549,5/3/23 15:00,14.27,-79.39,8.04,,,,
1550,5/3/23 15:15,14.43,-79.89,8.05,,,,
1551,5/3/23 15:30,14.58,-81.1,8.07,,,,
1552,5/3/23 15:45,14.86,-83.13,8.11,,,,
1553,5/3/23 16:00,15.2,-84.11,8.12,,,,
1554,5/3/23 16:15,15.46,-85.46,8.15,,,,
1555,5/3/23 16:30,15.56,-85.99,8.16,,,,
1556,5/3/23 16:45,15.63,-86.58,8.17,,,,
1557,5/3/23 17:00,15.68,-86.47,8.16,,,,
1558,5/3/23 17:15,15.75,-86.6,8.17,,,,
1559,5/3/23 17:30,15.6,-86.33,8.16,,,,
1560,5/3/23 17:45,15.34,-85.58,8.15,,,,
1561,5/3/23 18:00,15.15,-84.83,8.14,,,,
1562,5/3/23 18:15,14.98,-83.83,8.12,,,,
1563,5/3/23 18:30,14.89,-83.66,8.12,,,,
1564,5/3/23 18:45,14.82,-83.08,8.1,,,,
1565,5/3/23 19:00,14.72,-83.83,8.12,,,,
1566,5/3/23 19:15,14.6,-83.97,8.12,,,,
1567,5/3/23 19:30,14.53,-84.47,8.13,,,,
1568,5/3/23 19:45,14.48,-84.33,8.13,,,,
1569,5/3/23 20:00,14.39,-84.03,8.12,,,,
1570,5/3/23 20:15,14.34,-83.05,8.11,,,,
1571,5/3/23 20:30,14.27,-82.99,8.11,,,,
1572,5/3/23 20:45,14.24,-82.13,8.09,,,,
1573,5/3/23 21:00,14.22,-80.52,8.06,,,,
1574,5/3/23 21:15,14.17,-79.22,8.04,,,,
1575,5/3/23 21:30,14.1,-80.71,8.06,,,,
1576,5/3/23 21:45,14.05,-80.05,8.05,,,,
1577,5/3/23 22:00,14.03,-78.35,8.02,,,,
1578,5/3/23 22:15,14,-77.85,8.01,,,,
1579,5/3/23 22:30,13.95,-78.02,8.01,,,,
1580,5/3/23 22:45,13.93,-79.38,8.04,,,,
1581,5/3/23 23:00,14,-81.3,8.07,,,,
1582,5/3/23 23:15,13.98,-80.92,8.07,,,,
1583,5/3/23 23:30,13.95,-80.06,8.05,,,,
1584,5/3/23 23:45,13.91,-80.1,8.05,,,,
1585,5/4/23 0:00,13.81,-78.55,8.02,,,,
1586,5/4/23 0:15,13.79,-79.13,8.04,,,,
1587,5/4/23 0:30,13.81,-79.28,8.04,,,,
1588,5/4/23 0:45,13.47,-76.33,7.98,,,,
1589,5/4/23 1:00,13.47,-76.16,7.98,,,,
1590,5/4/23 1:15,13.45,-76.44,7.99,,,,
1591,5/4/23 1:30,13.38,-75.96,7.98,,,,
1592,5/4/23 1:45,13.33,-76.47,7.99,,,,
1593,5/4/23 2:00,13.33,-76.52,7.99,,,,
1594,5/4/23 2:15,13.28,-77.35,8,,,,
1595,5/4/23 2:30,13.23,-76.25,7.98,,,,
1596,5/4/23 2:45,13.16,-74.39,7.95,,,,
1597,5/4/23 3:00,13.11,-74.21,7.95,,,,
1598,5/4/23 3:15,13.04,-74.91,7.96,,,,
1599,5/4/23 3:30,12.94,-76.14,7.98,,,,
1600,5/4/23 3:45,12.87,-77.94,8.02,,,,
1601,5/4/23 4:00,12.77,-77.58,8.01,,,,
1602,5/4/23 4:15,12.65,-77.3,8.01,,,,
1603,5/4/23 4:30,12.56,-79.1,8.04,,,,
1604,5/4/23 4:45,12.41,-79.25,8.04,,,,
1605,5/4/23 5:00,12.19,-77.03,8,,,,
1606,5/4/23 5:15,12,-75.03,7.97,,,,
1607,5/4/23 5:30,12,-76.38,7.99,,,,
1608,5/4/23 5:45,11.98,-77.44,8.01,,,,
1609,5/4/23 6:00,11.98,-77.66,8.01,,,,
1610,5/4/23 6:15,12,-78.11,8.02,,,,
1611,5/4/23 6:30,12.07,-77.99,8.02,,,,
1612,5/4/23 6:45,12.05,-77.69,8.01,,,,
1613,5/4/23 7:00,12.05,-78.44,8.03,,,,
1614,5/4/23 7:15,12.07,-77.81,8.02,,,,
1615,5/4/23 7:30,12.07,-77.28,8.01,,,,
1616,5/4/23 7:45,12.07,-77.17,8,,,,
1617,5/4/23 8:00,12.05,-76.22,7.99,,,,
1618,5/4/23 8:15,12.03,-76.42,7.99,,,,
1619,5/4/23 8:30,12.05,-75.85,7.98,,,,
1620,5/4/23 8:45,12.05,-76.19,7.99,,,,
1621,5/4/23 9:00,12.03,-76.6,7.99,,,,
1622,5/4/23 9:15,12.03,-77,8,,,,
1623,5/4/23 9:30,12,-77.46,8.01,,,,
1624,5/4/23 9:45,11.95,-76.66,8,,,,
1625,5/4/23 10:00,11.93,-76.46,7.99,,,,
1626,5/4/23 10:15,11.86,-77.03,8,,,,
1627,5/4/23 10:30,11.86,-76.86,8,,,,
1628,5/4/23 10:45,11.86,-77.06,8,,,,
1629,5/4/23 11:00,11.83,-76.83,8,,,,
1630,5/4/23 11:15,11.83,-76.21,7.99,,,,
1631,5/4/23 11:30,11.83,-76.61,8,,,,
1632,5/4/23 11:45,11.86,-76.5,7.99,,,,
1633,5/4/23 12:00,11.88,-75.63,7.98,,,,
1634,5/4/23 12:15,11.93,-75.58,7.98,,,,
1635,5/4/23 12:30,11.95,-76.1,7.99,,,,
1636,5/4/23 12:45,11.98,-74.47,7.95,,,,
1637,5/4/23 13:00,12.03,-73.25,7.93,,,,
1638,5/4/23 13:15,12.03,-73.38,7.93,,,,
1639,5/4/23 13:30,12.03,-75.41,7.97,,,,
1640,5/4/23 13:45,12,-75.86,7.98,,,,
1641,5/4/23 14:00,11.98,-76,7.98,,,,
1642,5/4/23 14:15,12,-76.99,8,,,,
1643,5/4/23 14:30,12.05,-77.39,8.01,,,,
1644,5/4/23 14:45,12.1,-79.06,8.04,,,,
1645,5/4/23 15:00,12.12,-78.22,8.02,,,,
1646,5/4/23 15:15,12.15,-79.83,8.05,,,,
1647,5/4/23 15:30,12.15,-80.19,8.06,,,,
1648,5/4/23 15:45,12.19,-80.17,8.06,,,,
1649,5/4/23 16:00,12.22,-80.91,8.07,,,,
1650,5/4/23 16:15,12.27,-82.1,8.1,,,,
1651,5/4/23 16:30,12.27,-84.44,8.14,,,,
1652,5/4/23 16:45,12.29,-85.33,8.16,,,,
1653,5/4/23 17:00,12.32,-86.13,8.17,,,,
1654,5/4/23 17:15,12.27,-87.38,8.2,,,,
1655,5/4/23 17:30,12.27,-86.38,8.18,,,,
1656,5/4/23 17:45,12.24,-86.03,8.17,,,,
1657,5/4/23 18:00,12.12,-84.91,8.15,,,,
1658,5/4/23 18:15,12.19,-85.55,8.16,,,,
1659,5/4/23 18:30,12.12,-83.32,8.12,,,,
1660,5/4/23 18:45,12.07,-82.24,8.1,,,,
1661,5/4/23 19:00,12.03,-81.85,8.09,,,,
1662,5/4/23 19:15,11.9,-80.83,8.07,,,,
1663,5/4/23 19:30,11.83,-80.05,8.06,,,,
1664,5/4/23 19:45,11.69,-80.21,8.06,,,,
1665,5/4/23 20:00,11.42,-80.13,8.06,,,,
1666,5/4/23 20:15,11.32,-79.56,8.05,,,,
1667,5/4/23 20:30,11.18,-78.88,8.04,,,,
1668,5/4/23 20:45,11.13,-78.5,8.03,,,,
1669,5/4/23 21:00,11.13,-78.17,8.03,,,,
1670,5/4/23 21:15,11.18,-78.33,8.03,,,,
1671,5/4/23 21:30,11.25,-77.86,8.02,,,,
1672,5/4/23 21:45,11.25,-77.31,8.01,,,,
1673,5/4/23 22:00,11.25,-76.86,8,,,,
1674,5/4/23 22:15,11.3,-76.31,7.99,,,,
1675,5/4/23 22:30,11.32,-76.1,7.99,,,,
1676,5/4/23 22:45,11.32,-75.31,7.97,,,,
1677,5/4/23 23:00,11.3,-74.92,7.97,,,,
1678,5/4/23 23:15,11.3,-74.77,7.96,,,,
1679,5/4/23 23:30,11.27,-75.33,7.97,,,,
1680,5/4/23 23:45,11.25,-74.64,7.96,,,,
1681,5/5/23 0:00,11.25,-74.21,7.95,,,,
1682,5/5/23 0:15,11.22,-73.35,7.94,,,,
1683,5/5/23 0:30,11.18,-73.19,7.93,,,,
1684,5/5/23 0:45,11.1,-73.1,7.93,,,,
1685,5/5/23 1:00,11.05,-72.6,7.92,,,,
1686,5/5/23 1:15,11.03,-72.55,7.92,,,,
1687,5/5/23 1:30,11.03,-72.61,7.92,,,,
1688,5/5/23 1:45,11.05,-73.16,7.93,,,,
1689,5/5/23 2:00,11.08,-73.47,7.94,,,,
1690,5/5/23 2:15,11.08,-74.13,7.95,,,,
1691,5/5/23 2:30,11.05,-74.55,7.96,,,,
1692,5/5/23 2:45,11,-74.66,7.96,,,,
1693,5/5/23 3:00,10.96,-73.83,7.95,,,,
1694,5/5/23 3:15,10.93,-72.96,7.93,,,,
1695,5/5/23 3:30,10.86,-73.03,7.93,,,,
1696,5/5/23 3:45,10.79,-73.28,7.94,,,,
1697,5/5/23 4:00,10.76,-72.88,7.93,,,,
1698,5/5/23 4:15,10.69,-72.47,7.92,,,,
1699,5/5/23 4:30,10.64,-72.53,7.92,,,,
1700,5/5/23 4:45,10.59,-73.67,7.94,,,,
1701,5/5/23 5:00,10.52,-73.63,7.94,,,,
1702,5/5/23 5:15,10.39,-72.42,7.92,,,,
1703,5/5/23 5:30,10.32,-69.91,7.87,,,,
1704,5/5/23 5:45,10.25,-67.8,7.83,,,,
1705,5/5/23 6:00,9.98,-60.53,7.7,,,,
1706,5/5/23 6:15,9.88,-53.25,7.56,,,,
1707,5/5/23 6:30,9.66,-57.02,7.63,,,,
1708,5/5/23 6:45,9.95,-68.13,7.84,,,,
1709,5/5/23 7:00,10.3,-73.49,7.94,,,,
1710,5/5/23 7:15,10.49,-76.71,8,,,,
1711,5/5/23 7:30,10.39,-76.05,7.99,,,,
1712,5/5/23 7:45,10.47,-76.86,8,,,,
1713,5/5/23 8:00,10.39,-76.36,8,,,,
1714,5/5/23 8:15,10.3,-73.64,7.94,,,,
1715,5/5/23 8:30,10.27,-73.06,7.93,,,,
1716,5/5/23 8:45,10.3,-72.27,7.92,,,,
1717,5/5/23 9:00,10.32,-72.61,7.93,,,,
1718,5/5/23 9:15,10.3,-72.27,7.92,,,,
1719,5/5/23 9:30,10.25,-71.38,7.9,,,,
1720,5/5/23 9:45,10.2,-70.56,7.89,,,,
1721,5/5/23 10:00,10.17,-71.16,7.9,,,,
1722,5/5/23 10:15,10.1,-73.88,7.95,,,,
1723,5/5/23 10:30,9.98,-74.27,7.96,,,,
1724,5/5/23 10:45,9.83,-73.28,7.94,,,,
1725,5/5/23 11:00,9.76,-73.27,7.94,,,,
1726,5/5/23 11:15,9.71,-73.06,7.94,,,,
1727,5/5/23 11:30,9.76,-72.94,7.93,,,,
1728,5/5/23 11:45,9.73,-74,7.95,,,,
1729,5/5/23 12:00,9.78,-74.44,7.96,,,,
1730,5/5/23 12:15,9.8,-74.55,7.96,,,,
1731,5/5/23 12:30,9.85,-74.75,7.97,,,,
1732,5/5/23 12:45,9.93,-76.25,8,,,,
1733,5/5/23 13:00,9.98,-76.33,8,,,,
1734,5/5/23 13:15,10.03,-75.14,7.97,,,,
1735,5/5/23 13:30,10.1,-75.05,7.97,,,,
1736,5/5/23 13:45,10.2,-75.3,7.98,,,,
1737,5/5/23 14:00,10.27,-75.83,7.99,,,,
1738,5/5/23 14:15,10.37,-76.66,8,,,,
1739,5/5/23 14:30,10.44,-75.16,7.97,,,,
1740,5/5/23 14:45,10.49,-74.38,7.96,,,,
1741,5/5/23 15:00,10.54,-74.22,7.95,,,,
1742,5/5/23 15:15,10.57,-74.31,7.96,,,,
1743,5/5/23 15:30,10.54,-74.14,7.95,,,,
1744,5/5/23 15:45,10.59,-74.52,7.96,,,,
1745,5/5/23 16:00,10.71,-74.72,7.96,,,,
1746,5/5/23 16:15,10.86,-74.27,7.95,,,,
1747,5/5/23 16:30,11.03,-75.24,7.97,,,,
1748,5/5/23 16:45,11.15,-76.46,7.99,,,,
1749,5/5/23 17:00,11.35,-77.02,8,,,,
1750,5/5/23 17:15,11.56,-78.03,8.02,,,,
1751,5/5/23 17:30,11.83,-78.63,8.03,,,,
1752,5/5/23 17:45,12.03,-80.91,8.07,,,,
1753,5/5/23 18:00,12.22,-83.69,8.13,,,,
1754,5/5/23 18:15,12.44,-85.91,8.17,,,,
1755,5/5/23 18:30,12.65,-87.07,8.19,,,,
1756,5/5/23 18:45,12.27,-87.99,8.21,,,,
1757,5/5/23 19:00,11.76,-86.71,8.18,,,,
1758,5/5/23 19:15,11.61,-85.69,8.17,,,,
1759,5/5/23 19:30,11.25,-82.57,8.11,,,,
1760,5/5/23 19:45,10.69,-80.81,8.08,,,,
1761,5/5/23 20:00,10.44,-78.94,8.04,,,,
1762,5/5/23 20:15,10.47,-76.86,8,,,,
1763,5/5/23 20:30,10.54,-74.83,7.97,,,,
1764,5/5/23 20:45,10.52,-73.67,7.94,,,,
1765,5/5/23 21:00,10.47,-73.28,7.94,,,,
1766,5/5/23 21:15,10.42,-73.63,7.94,,,,
1767,5/5/23 21:30,10.37,-74.14,7.95,,,,
1768,5/5/23 21:45,10.37,-73.47,7.94,,,,
1769,5/5/23 22:00,10.37,-72.94,7.93,,,,
1770,5/5/23 22:15,10.37,-72.05,7.91,,,,
1771,5/5/23 22:30,10.37,-71.71,7.91,,,,
1772,5/5/23 22:45,10.34,-71.31,7.9,,,,
1773,5/5/23 23:00,10.34,-71.03,7.9,,,,
1774,5/5/23 23:15,10.32,-72.72,7.93,,,,
1775,5/5/23 23:30,10.32,-73.52,7.94,,,,
1776,5/5/23 23:45,10.32,-74.22,7.96,,,,
1777,5/6/23 0:00,10.34,-73.63,7.94,,,,
1778,5/6/23 0:15,10.34,-75.5,7.98,,,,
1779,5/6/23 0:30,10.37,-76.28,7.99,,,,
1780,5/6/23 0:45,10.37,-76.46,8,,,,
1781,5/6/23 1:00,10.44,-77.21,8.01,,,,
1782,5/6/23 1:15,10.54,-77.63,8.02,,,,
1783,5/6/23 1:30,10.57,-77.46,8.02,,,,
1784,5/6/23 1:45,10.54,-78.03,8.03,,,,
1785,5/6/23 2:00,10.52,-78.56,8.04,,,,
1786,5/6/23 2:15,10.52,-78.33,8.03,,,,
1787,5/6/23 2:30,10.52,-78.52,8.04,,,,
1788,5/6/23 2:45,10.52,-78.41,8.03,,,,
1789,5/6/23 3:00,10.52,-78.21,8.03,,,,
1790,5/6/23 3:15,10.52,-78.44,8.03,,,,
1791,5/6/23 3:30,10.52,-78.46,8.03,,,,
1792,5/6/23 3:45,10.54,-78.47,8.03,,,,
1793,5/6/23 4:00,10.54,-78.21,8.03,,,,
1794,5/6/23 4:15,10.54,-78.02,8.03,,,,
1795,5/6/23 4:30,10.54,-77.85,8.02,,,,
1796,5/6/23 4:45,10.47,-77.78,8.02,,,,
1797,5/6/23 5:00,10.34,-76.36,8,,,,
1798,5/6/23 5:15,10.17,-73.3,7.94,,,,
1799,5/6/23 5:30,9.88,-62.19,7.73,,,,
1800,5/6/23 5:45,9.61,-52.25,7.54,,,,
1801,5/6/23 6:00,9.16,-70.96,7.9,,,,
1802,5/6/23 6:15,9.85,-72.39,7.92,,,,
1803,5/6/23 6:30,11.08,-73.39,7.94,,,,
1804,5/6/23 6:45,11.47,-73.94,7.95,,,,
1805,5/6/23 7:00,11.49,-74.52,7.96,,,,
1806,5/6/23 7:15,11.69,-75.06,7.97,,,,
1807,5/6/23 7:30,11,-71.49,7.9,,,,
1808,5/6/23 7:45,10.69,-69.8,7.87,,,,
1809,5/6/23 8:00,10.3,-72.58,7.92,,,,
1810,5/6/23 8:15,10.57,-80.27,8.07,,,,
1811,5/6/23 8:30,10.76,-81.25,8.09,,,,
1812,5/6/23 8:45,10.64,-79.97,8.06,,,,
1813,5/6/23 9:00,10.05,-78.16,8.03,,,,
1814,5/6/23 9:15,9.71,-77.28,8.02,,,,
1815,5/6/23 9:30,9.51,-76.75,8.01,,,,
1816,5/6/23 9:45,8.89,-75.36,7.98,,,,
1817,5/6/23 10:00,8.49,-74.47,7.97,,,,
1818,5/6/23 10:15,8.29,-73.3,7.94,,,,
1819,5/6/23 10:30,8.22,-72.63,7.93,,,,
1820,5/6/23 10:45,8.17,-72.13,7.92,,,,
1821,5/6/23 11:00,8.22,-72.74,7.93,,,,
1822,5/6/23 11:15,8.22,-72.56,7.93,,,,
1823,5/6/23 11:30,8.24,-72.02,7.92,,,,
1824,5/6/23 11:45,8.34,-72.39,7.93,,,,
1825,5/6/23 12:00,8.49,-72.13,7.92,,,,
1826,5/6/23 12:15,8.37,-72.03,7.92,,,,
1827,5/6/23 12:30,8.59,-72.11,7.92,,,,
1828,5/6/23 12:45,8.44,-71.56,7.91,,,,
1829,5/6/23 13:00,8.44,-71.67,7.91,,,,
1830,5/6/23 13:15,8.52,-71.39,7.91,,,,
1831,5/6/23 13:30,8.67,-71.27,7.91,,,,
1832,5/6/23 13:45,8.79,-71.69,7.91,,,,
1833,5/6/23 14:00,8.84,-72.19,7.92,,,,
1834,5/6/23 14:15,8.94,-72.77,7.93,,,,
1835,5/6/23 14:30,8.99,-71.6,7.91,,,,
1836,5/6/23 14:45,9.01,-71.63,7.91,,,,
1837,5/6/23 15:00,9.06,-71.28,7.9,,,,
1838,5/6/23 15:15,9.14,-71.44,7.91,,,,
1839,5/6/23 15:30,9.21,-71.67,7.91,,,,
1840,5/6/23 15:45,9.31,-73.14,7.94,,,,
1841,5/6/23 16:00,9.39,-72.46,7.93,,,,
1842,5/6/23 16:15,9.46,-72.19,7.92,,,,
1843,5/6/23 16:30,9.58,-72.64,7.93,,,,
1844,5/6/23 16:45,9.73,-73.53,7.94,,,,
1845,5/6/23 17:00,9.98,-74.69,7.97,,,,
1846,5/6/23 17:15,10.32,-74.8,7.97,,,,
1847,5/6/23 17:30,10.64,-78.02,8.03,,,,
1848,5/6/23 17:45,11,-79.38,8.05,,,,
1849,5/6/23 18:00,11.47,-82.47,8.11,,,,
1850,5/6/23 18:15,11.78,-82.92,8.11,,,,
1851,5/6/23 18:30,12.03,-84.83,8.15,,,,
1852,5/6/23 18:45,11.95,-84.02,8.13,,,,
1853,5/6/23 19:00,11.88,-82.71,8.11,,,,
1854,5/6/23 19:15,11.78,-84.94,8.15,,,,
1855,5/6/23 19:30,11.56,-84.39,8.14,,,,
1856,5/6/23 19:45,11.05,-83.07,8.12,,,,
1857,5/6/23 20:00,10.54,-78.8,8.04,,,,
1858,5/6/23 20:15,10.3,-76.38,8,,,,
1859,5/6/23 20:30,10.1,-76.52,8,,,,
1860,5/6/23 20:45,10.03,-76.94,8.01,,,,
1861,5/6/23 21:00,10.05,-76.5,8,,,,
1862,5/6/23 21:15,10,-75.8,7.99,,,,
1863,5/6/23 21:30,10,-74.88,7.97,,,,
1864,5/6/23 21:45,9.95,-75.16,7.97,,,,
1865,5/6/23 22:00,9.9,-75.61,7.98,,,,
1866,5/6/23 22:15,9.88,-76.03,7.99,,,,
1867,5/6/23 22:30,9.83,-75.66,7.98,,,,
1868,5/6/23 22:45,9.8,-75.11,7.97,,,,
1869,5/6/23 23:00,9.78,-74.24,7.96,,,,
1870,5/6/23 23:15,9.76,-73.91,7.95,,,,
1871,5/6/23 23:30,9.76,-73.28,7.94,,,,
1872,5/6/23 23:45,9.73,-72.88,7.93,,,,
1873,5/7/23 0:00,9.76,-71.06,7.9,,,,
1874,5/7/23 0:15,9.73,-70.05,7.88,,,,
1875,5/7/23 0:30,9.66,-69.71,7.87,,,,
1876,5/7/23 0:45,9.61,-69.21,7.86,,,,
1877,5/7/23 1:00,9.51,-69.99,7.88,,,,
1878,5/7/23 1:15,9.48,-70.08,7.88,,,,
1879,5/7/23 1:30,9.44,-71.1,7.9,,,,
1880,5/7/23 1:45,9.41,-71.28,7.9,,,,
1881,5/7/23 2:00,9.44,-71.58,7.91,,,,
1882,5/7/23 2:15,9.46,-71.83,7.91,,,,
1883,5/7/23 2:30,9.44,-71.74,7.91,,,,
1884,5/7/23 2:45,9.36,-72.33,7.92,,,,
1885,5/7/23 3:00,9.39,-72.21,7.92,,,,
1886,5/7/23 3:15,9.39,-71.53,7.91,,,,
1887,5/7/23 3:30,9.36,-71.6,7.91,,,,
1888,5/7/23 3:45,9.36,-72.06,7.92,,,,
1889,5/7/23 4:00,9.39,-72.02,7.92,,,,
1890,5/7/23 4:15,9.41,-73.25,7.94,,,,
1891,5/7/23 4:30,9.41,-73.72,7.95,,,,
1892,5/7/23 4:45,9.41,-74.05,7.96,,,,
1893,5/7/23 5:00,9.41,-74.08,7.96,,,,
1894,5/7/23 5:15,9.44,-74.33,7.96,,,,
1895,5/7/23 5:30,9.44,-73.78,7.95,,,,
1896,5/7/23 5:45,9.39,-73.06,7.94,,,,
1897,5/7/23 6:00,9.31,-71.05,7.9,,,,
1898,5/7/23 6:15,9.26,-59.7,7.68,,,,
1899,5/7/23 6:30,9.46,-55.85,7.61,,,,
1900,5/7/23 6:45,10.66,-65.61,7.79,,,,
1901,5/7/23 7:00,12.07,-75.14,7.97,,,,
1902,5/7/23 7:15,12.58,-75.85,7.98,,,,
1903,5/7/23 7:30,12.75,-76.58,7.99,,,,
1904,5/7/23 7:45,13.11,-77.17,8,,,,
1905,5/7/23 8:00,12.27,-75.53,7.97,,,,
1906,5/7/23 8:15,12.12,-75.36,7.97,,,,
1907,5/7/23 8:30,11.49,-79.89,8.06,,,,
1908,5/7/23 8:45,10.34,-77.39,8.02,,,,
1909,5/7/23 9:00,10.12,-80.5,8.07,,,,
1910,5/7/23 9:15,9.9,-80.66,8.08,,,,
1911,5/7/23 9:30,9.78,-82.24,8.11,,,,
1912,5/7/23 9:45,9.83,-82.82,8.12,,,,
1913,5/7/23 10:00,9.95,-82.69,8.12,,,,
1914,5/7/23 10:15,9.98,-82.97,8.12,,,,
1915,5/7/23 10:30,9.95,-82.92,8.12,,,,
1916,5/7/23 10:45,9.95,-82.83,8.12,,,,
1917,5/7/23 11:00,9.98,-83.28,8.13,,,,
1918,5/7/23 11:15,9.98,-83.25,8.13,,,,
1919,5/7/23 11:30,10,-82.52,8.11,,,,
1920,5/7/23 11:45,10.03,-81.75,8.1,,,,
1921,5/7/23 12:00,10.08,-81.36,8.09,,,,
1922,5/7/23 12:15,10.12,-81.27,8.09,,,,
1923,5/7/23 12:30,10.17,-79.71,8.06,,,,
1924,5/7/23 12:45,10.2,-79.99,8.06,,,,
1925,5/7/23 13:00,10.2,-79.85,8.06,,,,
1926,5/7/23 13:15,10.3,-79.86,8.06,,,,
1927,5/7/23 13:30,10.32,-80.55,8.07,,,,
1928,5/7/23 13:45,10.39,-79.94,8.06,,,,
1929,5/7/23 14:00,10.42,-80.81,8.08,,,,
1930,5/7/23 14:15,10.47,-79.75,8.06,,,,
1931,5/7/23 14:30,10.69,-80.75,8.08,,,,
1932,5/7/23 14:45,10.83,-79.52,8.05,,,,
1933,5/7/23 15:00,10.98,-79.03,8.04,,,,
1934,5/7/23 15:15,11.37,-79.63,8.05,,,,
1935,5/7/23 15:30,11.69,-79.21,8.04,,,,
1936,5/7/23 15:45,11.95,-79.35,8.05,,,,
1937,5/7/23 16:00,12.19,-79.13,8.04,,,,
1938,5/7/23 16:15,12.39,-79.24,8.04,,,,
1939,5/7/23 16:30,12.7,-78.06,8.02,,,,
1940,5/7/23 16:45,13.47,-77.94,8.01,,,,
1941,5/7/23 17:00,13.64,-78.89,8.03,,,,
1942,5/7/23 17:15,13.79,-79.67,8.05,,,,
1943,5/7/23 17:30,13.98,-79.74,8.05,,,,
1944,5/7/23 17:45,14.41,-80.88,8.07,,,,
1945,5/7/23 18:00,14.79,-83.28,8.11,,,,
1946,5/7/23 18:15,14.77,-83.24,8.11,,,,
1947,5/7/23 18:30,14.77,-83.8,8.12,,,,
1948,5/7/23 18:45,14.67,-84.92,8.14,,,,
1949,5/7/23 19:00,14.55,-84.77,8.14,,,,
1950,5/7/23 19:15,14.17,-84.38,8.13,,,,
1951,5/7/23 19:30,13.98,-83.97,8.12,,,,
1952,5/7/23 19:45,13.86,-83.61,8.12,,,,
1953,5/7/23 20:00,13.95,-82.94,8.11,,,,
1954,5/7/23 20:15,13.76,-84.97,8.14,,,,
1955,5/7/23 20:30,13.76,-84.13,8.13,,,,
1956,5/7/23 20:45,13.69,-84.05,8.13,,,,
1957,5/7/23 21:00,13.69,-82.41,8.1,,,,
1958,5/7/23 21:15,13.45,-79.52,8.04,,,,
1959,5/7/23 21:30,13.5,-81.17,8.07,,,,
1960,5/7/23 21:45,13.45,-80.74,8.07,,,,
1961,5/7/23 22:00,13.43,-81.41,8.08,,,,
1962,5/7/23 22:15,13.21,-80.24,8.06,,,,
1963,5/7/23 22:30,13.16,-79.36,8.04,,,,
1964,5/7/23 22:45,13.11,-78.67,8.03,,,,
1965,5/7/23 23:00,13.02,-78.28,8.02,,,,
1966,5/7/23 23:15,12.9,-78.78,8.03,,,,
1967,5/7/23 23:30,12.75,-79.71,8.05,,,,
1968,5/7/23 23:45,12.63,-79.41,8.04,,,,
1969,5/8/23 0:00,12.49,-78.91,8.04,,,,
1970,5/8/23 0:15,12.36,-79.03,8.04,,,,
1971,5/8/23 0:30,12.29,-79.16,8.04,,,,
1972,5/8/23 0:45,12.15,-80.1,8.06,,,,
1973,5/8/23 1:00,12.1,-79.28,8.04,,,,
1974,5/8/23 1:15,12.07,-79.28,8.04,,,,
1975,5/8/23 1:30,12.05,-79.11,8.04,,,,
1976,5/8/23 1:45,11.93,-79.41,8.05,,,,
1977,5/8/23 2:00,11.88,-79.61,8.05,,,,
1978,5/8/23 2:15,11.9,-79.61,8.05,,,,
1979,5/8/23 2:30,11.76,-78.42,8.03,,,,
1980,5/8/23 2:45,11.71,-78.06,8.02,,,,
1981,5/8/23 3:00,11.61,-77.47,8.01,,,,
1982,5/8/23 3:15,11.52,-77.38,8.01,,,,
1983,5/8/23 3:30,11.61,-77.86,8.02,,,,
1984,5/8/23 3:45,11.66,-78.13,8.02,,,,
1985,5/8/23 4:00,11.69,-78.53,8.03,,,,
1986,5/8/23 4:15,11.64,-78.49,8.03,,,,
1987,5/8/23 4:30,11.54,-78.41,8.03,,,,
1988,5/8/23 4:45,11.49,-78.35,8.03,,,,
1989,5/8/23 5:00,11.47,-78.08,8.02,,,,
1990,5/8/23 5:15,11.42,-77.55,8.01,,,,
1991,5/8/23 5:30,11.32,-77.53,8.01,,,,
1992,5/8/23 5:45,11.27,-77.46,8.01,,,,
1993,5/8/23 6:00,11.22,-76.55,8,,,,
1994,5/8/23 6:15,11.2,-75.86,7.98,,,,
1995,5/8/23 6:30,11.42,-74.31,7.95,,,,
1996,5/8/23 6:45,11.64,-73.71,7.94,,,,
1997,5/8/23 7:00,11.69,-74.16,7.95,,,,
1998,5/8/23 7:15,11.95,-74.58,7.96,,,,
1999,5/8/23 7:30,12.99,-76.5,7.99,,,,
2000,5/8/23 7:45,14.55,-77.77,8.01,,,,
2001,5/8/23 8:00,14.84,-78.06,8.01,,,,
2002,5/8/23 8:15,15.39,-78.47,8.02,,,,
2003,5/8/23 8:30,15.84,-78.72,8.02,,,,
2004,5/8/23 8:45,15.53,-85.07,8.14,,,,
2005,5/8/23 9:00,15.58,-82.89,8.1,,,,
2006,5/8/23 9:15,14.74,-87.03,8.18,,,,
2007,5/8/23 9:30,13.02,-79.63,8.05,,,,
2008,5/8/23 9:45,12.75,-83.02,8.11,,,,
2009,5/8/23 10:00,12.61,-81.38,8.08,,,,
2010,5/8/23 10:15,12.56,-80.89,8.07,,,,
2011,5/8/23 10:30,12.65,-81.33,8.08,,,,
2012,5/8/23 10:45,12.73,-81.14,8.08,,,,
2013,5/8/23 11:00,12.65,-79.89,8.05,,,,
2014,5/8/23 11:15,12.58,-79.58,8.05,,,,
2015,5/8/23 11:30,12.53,-78.85,8.03,,,,
2016,5/8/23 11:45,12.56,-79.35,8.04,,,,
2017,5/8/23 12:00,12.56,-79.88,8.05,,,,
2018,5/8/23 12:15,12.53,-78.33,8.02,,,,
2019,5/8/23 12:30,12.53,-77.97,8.02,,,,
2020,5/8/23 12:45,12.51,-79.75,8.05,,,,
2021,5/8/23 13:00,12.51,-78.35,8.03,,,,
2022,5/8/23 13:15,12.53,-78,8.02,,,,
2023,5/8/23 13:30,12.53,-77.02,8,,,,
2024,5/8/23 13:45,12.58,-75.58,7.97,,,,
2025,5/8/23 14:00,12.61,-73.97,7.94,,,,
2026,5/8/23 14:15,12.65,-76.61,7.99,,,,
2027,5/8/23 14:30,12.68,-77.14,8,,,,
2028,5/8/23 14:45,12.7,-78.92,8.04,,,,
2029,5/8/23 15:00,12.73,-77.3,8,,,,
2030,5/8/23 15:15,12.73,-76.81,8,,,,
2031,5/8/23 15:30,12.68,-76.85,8,,,,
2032,5/8/23 15:45,12.58,-77.92,8.02,,,,
2033,5/8/23 16:00,12.49,-78.06,8.02,,,,
2034,5/8/23 16:15,12.39,-78.75,8.03,,,,
2035,5/8/23 16:30,12.39,-76.5,7.99,,,,
2036,5/8/23 16:45,12.39,-75.86,7.98,,,,
2037,5/8/23 17:00,12.32,-77.69,8.01,,,,
2038,5/8/23 17:15,12.27,-78.3,8.03,,,,
2039,5/8/23 17:30,12.29,-79.14,8.04,,,,
2040,5/8/23 17:45,12.34,-79.33,8.04,,,,
2041,5/8/23 18:00,12.41,-80.27,8.06,,,,
2042,5/8/23 18:15,12.49,-80.49,8.07,,,,
2043,5/8/23 18:30,12.53,-79.97,8.06,,,,
2044,5/8/23 18:45,12.65,-80.02,8.06,,,,
2045,5/8/23 19:00,12.9,-81.46,8.08,,,,
2046,5/8/23 19:15,13.11,-82.61,8.1,,,,
2047,5/8/23 19:30,13.21,-83.97,8.13,,,,
2048,5/8/23 19:45,13.21,-83.08,8.11,,,,
2049,5/8/23 20:00,13.16,-83.16,8.11,,,,
2050,5/8/23 20:15,13.09,-82.89,8.11,,,,
2051,5/8/23 20:30,13.04,-84.8,8.14,,,,
2052,5/8/23 20:45,12.82,-84.41,8.14,,,,
2053,5/8/23 21:00,12.68,-83.77,8.13,,,,
2054,5/8/23 21:15,12.58,-81.85,8.09,,,,
2055,5/8/23 21:30,12.51,-81.5,8.08,,,,
2056,5/8/23 21:45,12.46,-81.67,8.09,,,,
2057,5/8/23 22:00,12.46,-80.86,8.07,,,,
2058,5/8/23 22:15,12.49,-80.5,8.07,,,,
2059,5/8/23 22:30,12.36,-79.67,8.05,,,,
2060,5/8/23 22:45,12.1,-80.19,8.06,,,,
2061,5/8/23 23:00,12.1,-80.19,8.06,,,,
2062,5/8/23 23:15,12.03,-79.85,8.06,,,,
2063,5/8/23 23:30,11.95,-80.35,8.06,,,,
2064,5/8/23 23:45,11.93,-80.69,8.07,,,,
2065,5/9/23 0:00,11.88,-79.44,8.05,,,,
2066,5/9/23 0:15,11.88,-79.61,8.05,,,,
2067,5/9/23 0:30,11.86,-79.46,8.05,,,,
2068,5/9/23 0:45,11.83,-79.49,8.05,,,,
2069,5/9/23 1:00,11.81,-79.6,8.05,,,,
2070,5/9/23 1:15,11.78,-79.36,8.05,,,,
2071,5/9/23 1:30,11.78,-79.22,8.04,,,,
2072,5/9/23 1:45,11.78,-78.78,8.04,,,,
2073,5/9/23 2:00,11.76,-78.75,8.04,,,,
2074,5/9/23 2:15,11.76,-78.13,8.02,,,,
2075,5/9/23 2:30,11.76,-78.1,8.02,,,,
2076,5/9/23 2:45,11.76,-78.63,8.03,,,,
2077,5/9/23 3:00,11.76,-78,8.02,,,,
2078,5/9/23 3:15,11.76,-77.67,8.02,,,,
2079,5/9/23 3:30,11.76,-74.6,7.96,,,,
2080,5/9/23 3:45,11.78,-74.36,7.95,,,,
2081,5/9/23 4:00,11.73,-74.61,7.96,,,,
2082,5/9/23 4:15,11.71,-74.74,7.96,,,,
2083,5/9/23 4:30,11.71,-74.69,7.96,,,,
2084,5/9/23 4:45,11.71,-75.44,7.97,,,,
2085,5/9/23 5:00,11.69,-75.97,7.98,,,,
2086,5/9/23 5:15,11.71,-75.99,7.98,,,,
2087,5/9/23 5:30,11.71,-76.03,7.98,,,,
2088,5/9/23 5:45,11.73,-76.33,7.99,,,,
2089,5/9/23 6:00,11.73,-77.13,8.01,,,,
2090,5/9/23 6:15,11.76,-79.6,8.05,,,,
2091,5/9/23 6:30,11.76,-80.49,8.07,,,,
2092,5/9/23 6:45,11.73,-81.56,8.09,,,,
2093,5/9/23 7:00,11.73,-81.36,8.08,,,,
2094,5/9/23 7:15,11.73,-81.36,8.08,,,,
2095,5/9/23 7:30,11.69,-80.71,8.07,,,,
2096,5/9/23 7:45,11.76,-78.96,8.04,,,,
2097,5/9/23 8:00,11.93,-80.31,8.06,,,,
2098,5/9/23 8:15,12.32,-82.6,8.11,,,,
2099,5/9/23 8:30,11.93,-82.72,8.11,,,,
2100,5/9/23 8:45,11.39,-78.06,8.02,,,,
2101,5/9/23 9:00,11.69,-78.42,8.03,,,,
2102,5/9/23 9:15,13.26,-79.6,8.05,,,,
2103,5/9/23 9:30,14.17,-80.94,8.07,,,,
2104,5/9/23 9:45,14.74,-81.92,8.08,,,,
2105,5/9/23 10:00,13.69,-82.16,8.09,,,,
2106,5/9/23 10:15,13.38,-84.02,8.13,,,,
2107,5/9/23 10:30,13.26,-83.53,8.12,,,,
2108,5/9/23 10:45,13.5,-84.19,8.13,,,,
2109,5/9/23 11:00,13.43,-83.5,8.12,,,,
2110,5/9/23 11:15,13.18,-84.14,8.13,,,,
2111,5/9/23 11:30,13.02,-83.83,8.13,,,,
2112,5/9/23 11:45,12.92,-83.74,8.12,,,,
2113,5/9/23 12:00,12.8,-83.36,8.12,,,,
2114,5/9/23 12:15,12.75,-83.27,8.12,,,,
2115,5/9/23 12:30,12.73,-82.83,8.11,,,,
2116,5/9/23 12:45,12.75,-82.67,8.11,,,,
2117,5/9/23 13:00,12.85,-83.58,8.12,,,,
2118,5/9/23 13:15,12.9,-83.38,8.12,,,,
2119,5/9/23 13:30,13.16,-83.36,8.12,,,,
2120,5/9/23 13:45,13.14,-83.82,8.13,,,,
2121,5/9/23 14:00,13.02,-83.39,8.12,,,,
2122,5/9/23 14:15,12.97,-83.74,8.12,,,,
2123,5/9/23 14:30,12.99,-83.36,8.12,,,,
2124,5/9/23 14:45,13.09,-83.88,8.13,,,,
2125,5/9/23 15:00,13.16,-83.97,8.13,,,,
2126,5/9/23 15:15,13.09,-83.57,8.12,,,,
2127,5/9/23 15:30,13.02,-83.25,8.12,,,,
2128,5/9/23 15:45,12.99,-83.07,8.11,,,,
2129,5/9/23 16:00,13.06,-82.85,8.11,,,,
2130,5/9/23 16:15,13.14,-83.44,8.12,,,,
2131,5/9/23 16:30,13.18,-83.44,8.12,,,,
2132,5/9/23 16:45,13.21,-82.67,8.1,,,,
2133,5/9/23 17:00,13.21,-83.39,8.12,,,,
2134,5/9/23 17:15,13.21,-83.97,8.13,,,,
2135,5/9/23 17:30,13.21,-84.49,8.14,,,,
2136,5/9/23 17:45,13.23,-85.44,8.16,,,,
2137,5/9/23 18:00,13.28,-86.07,8.17,,,,
2138,5/9/23 18:15,13.28,-86.19,8.17,,,,
2139,5/9/23 18:30,13.23,-86.63,8.18,,,,
2140,5/9/23 18:45,13.16,-86.69,8.18,,,,
2141,5/9/23 19:00,13.14,-86.77,8.18,,,,
2142,5/9/23 19:15,13.06,-87.05,8.19,,,,
2143,5/9/23 19:30,13.02,-87.44,8.19,,,,
2144,5/9/23 19:45,12.92,-87.8,8.2,,,,
2145,5/9/23 20:00,12.85,-87.85,8.2,,,,
2146,5/9/23 20:15,12.73,-87.71,8.2,,,,
2147,5/9/23 20:30,12.63,-87.99,8.21,,,,
2148,5/9/23 20:45,12.63,-88.58,8.22,,,,
2149,5/9/23 21:00,12.46,-88.19,8.21,,,,
2150,5/9/23 21:15,12.27,-87.89,8.2,,,,
2151,5/9/23 21:30,12.17,-87.35,8.2,,,,
2152,5/9/23 21:45,12.12,-87.25,8.19,,,,
2153,5/9/23 22:00,12.19,-87.57,8.2,,,,
2154,5/9/23 22:15,12.22,-87.17,8.19,,,,
2155,5/9/23 22:30,12.19,-86.77,8.18,,,,
2156,5/9/23 22:45,12.17,-85.92,8.17,,,,
2157,5/9/23 23:00,12.15,-84.64,8.14,,,,
2158,5/9/23 23:15,12.1,-84.61,8.14,,,,
2159,5/9/23 23:30,12.12,-84.07,8.13,,,,
2160,5/9/23 23:45,12.15,-83.6,8.12,,,,
2161,5/10/23 0:00,12.17,-83.74,8.13,,,,
2162,5/10/23 0:15,12.17,-83.3,8.12,,,,
2163,5/10/23 0:30,12.15,-82.99,8.11,,,,
2164,5/10/23 0:45,12.17,-82.52,8.1,,,,
2165,5/10/23 1:00,12.19,-82.32,8.1,,,,
2166,5/10/23 1:15,12.1,-81.21,8.08,,,,
2167,5/10/23 1:30,12.12,-81.31,8.08,,,,
2168,5/10/23 1:45,12.19,-81.66,8.09,,,,
2169,5/10/23 2:00,12.24,-82.55,8.1,,,,
2170,5/10/23 2:15,12.32,-82.8,8.11,,,,
2171,5/10/23 2:30,12.27,-81.71,8.09,,,,
2172,5/10/23 2:45,12.24,-81.72,8.09,,,,
2173,5/10/23 3:00,12.27,-81.38,8.08,,,,
2174,5/10/23 3:15,12.32,-81.86,8.09,,,,
2175,5/10/23 3:30,12.32,-81.69,8.09,,,,
2176,5/10/23 3:45,12.34,-81.88,8.09,,,,
2177,5/10/23 4:00,12.36,-81.89,8.09,,,,
2178,5/10/23 4:15,12.36,-81.74,8.09,,,,
2179,5/10/23 4:30,12.32,-81.39,8.08,,,,
2180,5/10/23 4:45,12.29,-81.42,8.08,,,,
2181,5/10/23 5:00,12.29,-81.27,8.08,,,,
2182,5/10/23 5:15,12.32,-81.22,8.08,,,,
2183,5/10/23 5:30,12.34,-81.41,8.08,,,,
2184,5/10/23 5:45,12.34,-81.38,8.08,,,,
2185,5/10/23 6:00,12.34,-80.89,8.07,,,,
2186,5/10/23 6:15,12.34,-81.71,8.09,,,,
2187,5/10/23 6:30,12.36,-82.03,8.09,,,,
2188,5/10/23 6:45,12.36,-82.14,8.1,,,,
2189,5/10/23 7:00,12.36,-82.82,8.11,,,,
2190,5/10/23 7:15,12.34,-82.69,8.11,,,,
2191,5/10/23 7:30,12.32,-83.28,8.12,,,,
2192,5/10/23 7:45,12.34,-83.46,8.12,,,,
2193,5/10/23 8:00,12.36,-83.66,8.13,,,,
2194,5/10/23 8:15,12.41,-83.02,8.11,,,,
2195,5/10/23 8:30,12.61,-80.03,8.06,,,,
2196,5/10/23 8:45,13.06,-75.3,7.97,,,,
2197,5/10/23 9:00,13.47,-87.85,8.2,,,,
2198,5/10/23 9:15,16.32,148.97,3.82,,,,
2199,5/10/23 9:30,20.46,156.52,3.72,,,,
2200,5/10/23 9:45,17.42,156.58,3.69,,,,
2201,5/10/23 10:00,16.3,156.5,3.68,,,,
2202,5/10/23 10:15,15.7,157.13,3.66,,,,
2203,5/10/23 10:30,15.49,156.11,3.67,,,,
2204,5/10/23 10:45,15.58,154.6,3.7,,,,
2205,5/10/23 11:00,16.39,154.71,3.71,,,,
2206,5/10/23 11:15,17.37,154.55,3.72,,,,
2207,5/10/23 11:30,18.27,154.33,3.74,,,,
2208,5/10/23 11:45,18.41,154.27,3.74,,,,
2209,5/10/23 12:00,18.77,154.22,3.75,,,,
2210,5/10/23 12:15,19.17,154.6,3.74,,,,
2211,5/10/23 12:30,18.91,155.43,3.73,,,,
2212,5/10/23 12:45,19.32,155.05,3.74,,,,
2213,5/10/23 13:00,19.67,154.75,3.75,,,,
2214,5/10/23 13:15,20.01,154.91,3.75,,,,
2215,5/10/23 13:30,20.17,154.99,3.75,,,,
2216,5/10/23 13:45,20.01,154.44,3.76,,,,
2217,5/10/23 14:00,19.86,154.52,3.75,,,,
2218,5/10/23 14:12,,,,Logged,,,
2219,5/10/23 14:12,,,,,Logged,,
2220,5/10/23 14:12,,,,,,Logged,Logged